id_municipio;População total urbana;Volume produzido (1000 m³);Volume coletado (1000 m³);Volume tratado (1000 m³);Relação coletado/produzido;Relação tratado/coletado;Relação tratado/produzido;Ano;Possui dado interpolado
985;8268;392.32;120.64;120.64;0.31;1.0;0.31;2021;False
986;18846;894.24;630.0;630.0;0.7;1.0;0.7;2021;False
987;20504;972.91;479.66;479.66;0.49;1.0;0.49;2021;False
988;2270;107.71;0.0;0.0;0.0;0.0;0.0;2021;False
989;5275;250.3;0.0;0.0;0.0;0.0;0.0;2021;False
990;1633;77.49;0.0;0.0;0.0;0.0;0.0;2021;False
991;201211;9547.46;2677.41;2304.01;0.28;0.86;0.24;2021;False
992;25606;1215.0;0.0;0.0;0.0;0.0;0.0;2021;False
993;1784;84.65;0.0;0.0;0.0;0.0;0.0;2021;False
994;6136;291.15;0.0;0.0;0.0;0.0;0.0;2021;False
995;6998;332.06;0.0;0.0;0.0;0.0;0.0;2021;False
996;7899;374.81;238.77;23.52;0.64;0.1;0.06;2021;False
997;3498;165.98;0.0;0.0;0.0;0.0;0.0;2021;False
998;5616;266.48;0.0;0.0;0.0;0.0;0.0;2021;False
999;2718;128.97;0.0;0.0;0.0;0.0;0.0;2021;False
1000;358023;16988.19;12898.07;12897.63;0.76;1.0;0.76;2021;False
1001;1057;50.15;0.0;0.0;0.0;0.0;0.0;2021;False
1002;19965;947.34;340.77;340.77;0.36;1.0;0.36;2021;False
1003;543404;25784.52;12950.72;12608.72;0.5;0.97;0.49;2021;False
1004;2233;105.96;117.82;117.82;1.11;1.0;1.11;2021;False
1005;3851;182.73;0.0;0.0;0.0;0.0;0.0;2021;False
1006;3115;147.81;500.0;0.0;3.38;0.0;0.0;2021;False
1007;18428;874.41;0.0;0.0;0.0;0.0;0.0;2021;False
1008;9642;457.51;0.0;0.0;0.0;0.0;0.0;2021;False
1009;7038;333.95;154.54;154.54;0.46;1.0;0.46;2021;False
1010;2222;105.43;0.0;0.0;0.0;0.0;0.0;2021;False
1011;9335;442.95;194.35;194.35;0.44;1.0;0.44;2021;False
1012;2708;128.49;0.0;0.0;0.0;0.0;0.0;2021;False
1013;2167;102.82;0.0;0.0;0.0;0.0;0.0;2021;False
1014;4891;232.08;0.0;0.0;0.0;0.0;0.0;2021;False
1015;10512;498.79;0.0;0.0;0.0;0.0;0.0;2021;False
1016;27993;1328.27;613.54;613.52;0.46;1.0;0.46;2021;False
1017;8046;381.78;0.0;0.0;0.0;0.0;0.0;2021;False
1018;23537;1116.83;1178.82;1178.82;1.06;1.0;1.06;2021;False
1019;9137;433.55;0.0;0.0;0.0;0.0;0.0;2021;False
1020;4134;196.16;0.0;0.0;0.0;0.0;0.0;2021;False
1021;3441;163.28;0.0;0.0;0.0;0.0;0.0;2021;False
1022;5250;249.11;172.15;172.15;0.69;1.0;0.69;2021;False
1023;8591;407.64;85.62;0.0;0.21;0.0;0.0;2021;False
1024;2224;105.53;0.0;0.0;0.0;0.0;0.0;2021;False
1025;2954;140.17;0.0;0.0;0.0;0.0;0.0;2021;False
1026;7311;346.91;0.0;0.0;0.0;0.0;0.0;2021;False
1027;11595;550.18;315.2;0.0;0.57;0.0;0.0;2021;False
1028;1206;57.22;0.0;0.0;0.0;0.0;0.0;2021;False
1029;7220;342.59;216.41;216.41;0.63;1.0;0.63;2021;False
1030;14920;707.95;596.01;596.01;0.84;1.0;0.84;2021;False
1031;17429;827.01;633.66;633.64;0.77;1.0;0.77;2021;False
1032;85940;4077.85;2067.0;2067.0;0.51;1.0;0.51;2021;False
1033;3521;167.07;0.0;0.0;0.0;0.0;0.0;2021;False
1034;3306;156.87;0.0;0.0;0.0;0.0;0.0;2021;False
1035;3275;155.4;0.0;0.0;0.0;0.0;0.0;2021;False
1036;11629;551.8;0.0;0.0;0.0;0.0;0.0;2021;False
1037;7118;337.75;0.0;0.0;0.0;0.0;0.0;2021;False
1038;7301;346.43;0.0;0.0;0.0;0.0;0.0;2021;False
1039;18169;862.12;527.18;527.18;0.61;1.0;0.61;2021;False
1040;1377;65.34;0.0;0.0;0.0;0.0;0.0;2021;False
1041;9298;441.19;0.0;0.0;0.0;0.0;0.0;2021;False
1042;3051;144.77;0.0;0.0;0.0;0.0;0.0;2021;False
1043;102109;4845.07;2510.76;2510.76;0.52;1.0;0.52;2021;False
1044;4633;219.84;0.0;0.0;0.0;0.0;0.0;2021;False
1045;8794;417.28;0.0;0.0;0.0;0.0;0.0;2021;False
1046;20231;959.96;1058.26;1058.26;1.1;1.0;1.1;2021;False
1047;7940;376.75;0.0;0.0;0.0;0.0;0.0;2021;False
1048;9748;462.54;1175.0;1175.0;2.54;1.0;2.54;2021;False
1049;67148;3186.17;1127.13;1127.13;0.35;1.0;0.35;2021;False
1050;18754;889.88;0.0;0.0;0.0;0.0;0.0;2021;False
1051;3014;143.01;0.0;0.0;0.0;0.0;0.0;2021;False
1052;2035;96.56;0.0;0.0;0.0;0.0;0.0;2021;False
1053;10133;480.81;0.0;0.0;0.0;0.0;0.0;2021;False
1054;9039;428.9;340.69;340.69;0.79;1.0;0.79;2021;False
1055;55424;2629.87;869.67;869.67;0.33;1.0;0.33;2021;False
1056;2674;126.88;0.0;0.0;0.0;0.0;0.0;2021;False
1057;15472;734.15;0.0;0.0;0.0;0.0;0.0;2021;False
1058;3122;148.14;0.0;0.0;0.0;0.0;0.0;2021;False
1059;2546;120.81;0.0;0.0;0.0;0.0;0.0;2021;False
1060;2981;141.45;0.0;0.0;0.0;0.0;0.0;2021;False
1061;2658;126.12;0.0;0.0;0.0;0.0;0.0;2021;False
1062;1890;89.68;0.0;0.0;0.0;0.0;0.0;2021;False
1063;2236;106.1;0.0;0.0;0.0;0.0;0.0;2021;False
1064;4244;201.38;0.0;0.0;0.0;0.0;0.0;2021;False
1065;6477;307.33;0.0;0.0;0.0;0.0;0.0;2021;False
1066;3320;157.53;0.0;0.0;0.0;0.0;0.0;2021;False
1067;11339;538.04;554.17;554.17;1.03;1.0;1.03;2021;False
1068;2937;139.36;0.0;0.0;0.0;0.0;0.0;2021;False
1069;5893;279.62;0.0;0.0;0.0;0.0;0.0;2021;False
1070;4939;234.36;0.0;0.0;0.0;0.0;0.0;2021;False
1071;12283;582.83;0.0;0.0;0.0;0.0;0.0;2021;False
1072;15724;746.1;0.0;0.0;0.0;0.0;0.0;2021;False
1073;113499;5385.53;4124.02;4124.02;0.77;1.0;0.77;2021;False
1074;3700;175.57;0.0;0.0;0.0;0.0;0.0;2021;False
1075;3542;168.07;0.0;0.0;0.0;0.0;0.0;2021;False
1076;10127;480.53;0.0;0.0;0.0;0.0;0.0;2021;False
1077;5101;242.04;0.0;0.0;0.0;0.0;0.0;2021;False
1078;65049;3086.58;2706.29;2706.29;0.88;1.0;0.88;2021;False
1079;1404574;66647.04;70975.98;60472.93;1.06;0.85;0.91;2021;False
1080;41784;1982.65;669.78;669.78;0.34;1.0;0.34;2021;False
1081;19973;947.72;605.67;605.67;0.64;1.0;0.64;2021;False
1082;30975;1469.76;911.03;911.03;0.62;1.0;0.62;2021;False
1083;5486;260.31;0.0;0.0;0.0;0.0;0.0;2021;False
1084;12826;608.59;328.84;328.84;0.54;1.0;0.54;2021;False
1085;1720;81.61;0.0;0.0;0.0;0.0;0.0;2021;False
1086;3431;162.8;0.0;0.0;0.0;0.0;0.0;2021;False
1087;1517;71.98;0.0;0.0;0.0;0.0;0.0;2021;False
1088;3378;160.29;0.0;0.0;0.0;0.0;0.0;2021;False
1089;20345;965.37;0.0;0.0;0.0;0.0;0.0;2021;False
1090;3115;147.81;0.0;0.0;0.0;0.0;0.0;2021;False
1091;12834;608.97;0.0;0.0;0.0;0.0;0.0;2021;False
1092;5665;268.8;0.0;0.0;0.0;0.0;0.0;2021;False
1093;14412;683.85;0.0;0.0;0.0;0.0;0.0;2021;False
1094;48445;2298.72;1858.78;1858.78;0.81;1.0;0.81;2021;False
1095;24707;1172.35;0.0;0.0;0.0;0.0;0.0;2021;False
1096;2611;123.89;0.0;0.0;0.0;0.0;0.0;2021;False
1097;28415;1348.29;764.66;764.66;0.57;1.0;0.57;2021;False
1098;2502;118.72;0.0;0.0;0.0;0.0;0.0;2021;False
1099;40024;1899.14;1038.74;1038.74;0.55;1.0;0.55;2021;False
1100;4229;200.67;0.0;0.0;0.0;0.0;0.0;2021;False
1101;4680;222.07;0.0;0.0;0.0;0.0;0.0;2021;False
1102;3983;188.99;0.0;0.0;0.0;0.0;0.0;2021;False
1103;21534;1021.79;0.0;0.0;0.0;0.0;0.0;2021;False
1104;3954;187.62;0.0;0.0;0.0;0.0;0.0;2021;False
1105;23111;1096.62;892.19;892.19;0.81;1.0;0.81;2021;False
1106;6624;314.31;0.0;0.0;0.0;0.0;0.0;2021;False
1107;8097;384.2;316.05;316.05;0.82;1.0;0.82;2021;False
1108;96470;4577.5;6358.77;6358.77;1.39;1.0;1.39;2021;False
1109;2072;98.32;0.0;0.0;0.0;0.0;0.0;2021;False
1110;5418;257.08;0.0;0.0;0.0;0.0;0.0;2021;False
1111;47095;2234.66;497.54;497.54;0.22;1.0;0.22;2021;False
1112;93198;4422.25;5176.12;5176.12;1.17;1.0;1.17;2021;False
1113;2566;121.76;0.0;0.0;0.0;0.0;0.0;2021;False
1114;2254;106.95;0.0;0.0;0.0;0.0;0.0;2021;False
1115;6696;317.73;344.45;344.45;1.08;1.0;1.08;2021;False
1116;16492;782.55;637.98;637.98;0.82;1.0;0.82;2021;False
1117;1491;70.75;80.04;80.04;1.13;1.0;1.13;2021;False
1118;6918;328.26;0.0;0.0;0.0;0.0;0.0;2021;False
1119;193802;9195.9;1823.94;1823.93;0.2;1.0;0.2;2021;False
1120;2129;101.02;0.0;0.0;0.0;0.0;0.0;2021;False
1121;8376;397.44;0.0;0.0;0.0;0.0;0.0;2021;False
1122;8337;395.59;243.07;243.07;0.61;1.0;0.61;2021;False
1123;2043;96.94;0.0;0.0;0.0;0.0;0.0;2021;False
1124;3901;185.1;0.0;0.0;0.0;0.0;0.0;2021;False
1125;13153;624.11;0.0;0.0;0.0;0.0;0.0;2021;False
1126;2324;110.27;41.72;41.72;0.38;1.0;0.38;2021;False
1127;25748;1221.74;902.61;902.34;0.74;1.0;0.74;2021;False
1128;62730;2976.54;5800.0;5200.0;1.95;0.9;1.75;2021;False
1129;1328;63.01;0.0;0.0;0.0;0.0;0.0;2021;False
1130;7908;375.23;0.0;0.0;0.0;0.0;0.0;2021;False
1131;7256;344.3;142.57;142.57;0.41;1.0;0.41;2021;False
1132;12581;596.97;270.67;270.67;0.45;1.0;0.45;2021;False
1133;4097;194.4;0.0;0.0;0.0;0.0;0.0;2021;False
1134;42395;2011.64;1612.27;1612.27;0.8;1.0;0.8;2021;False
1135;2001;94.95;0.0;0.0;0.0;0.0;0.0;2021;False
1136;3719;176.47;0.0;0.0;0.0;0.0;0.0;2021;False
1137;14515;688.74;0.0;0.0;0.0;0.0;0.0;2021;False
1138;4099;194.5;0.0;0.0;0.0;0.0;0.0;2021;False
1139;3384;160.57;0.0;0.0;0.0;0.0;0.0;2021;False
1140;8464;401.62;0.0;0.0;0.0;0.0;0.0;2021;False
1141;27927;1325.14;0.0;0.0;0.0;0.0;0.0;2021;False
1142;42494;2016.34;584.91;584.91;0.29;1.0;0.29;2021;False
1143;2132;101.16;0.0;0.0;0.0;0.0;0.0;2021;False
1144;2018;95.75;0.0;0.0;0.0;0.0;0.0;2021;False
1145;11755;557.77;0.0;0.0;0.0;0.0;0.0;2021;False
1146;7280;345.44;0.0;0.0;0.0;0.0;0.0;2021;False
1147;2653;125.88;0.0;0.0;0.0;0.0;0.0;2021;False
1148;2896;137.42;0.0;0.0;0.0;0.0;0.0;2021;False
1149;9203;436.68;0.0;0.0;0.0;0.0;0.0;2021;False
1150;2505;118.86;0.0;0.0;0.0;0.0;0.0;2021;False
1151;108031;5126.07;1318.31;1318.31;0.26;1.0;0.26;2021;False
1152;4146;196.73;0.0;0.0;0.0;0.0;0.0;2021;False
1153;14296;678.35;0.0;0.0;0.0;0.0;0.0;2021;False
1154;3321;157.58;0.0;0.0;0.0;0.0;0.0;2021;False
1155;6225;295.38;0.0;0.0;0.0;0.0;0.0;2021;False
1156;31611;1499.94;521.36;521.36;0.35;1.0;0.35;2021;False
1157;3133;148.66;0.0;0.0;0.0;0.0;0.0;2021;False
1158;27010;1281.62;1303.81;1303.79;1.02;1.0;1.02;2021;False
1159;2150;102.02;0.0;0.0;0.0;0.0;0.0;2021;False
1160;3230;153.26;0.0;0.0;0.0;0.0;0.0;2021;False
1161;2338;110.94;0.0;0.0;0.0;0.0;0.0;2021;False
1162;9228;437.87;168.0;164.7;0.38;0.98;0.38;2021;False
1163;9921;470.75;572.88;572.88;1.22;1.0;1.22;2021;False
1164;2849;135.19;0.0;0.0;0.0;0.0;0.0;2021;False
1165;9245;438.68;0.0;0.0;0.0;0.0;0.0;2021;False
1166;1927;91.44;0.0;0.0;0.0;0.0;0.0;2021;False
1167;22159;1051.44;944.62;944.62;0.9;1.0;0.9;2021;False
1168;9174;435.31;0.0;0.0;0.0;0.0;0.0;2021;False
1169;22769;1080.39;0.0;0.0;0.0;0.0;0.0;2021;False
1170;28810;1367.03;548.49;548.49;0.4;1.0;0.4;2021;False
1171;82475;3913.44;2731.19;2731.19;0.7;1.0;0.7;2021;False
1172;16161;766.84;780.54;780.54;1.02;1.0;1.02;2021;False
1173;41412;1965.0;808.04;808.04;0.41;1.0;0.41;2021;False
1174;3592;170.44;0.0;0.0;0.0;0.0;0.0;2021;False
1175;3640;172.72;0.0;0.0;0.0;0.0;0.0;2021;False
1176;34241;1624.74;934.9;934.82;0.58;1.0;0.58;2021;False
1177;2899;137.56;0.0;0.0;0.0;0.0;0.0;2021;False
1178;46339;2198.79;2359.61;2359.61;1.07;1.0;1.07;2021;False
1179;9896;469.57;0.0;0.0;0.0;0.0;0.0;2021;False
1180;4362;206.98;0.0;0.0;0.0;0.0;0.0;2021;False
1181;4268;202.52;120.0;120.0;0.59;1.0;0.59;2021;False
1182;223250;10593.21;9567.86;9567.84;0.9;1.0;0.9;2021;False
1183;18068;857.33;701.72;701.72;0.82;1.0;0.82;2021;False
1184;6889;326.88;214.74;214.25;0.66;1.0;0.66;2021;False
1185;6050;287.07;0.0;0.0;0.0;0.0;0.0;2021;False
1186;2511;119.15;0.0;0.0;0.0;0.0;0.0;2021;False
1187;5042;239.24;0.0;0.0;0.0;0.0;0.0;2021;False
1188;35178;1669.2;2134.8;2134.31;1.28;1.0;1.28;2021;False
1189;3449;163.66;0.0;0.0;0.0;0.0;0.0;2021;False
1190;8225;390.28;0.0;0.0;0.0;0.0;0.0;2021;False
1191;3040;144.25;0.0;0.0;0.0;0.0;0.0;2021;False
1192;1986;94.24;0.0;0.0;0.0;0.0;0.0;2021;False
1193;2895;137.37;0.0;0.0;0.0;0.0;0.0;2021;False
1194;7571;359.24;0.0;0.0;0.0;0.0;0.0;2021;False
1195;4411;209.3;0.0;0.0;0.0;0.0;0.0;2021;False
1196;5952;282.42;0.0;0.0;0.0;0.0;0.0;2021;False
1197;69406;3293.31;1350.19;1350.19;0.41;1.0;0.41;2021;False
1198;12013;570.02;0.0;0.0;0.0;0.0;0.0;2021;False
1199;5656;268.38;0.0;0.0;0.0;0.0;0.0;2021;False
1200;13022;617.89;0.0;0.0;0.0;0.0;0.0;2021;False
1201;1184;56.18;77.1;77.1;1.37;1.0;1.37;2021;False
1202;31139;1477.55;0.0;0.0;0.0;0.0;0.0;2021;False
1203;4751;225.43;0.0;0.0;0.0;0.0;0.0;2021;False
1204;19727;936.05;384.3;384.3;0.41;1.0;0.41;2021;False
1205;3706;175.85;0.0;0.0;0.0;0.0;0.0;2021;False
1206;1841;87.36;0.0;0.0;0.0;0.0;0.0;2021;False
1207;19248;913.32;0.0;0.0;0.0;0.0;0.0;2021;False
1208;109654;5203.08;101.74;101.74;0.02;1.0;0.02;2021;False
1209;7888;374.29;0.0;0.0;0.0;0.0;0.0;2021;False
1210;18904;896.99;653.56;653.56;0.73;1.0;0.73;2021;False
1211;6225;295.38;0.0;0.0;0.0;0.0;0.0;2021;False
1212;2744;130.2;0.0;0.0;0.0;0.0;0.0;2021;False
1213;3165;150.18;0.0;0.0;0.0;0.0;0.0;2021;False
1214;3194;151.56;0.0;0.0;0.0;0.0;0.0;2021;False
1215;7517;356.68;235.37;235.37;0.66;1.0;0.66;2021;False
1216;2555;121.23;0.0;0.0;0.0;0.0;0.0;2021;False
1217;119188;5655.47;3350.11;3350.08;0.59;1.0;0.59;2021;False
1218;3157;149.8;0.0;0.0;0.0;0.0;0.0;2021;False
1219;4086;193.88;0.0;0.0;0.0;0.0;0.0;2021;False
1220;4918;233.36;0.0;0.0;0.0;0.0;0.0;2021;False
1221;2554;121.19;0.0;0.0;0.0;0.0;0.0;2021;False
1222;37154;1762.96;1171.22;1171.22;0.66;1.0;0.66;2021;False
1223;12455;590.99;21.97;0.0;0.04;0.0;0.0;2021;False
1224;2759;130.91;0.0;0.0;0.0;0.0;0.0;2021;False
1225;158657;7528.27;3026.98;3026.96;0.4;1.0;0.4;2021;False
1226;3474;164.84;0.0;0.0;0.0;0.0;0.0;2021;False
1227;12720;603.56;0.0;0.0;0.0;0.0;0.0;2021;False
1228;8127;385.63;0.0;0.0;0.0;0.0;0.0;2021;False
1229;5824;276.35;0.0;0.0;0.0;0.0;0.0;2021;False
1230;5364;254.52;0.0;0.0;0.0;0.0;0.0;2021;False
985;8088;383.78;116.5;116.5;0.3;1.0;0.3;2020;False
986;18474;876.59;630.0;630.0;0.72;1.0;0.72;2020;False
987;20356;965.89;486.86;486.86;0.5;1.0;0.5;2020;False
988;2271;107.76;0.0;0.0;0.0;0.0;0.0;2020;False
989;5230;248.16;0.0;0.0;0.0;0.0;0.0;2020;False
990;1652;78.39;0.0;0.0;0.0;0.0;0.0;2020;False
991;196559;9326.72;2526.84;2175.86;0.27;0.86;0.23;2020;False
992;25290;1200.01;0.0;0.0;0.0;0.0;0.0;2020;False
993;1793;85.08;0.0;0.0;0.0;0.0;0.0;2020;False
994;5963;282.94;50.0;0.0;0.18;0.0;0.0;2020;False
995;6941;329.35;0.0;0.0;0.0;0.0;0.0;2020;False
996;7859;372.91;156.83;19.26;0.42;0.12;0.05;2020;False
997;3471;164.7;0.0;0.0;0.0;0.0;0.0;2020;False
998;5565;264.06;0.0;0.0;0.0;0.0;0.0;2020;False
999;2771;131.48;0.0;0.0;0.0;0.0;0.0;2020;False
1000;353730;16784.49;12160.19;12158.97;0.72;1.0;0.72;2020;False
1001;1047;49.68;0.0;0.0;0.0;0.0;0.0;2020;False
1002;19846;941.69;344.85;344.85;0.37;1.0;0.37;2020;False
1003;532842;25283.35;12159.76;11832.67;0.48;0.97;0.47;2020;False
1004;2233;105.96;114.73;114.73;1.08;1.0;1.08;2020;False
1005;3821;181.31;0.0;0.0;0.0;0.0;0.0;2020;False
1006;3147;149.33;500.0;0.0;3.35;0.0;0.0;2020;False
1007;18304;868.52;0.0;0.0;0.0;0.0;0.0;2020;False
1008;9476;449.64;0.0;0.0;0.0;0.0;0.0;2020;False
1009;7027;333.43;150.88;150.88;0.45;1.0;0.45;2020;False
1010;2289;108.61;0.0;0.0;0.0;0.0;0.0;2020;False
1011;9128;433.12;196.83;196.83;0.45;1.0;0.45;2020;False
1012;2761;131.01;0.0;0.0;0.0;0.0;0.0;2020;False
1013;2175;103.2;0.0;0.0;0.0;0.0;0.0;2020;False
1014;4767;226.19;0.0;0.0;0.0;0.0;0.0;2020;False
1015;10300;488.74;0.0;0.0;0.0;0.0;0.0;2020;False
1016;27531;1306.35;605.41;605.41;0.46;1.0;0.46;2020;False
1017;8007;379.93;0.0;0.0;0.0;0.0;0.0;2020;False
1018;23157;1098.8;1205.01;1205.01;1.1;1.0;1.1;2020;False
1019;8955;424.91;0.0;0.0;0.0;0.0;0.0;2020;False
1020;4056;192.46;0.0;0.0;0.0;0.0;0.0;2020;False
1021;3382;160.48;0.0;0.0;0.0;0.0;0.0;2020;False
1022;5234;248.35;161.52;161.52;0.65;1.0;0.65;2020;False
1023;8563;406.31;87.34;0.0;0.21;0.0;0.0;2020;False
1024;2235;106.05;0.0;0.0;0.0;0.0;0.0;2020;False
1025;2964;140.64;0.0;0.0;0.0;0.0;0.0;2020;False
1026;7264;344.68;0.0;0.0;0.0;0.0;0.0;2020;False
1027;11436;542.64;337.39;0.0;0.62;0.0;0.0;2020;False
1028;1211;57.46;0.0;0.0;0.0;0.0;0.0;2020;False
1029;7251;344.06;226.1;226.1;0.66;1.0;0.66;2020;False
1030;14690;697.04;591.05;591.05;0.85;1.0;0.85;2020;False
1031;17251;818.56;631.6;631.6;0.77;1.0;0.77;2020;False
1032;84146;3992.73;2258.0;2258.0;0.57;1.0;0.57;2020;False
1033;3474;164.84;0.0;0.0;0.0;0.0;0.0;2020;False
1034;3294;156.3;0.0;0.0;0.0;0.0;0.0;2020;False
1035;3279;155.59;0.0;0.0;0.0;0.0;0.0;2020;False
1036;11524;546.81;0.0;0.0;0.0;0.0;0.0;2020;False
1037;6986;331.49;0.0;0.0;0.0;0.0;0.0;2020;False
1038;7169;340.17;0.0;0.0;0.0;0.0;0.0;2020;False
1039;18064;857.14;543.2;543.2;0.63;1.0;0.63;2020;False
1040;1652;78.39;0.0;0.0;0.0;0.0;0.0;2020;False
1041;9196;436.35;0.0;0.0;0.0;0.0;0.0;2020;False
1042;3076;145.96;0.0;0.0;0.0;0.0;0.0;2020;False
1043;100206;4754.77;3067.0;2453.6;0.65;0.8;0.52;2020;False
1044;4605;218.51;0.0;0.0;0.0;0.0;0.0;2020;False
1045;8780;416.61;0.0;0.0;0.0;0.0;0.0;2020;False
1046;20140;955.64;1031.51;1031.51;1.08;1.0;1.08;2020;False
1047;7857;372.81;0.0;0.0;0.0;0.0;0.0;2020;False
1048;9467;449.21;943.0;943.0;2.1;1.0;2.1;2020;False
1049;65812;3122.78;1085.88;1085.88;0.35;1.0;0.35;2020;False
1050;18513;878.44;0.0;0.0;0.0;0.0;0.0;2020;False
1051;3033;143.92;0.0;0.0;0.0;0.0;0.0;2020;False
1052;2067;98.08;0.0;0.0;0.0;0.0;0.0;2020;False
1053;10084;478.49;0.0;0.0;0.0;0.0;0.0;2020;False
1054;8910;422.78;339.54;339.54;0.8;1.0;0.8;2020;False
1055;54363;2579.52;822.97;822.97;0.32;1.0;0.32;2020;False
1056;2676;126.98;0.0;0.0;0.0;0.0;0.0;2020;False
1057;15389;730.21;0.0;0.0;0.0;0.0;0.0;2020;False
1058;3134;148.71;0.0;0.0;0.0;0.0;0.0;2020;False
1059;2561;121.52;0.0;0.0;0.0;0.0;0.0;2020;False
1060;2984;141.59;0.0;0.0;0.0;0.0;0.0;2020;False
1061;2666;126.5;0.0;0.0;0.0;0.0;0.0;2020;False
1062;1890;89.68;0.0;0.0;0.0;0.0;0.0;2020;False
1063;2238;106.19;0.0;0.0;0.0;0.0;0.0;2020;False
1064;4314;204.7;0.0;0.0;0.0;0.0;0.0;2020;False
1065;6543;310.47;0.0;0.0;0.0;0.0;0.0;2020;False
1066;3329;157.96;0.0;0.0;0.0;0.0;0.0;2020;False
1067;11256;534.1;541.03;541.03;1.01;1.0;1.01;2020;False
1068;2947;139.84;0.0;0.0;0.0;0.0;0.0;2020;False
1069;5937;281.71;0.0;0.0;0.0;0.0;0.0;2020;False
1070;5013;237.87;0.0;0.0;0.0;0.0;0.0;2020;False
1071;12143;576.19;0.0;0.0;0.0;0.0;0.0;2020;False
1072;15353;728.5;0.0;0.0;0.0;0.0;0.0;2020;False
1073;111674;5298.93;3963.79;3963.79;0.75;1.0;0.75;2020;False
1074;3766;178.7;0.0;0.0;0.0;0.0;0.0;2020;False
1075;3503;166.22;0.0;0.0;0.0;0.0;0.0;2020;False
1076;10134;480.86;0.0;0.0;0.0;0.0;0.0;2020;False
1077;5078;240.95;0.0;0.0;0.0;0.0;0.0;2020;False
1078;64173;3045.01;2628.88;2628.88;0.86;1.0;0.86;2020;False
1079;1386941;65810.35;69859.16;59401.24;1.06;0.85;0.9;2020;False
1080;40897;1940.56;676.21;676.21;0.35;1.0;0.35;2020;False
1081;20207;958.82;608.1;608.1;0.63;1.0;0.63;2020;False
1082;30880;1465.26;907.56;907.56;0.62;1.0;0.62;2020;False
1083;5406;256.51;0.0;0.0;0.0;0.0;0.0;2020;False
1084;12827;608.64;325.51;325.51;0.53;1.0;0.53;2020;False
1085;1761;83.56;0.0;0.0;0.0;0.0;0.0;2020;False
1086;3472;164.75;0.0;0.0;0.0;0.0;0.0;2020;False
1087;1568;74.4;0.0;0.0;0.0;0.0;0.0;2020;False
1088;3370;159.91;0.0;0.0;0.0;0.0;0.0;2020;False
1089;19975;947.81;0.0;0.0;0.0;0.0;0.0;2020;False
1090;3167;150.27;0.0;0.0;0.0;0.0;0.0;2020;False
1091;12714;603.28;0.0;0.0;0.0;0.0;0.0;2020;False
1092;5629;267.1;0.0;0.0;0.0;0.0;0.0;2020;False
1093;14254;676.35;0.0;0.0;0.0;0.0;0.0;2020;False
1094;48087;2281.73;1904.43;1904.43;0.83;1.0;0.83;2020;False
1095;24535;1164.19;0.0;0.0;0.0;0.0;0.0;2020;False
1096;2612;123.94;0.0;0.0;0.0;0.0;0.0;2020;False
1097;28440;1349.48;762.42;762.42;0.56;1.0;0.56;2020;False
1098;2515;119.34;0.0;0.0;0.0;0.0;0.0;2020;False
1099;39386;1868.87;1039.24;1039.24;0.56;1.0;0.56;2020;False
1100;4230;200.71;0.0;0.0;0.0;0.0;0.0;2020;False
1101;4700;223.02;0.0;0.0;0.0;0.0;0.0;2020;False
1102;4040;191.7;200.0;0.0;1.04;0.0;0.0;2020;False
1103;21146;1003.38;0.0;0.0;0.0;0.0;0.0;2020;False
1104;4230;200.71;0.0;0.0;0.0;0.0;0.0;2020;False
1105;23187;1100.22;879.12;879.12;0.8;1.0;0.8;2020;False
1106;6554;310.99;0.0;0.0;0.0;0.0;0.0;2020;False
1107;8089;383.82;318.7;318.7;0.83;1.0;0.83;2020;False
1108;95534;4533.09;6331.7;5774.51;1.4;0.91;1.27;2020;False
1109;2107;99.98;0.0;0.0;0.0;0.0;0.0;2020;False
1110;5439;258.08;0.0;0.0;0.0;0.0;0.0;2020;False
1111;46353;2199.45;508.72;508.72;0.23;1.0;0.23;2020;False
1112;92154;4372.71;5010.75;5010.75;1.15;1.0;1.15;2020;False
1113;2582;122.52;0.0;0.0;0.0;0.0;0.0;2020;False
1114;2262;107.33;0.0;0.0;0.0;0.0;0.0;2020;False
1115;6683;317.11;348.89;348.89;1.1;1.0;1.1;2020;False
1116;16587;787.05;627.42;627.42;0.8;1.0;0.8;2020;False
1117;1463;69.42;78.83;78.83;1.14;1.0;1.14;2020;False
1118;6908;327.78;0.0;0.0;0.0;0.0;0.0;2020;False
1119;190970;9061.53;1734.36;1734.36;0.19;1.0;0.19;2020;False
1120;2133;101.21;0.0;0.0;0.0;0.0;0.0;2020;False
1121;8199;389.04;0.0;0.0;0.0;0.0;0.0;2020;False
1122;8453;401.09;247.96;247.95;0.62;1.0;0.62;2020;False
1123;2031;96.37;0.0;0.0;0.0;0.0;0.0;2020;False
1124;3914;185.72;0.0;0.0;0.0;0.0;0.0;2020;False
1125;12935;613.77;0.0;0.0;0.0;0.0;0.0;2020;False
1126;2332;110.65;44.13;44.13;0.4;1.0;0.4;2020;False
1127;25997;1233.56;806.67;806.67;0.65;1.0;0.65;2020;False
1128;61536;2919.88;5260.0;5200.0;1.8;0.99;1.78;2020;False
1129;1355;64.29;0.0;0.0;0.0;0.0;0.0;2020;False
1130;7840;372.01;0.0;0.0;0.0;0.0;0.0;2020;False
1131;7265;344.72;138.05;138.05;0.4;1.0;0.4;2020;False
1132;12344;585.72;270.6;270.6;0.46;1.0;0.46;2020;False
1133;4071;193.17;0.0;0.0;0.0;0.0;0.0;2020;False
1134;42028;1994.23;1602.21;1602.21;0.8;1.0;0.8;2020;False
1135;2015;95.61;0.0;0.0;0.0;0.0;0.0;2020;False
1136;3797;180.17;0.0;0.0;0.0;0.0;0.0;2020;False
1137;14329;679.91;0.0;0.0;0.0;0.0;0.0;2020;False
1138;4255;201.9;0.0;0.0;0.0;0.0;0.0;2020;False
1139;3398;161.24;0.0;0.0;0.0;0.0;0.0;2020;False
1140;8360;396.68;0.0;0.0;0.0;0.0;0.0;2020;False
1141;27443;1302.17;0.0;0.0;0.0;0.0;0.0;2020;False
1142;42192;2002.01;578.6;578.6;0.29;1.0;0.29;2020;False
1143;2128;100.97;0.0;0.0;0.0;0.0;0.0;2020;False
1144;2006;95.18;0.0;0.0;0.0;0.0;0.0;2020;False
1145;11688;554.6;0.0;0.0;0.0;0.0;0.0;2020;False
1146;7324;347.52;0.0;0.0;0.0;0.0;0.0;2020;False
1147;2649;125.7;0.0;0.0;0.0;0.0;0.0;2020;False
1148;2921;138.6;0.0;0.0;0.0;0.0;0.0;2020;False
1149;9045;429.19;0.0;0.0;0.0;0.0;0.0;2020;False
1150;2566;121.76;0.0;0.0;0.0;0.0;0.0;2020;False
1151;106274;5042.7;1303.27;1303.27;0.26;1.0;0.26;2020;False
1152;4102;194.64;0.0;0.0;0.0;0.0;0.0;2020;False
1153;14198;673.7;0.0;0.0;0.0;0.0;0.0;2020;False
1154;3361;159.48;0.0;0.0;0.0;0.0;0.0;2020;False
1155;6123;290.54;0.0;0.0;0.0;0.0;0.0;2020;False
1156;31086;1475.03;510.93;510.93;0.35;1.0;0.35;2020;False
1157;3130;148.52;0.0;0.0;0.0;0.0;0.0;2020;False
1158;26538;1259.23;1253.78;1253.78;1.0;1.0;1.0;2020;False
1159;2149;101.97;0.0;0.0;0.0;0.0;0.0;2020;False
1160;3234;153.45;0.0;0.0;0.0;0.0;0.0;2020;False
1161;2350;111.51;0.0;0.0;0.0;0.0;0.0;2020;False
1162;9155;434.4;168.0;164.7;0.39;0.98;0.38;2020;False
1163;9913;470.37;571.84;571.84;1.22;1.0;1.22;2020;False
1164;2837;134.62;0.0;0.0;0.0;0.0;0.0;2020;False
1165;9264;439.58;0.0;0.0;0.0;0.0;0.0;2020;False
1166;1980;93.95;0.0;0.0;0.0;0.0;0.0;2020;False
1167;22164;1051.68;947.19;947.19;0.9;1.0;0.9;2020;False
1168;9274;440.05;0.0;0.0;0.0;0.0;0.0;2020;False
1169;22630;1073.79;0.0;0.0;0.0;0.0;0.0;2020;False
1170;28609;1357.5;544.98;544.98;0.4;1.0;0.4;2020;False
1171;81838;3883.21;2264.97;2264.97;0.58;1.0;0.58;2020;False
1172;16125;765.13;756.22;756.22;0.99;1.0;0.99;2020;False
1173;41202;1955.03;422.25;422.25;0.22;1.0;0.22;2020;False
1174;3549;168.4;0.0;0.0;0.0;0.0;0.0;2020;False
1175;3631;172.29;0.0;0.0;0.0;0.0;0.0;2020;False
1176;33781;1602.91;927.74;927.74;0.58;1.0;0.58;2020;False
1177;2891;137.18;0.0;0.0;0.0;0.0;0.0;2020;False
1178;45777;2172.12;2329.37;2329.37;1.07;1.0;1.07;2020;False
1179;9877;468.66;0.0;0.0;0.0;0.0;0.0;2020;False
1180;4349;206.36;0.0;0.0;0.0;0.0;0.0;2020;False
1181;4164;197.58;120.0;120.0;0.61;1.0;0.61;2020;False
1182;218066;10347.23;7619.49;7619.49;0.74;1.0;0.74;2020;False
1183;18010;854.57;714.87;714.87;0.84;1.0;0.84;2020;False
1184;6890;326.93;210.51;210.51;0.64;1.0;0.64;2020;False
1185;5989;284.18;0.0;0.0;0.0;0.0;0.0;2020;False
1186;2545;120.76;0.0;0.0;0.0;0.0;0.0;2020;False
1187;4986;236.59;0.0;0.0;0.0;0.0;0.0;2020;False
1188;35039;1662.6;2136.72;2136.72;1.29;1.0;1.29;2020;False
1189;3444;163.42;0.0;0.0;0.0;0.0;0.0;2020;False
1190;8067;382.78;0.0;0.0;0.0;0.0;0.0;2020;False
1191;3029;143.73;0.0;0.0;0.0;0.0;0.0;2020;False
1192;2033;96.47;0.0;0.0;0.0;0.0;0.0;2020;False
1193;2961;140.5;0.0;0.0;0.0;0.0;0.0;2020;False
1194;7730;366.79;0.0;0.0;0.0;0.0;0.0;2020;False
1195;4382;207.93;0.0;0.0;0.0;0.0;0.0;2020;False
1196;5814;275.87;0.0;0.0;0.0;0.0;0.0;2020;False
1197;68466;3248.71;1358.93;1358.93;0.42;1.0;0.42;2020;False
1198;11830;561.33;0.0;0.0;0.0;0.0;0.0;2020;False
1199;5658;268.47;0.0;0.0;0.0;0.0;0.0;2020;False
1200;12717;603.42;0.0;0.0;0.0;0.0;0.0;2020;False
1201;1214;57.6;76.08;76.08;1.32;1.0;1.32;2020;False
1202;30840;1463.36;0.0;0.0;0.0;0.0;0.0;2020;False
1203;4708;223.39;0.0;0.0;0.0;0.0;0.0;2020;False
1204;19791;939.08;391.76;391.76;0.42;1.0;0.42;2020;False
1205;3685;174.85;0.0;0.0;0.0;0.0;0.0;2020;False
1206;1839;87.26;0.0;0.0;0.0;0.0;0.0;2020;False
1207;18947;899.04;0.0;0.0;0.0;0.0;0.0;2020;False
1208;106949;5074.73;660.17;162.52;0.13;0.25;0.03;2020;False
1209;7802;370.2;0.0;0.0;0.0;0.0;0.0;2020;False
1210;18794;891.78;632.64;632.64;0.71;1.0;0.71;2020;False
1211;6211;294.71;0.0;0.0;0.0;0.0;0.0;2020;False
1212;2709;128.54;0.0;0.0;0.0;0.0;0.0;2020;False
1213;3179;150.84;0.0;0.0;0.0;0.0;0.0;2020;False
1214;3158;149.85;0.0;0.0;0.0;0.0;0.0;2020;False
1215;7391;350.7;237.66;0.0;0.68;0.0;0.0;2020;False
1216;2555;121.23;0.0;0.0;0.0;0.0;0.0;2020;False
1217;117217;5561.95;3123.87;3123.87;0.56;1.0;0.56;2020;False
1218;3158;149.85;0.0;0.0;0.0;0.0;0.0;2020;False
1219;4120;195.49;0.0;0.0;0.0;0.0;0.0;2020;False
1220;4844;229.85;0.0;0.0;0.0;0.0;0.0;2020;False
1221;2564;121.66;0.0;0.0;0.0;0.0;0.0;2020;False
1222;36874;1749.67;1137.37;1137.37;0.65;1.0;0.65;2020;False
1223;12476;591.99;21.22;0.0;0.04;0.0;0.0;2020;False
1224;2768;131.34;0.0;0.0;0.0;0.0;0.0;2020;False
1225;155420;7374.68;2887.24;2887.24;0.39;1.0;0.39;2020;False
1226;3465;164.41;0.0;0.0;0.0;0.0;0.0;2020;False
1227;12619;598.77;0.0;0.0;0.0;0.0;0.0;2020;False
1228;8011;380.12;0.0;0.0;0.0;0.0;0.0;2020;False
1229;5699;270.42;0.0;0.0;0.0;0.0;0.0;2020;False
1230;5310;251.96;0.0;0.0;0.0;0.0;0.0;2020;False
985;7921;375.85;109.75;109.75;0.29;1.0;0.29;2019;False
986;18095;858.61;700.8;700.8;0.82;1.0;0.82;2019;False
987;20194;958.21;473.55;473.55;0.49;1.0;0.49;2019;False
988;2271;107.76;0.0;0.0;0.0;0.0;0.0;2019;False
989;5178;245.7;0.0;0.0;0.0;0.0;0.0;2019;False
990;1670;79.24;0.0;0.0;0.0;0.0;0.0;2019;False
991;191812;9101.48;1954.58;1634.42;0.21;0.84;0.18;2019;False
992;24967;1184.68;0.0;0.0;0.0;0.0;0.0;2019;False
993;1801;85.46;0.0;0.0;0.0;0.0;0.0;2019;False
994;5791;274.78;10.0;0.0;0.04;0.0;0.0;2019;False
995;6883;326.6;0.0;0.0;0.0;0.0;0.0;2019;False
996;7819;371.01;106.91;3.06;0.29;0.03;0.01;2019;False
997;3441;163.28;50.0;0.0;0.31;0.0;0.0;2019;False
998;5517;261.78;0.0;0.0;0.0;0.0;0.0;2019;False
999;2822;133.9;0.0;0.0;0.0;0.0;0.0;2019;False
1000;349352;16576.75;11123.2;11123.2;0.67;1.0;0.67;2019;False
1001;1037;49.21;0.0;0.0;0.0;0.0;0.0;2019;False
1002;19728;936.09;339.21;339.21;0.36;1.0;0.36;2019;False
1003;522037;24770.66;9149.64;8548.94;0.37;0.93;0.35;2019;False
1004;2233;105.96;108.68;108.68;1.03;1.0;1.03;2019;False
1005;3790;179.84;0.0;0.0;0.0;0.0;0.0;2019;False
1006;3180;150.89;0.0;0.0;0.0;0.0;0.0;2019;False
1007;18164;861.88;0.0;0.0;0.0;0.0;0.0;2019;False
1008;9307;441.62;0.0;0.0;0.0;0.0;0.0;2019;False
1009;7015;332.86;147.4;147.4;0.44;1.0;0.44;2019;False
1010;2358;111.89;0.0;0.0;0.0;0.0;0.0;2019;False
1011;8916;423.06;189.58;189.58;0.45;1.0;0.45;2019;False
1012;2817;133.67;0.0;0.0;0.0;0.0;0.0;2019;False
1013;2182;103.54;0.0;0.0;0.0;0.0;0.0;2019;False
1014;4639;220.12;0.0;0.0;0.0;0.0;0.0;2019;False
1015;10082;478.39;0.0;0.0;0.0;0.0;0.0;2019;False
1016;27064;1284.19;582.48;582.48;0.45;1.0;0.45;2019;False
1017;7982;378.75;0.0;0.0;0.0;0.0;0.0;2019;False
1018;22767;1080.29;1163.4;1163.4;1.08;1.0;1.08;2019;False
1019;8763;415.8;0.0;0.0;0.0;0.0;0.0;2019;False
1020;3977;188.71;0.0;0.0;0.0;0.0;0.0;2019;False
1021;3343;158.63;0.0;0.0;0.0;0.0;0.0;2019;False
1022;5217;247.55;151.96;151.96;0.61;1.0;0.61;2019;False
1023;8540;405.22;88.25;88.25;0.22;1.0;0.22;2019;False
1024;2246;106.57;0.0;0.0;0.0;0.0;0.0;2019;False
1025;2972;141.02;0.0;0.0;0.0;0.0;0.0;2019;False
1026;7216;342.4;0.0;0.0;0.0;0.0;0.0;2019;False
1027;11271;534.81;320.71;0.0;0.6;0.0;0.0;2019;False
1028;1219;57.84;0.0;0.0;0.0;0.0;0.0;2019;False
1029;7283;345.58;221.38;221.38;0.64;1.0;0.64;2019;False
1030;14454;685.84;565.58;565.58;0.82;1.0;0.82;2019;False
1031;17076;810.26;601.12;601.12;0.74;1.0;0.74;2019;False
1032;82310;3905.61;5165.0;5165.0;1.32;1.0;1.32;2019;False
1033;3434;162.94;0.0;0.0;0.0;0.0;0.0;2019;False
1034;3277;155.49;0.0;0.0;0.0;0.0;0.0;2019;False
1035;3286;155.92;0.0;0.0;0.0;0.0;0.0;2019;False
1036;11400;540.93;0.0;0.0;0.0;0.0;0.0;2019;False
1037;6852;325.13;0.0;0.0;0.0;0.0;0.0;2019;False
1038;7032;333.67;0.0;0.0;0.0;0.0;0.0;2019;False
1039;17955;851.96;532.32;532.32;0.62;1.0;0.62;2019;False
1040;1933;91.72;0.0;0.0;0.0;0.0;0.0;2019;False
1041;9103;431.94;0.0;0.0;0.0;0.0;0.0;2019;False
1042;3101;147.14;0.0;0.0;0.0;0.0;0.0;2019;False
1043;98256;4662.25;3034.19;2414.86;0.65;0.8;0.52;2019;False
1044;4577;217.18;0.0;0.0;0.0;0.0;0.0;2019;False
1045;8766;415.95;0.0;0.0;0.0;0.0;0.0;2019;False
1046;20036;950.71;1012.31;1012.31;1.06;1.0;1.06;2019;False
1047;7770;368.69;0.0;0.0;0.0;0.0;0.0;2019;False
1048;9179;435.54;899.0;899.0;2.06;1.0;2.06;2019;False
1049;64445;3057.92;1039.09;1039.09;0.34;1.0;0.34;2019;False
1050;18274;867.1;0.0;0.0;0.0;0.0;0.0;2019;False
1051;3053;144.86;0.0;0.0;0.0;0.0;0.0;2019;False
1052;2101;99.69;0.0;0.0;0.0;0.0;0.0;2019;False
1053;10031;475.97;0.0;0.0;0.0;0.0;0.0;2019;False
1054;8778;416.52;332.43;332.43;0.8;1.0;0.8;2019;False
1055;53268;2527.57;755.84;755.84;0.3;1.0;0.3;2019;False
1056;2678;127.07;0.0;0.0;0.0;0.0;0.0;2019;False
1057;15303;726.13;0.0;0.0;0.0;0.0;0.0;2019;False
1058;3147;149.33;0.0;0.0;0.0;0.0;0.0;2019;False
1059;2576;122.23;0.0;0.0;0.0;0.0;0.0;2019;False
1060;2989;141.83;0.0;0.0;0.0;0.0;0.0;2019;False
1061;2652;125.84;0.0;0.0;0.0;0.0;0.0;2019;False
1062;1890;89.68;0.0;0.0;0.0;0.0;0.0;2019;False
1063;2242;106.38;0.0;0.0;0.0;0.0;0.0;2019;False
1064;4337;205.79;0.0;0.0;0.0;0.0;0.0;2019;False
1065;6611;313.69;0.0;0.0;0.0;0.0;0.0;2019;False
1066;3339;158.44;0.0;0.0;0.0;0.0;0.0;2019;False
1067;11170;530.02;523.45;523.45;0.99;1.0;0.99;2019;False
1068;2956;140.26;0.0;0.0;0.0;0.0;0.0;2019;False
1069;5983;283.89;0.0;0.0;0.0;0.0;0.0;2019;False
1070;5089;241.47;0.0;0.0;0.0;0.0;0.0;2019;False
1071;12001;569.45;0.0;0.0;0.0;0.0;0.0;2019;False
1072;14949;709.33;0.0;0.0;0.0;0.0;0.0;2019;False
1073;109807;5210.34;3836.93;3836.93;0.74;1.0;0.74;2019;False
1074;3835;181.97;0.0;0.0;0.0;0.0;0.0;2019;False
1075;3447;163.56;0.0;0.0;0.0;0.0;0.0;2019;False
1076;10140;481.14;0.0;0.0;0.0;0.0;0.0;2019;False
1077;5056;239.91;0.0;0.0;0.0;0.0;0.0;2019;False
1078;63278;3002.54;2524.55;2524.55;0.84;1.0;0.84;2019;False
1079;1368898;64954.21;68784.88;58857.85;1.06;0.86;0.91;2019;False
1080;39988;1897.43;640.86;640.86;0.34;1.0;0.34;2019;False
1081;20446;970.16;559.9;559.9;0.58;1.0;0.58;2019;False
1082;30784;1460.7;938.35;938.35;0.64;1.0;0.64;2019;False
1083;5325;252.67;0.0;0.0;0.0;0.0;0.0;2019;False
1084;12829;608.74;311.15;311.15;0.51;1.0;0.51;2019;False
1085;1802;85.5;0.0;0.0;0.0;0.0;0.0;2019;False
1086;3514;166.74;0.0;0.0;0.0;0.0;0.0;2019;False
1087;1619;76.82;0.0;0.0;0.0;0.0;0.0;2019;False
1088;3362;159.53;0.0;0.0;0.0;0.0;0.0;2019;False
1089;19598;929.93;0.0;0.0;0.0;0.0;0.0;2019;False
1090;3217;152.65;0.0;0.0;0.0;0.0;0.0;2019;False
1091;12592;597.49;0.0;0.0;0.0;0.0;0.0;2019;False
1092;5592;265.34;0.0;0.0;0.0;0.0;0.0;2019;False
1093;14095;668.81;0.0;0.0;0.0;0.0;0.0;2019;False
1094;47732;2264.88;1876.67;1876.67;0.83;1.0;0.83;2019;False
1095;24364;1156.07;0.0;0.0;0.0;0.0;0.0;2019;False
1096;2612;123.94;0.0;0.0;0.0;0.0;0.0;2019;False
1097;28469;1350.85;694.73;694.73;0.51;1.0;0.51;2019;False
1098;2528;119.95;0.0;0.0;0.0;0.0;0.0;2019;False
1099;38734;1837.93;1020.17;1020.17;0.56;1.0;0.56;2019;False
1100;4221;200.29;0.0;0.0;0.0;0.0;0.0;2019;False
1101;4728;224.34;0.0;0.0;0.0;0.0;0.0;2019;False
1102;4098;194.45;200.0;0.0;1.03;0.0;0.0;2019;False
1103;20749;984.54;0.0;0.0;0.0;0.0;0.0;2019;False
1104;4511;214.05;0.0;0.0;0.0;0.0;0.0;2019;False
1105;23265;1103.92;870.88;870.88;0.79;1.0;0.79;2019;False
1106;6481;307.52;0.0;0.0;0.0;0.0;0.0;2019;False
1107;8070;382.92;309.96;309.96;0.81;1.0;0.81;2019;False
1108;94571;4487.39;6146.74;5690.46;1.37;0.93;1.27;2019;False
1109;2139;101.5;0.0;0.0;0.0;0.0;0.0;2019;False
1110;5460;259.08;0.0;0.0;0.0;0.0;0.0;2019;False
1111;45606;2164.0;505.73;505.66;0.23;1.0;0.23;2019;False
1112;91086;4322.03;4295.27;4295.27;0.99;1.0;0.99;2019;False
1113;2599;123.32;0.0;0.0;0.0;0.0;0.0;2019;False
1114;2248;106.67;0.0;0.0;0.0;0.0;0.0;2019;False
1115;6669;316.44;332.8;332.8;1.05;1.0;1.05;2019;False
1116;16683;791.61;628.55;628.55;0.79;1.0;0.79;2019;False
1117;1433;68.0;80.34;80.34;1.18;1.0;1.18;2019;False
1118;6904;327.59;0.0;0.0;0.0;0.0;0.0;2019;False
1119;188073;8924.06;1633.76;1633.76;0.18;1.0;0.18;2019;False
1120;2138;101.45;0.0;0.0;0.0;0.0;0.0;2019;False
1121;8019;380.5;0.0;0.0;0.0;0.0;0.0;2019;False
1122;8580;407.12;243.32;243.32;0.6;1.0;0.6;2019;False
1123;2018;95.75;0.0;0.0;0.0;0.0;0.0;2019;False
1124;3928;186.38;0.0;0.0;0.0;0.0;0.0;2019;False
1125;12712;603.18;0.0;0.0;0.0;0.0;0.0;2019;False
1126;2344;111.22;41.51;41.51;0.37;1.0;0.37;2019;False
1127;26247;1245.42;693.02;693.02;0.56;1.0;0.56;2019;False
1128;60314;2861.9;4584.0;0.0;1.6;0.0;0.0;2019;False
1129;1380;65.48;0.0;0.0;0.0;0.0;0.0;2019;False
1130;7770;368.69;0.0;0.0;0.0;0.0;0.0;2019;False
1131;7272;345.06;130.1;130.1;0.38;1.0;0.38;2019;False
1132;12095;573.91;266.39;266.39;0.46;1.0;0.46;2019;False
1133;4044;191.89;0.0;0.0;0.0;0.0;0.0;2019;False
1134;41656;1976.58;1523.8;1523.8;0.77;1.0;0.77;2019;False
1135;2029;96.28;0.0;0.0;0.0;0.0;0.0;2019;False
1136;3873;183.77;0.0;0.0;0.0;0.0;0.0;2019;False
1137;14138;670.85;0.0;0.0;0.0;0.0;0.0;2019;False
1138;4412;209.35;0.0;0.0;0.0;0.0;0.0;2019;False
1139;3411;161.85;0.0;0.0;0.0;0.0;0.0;2019;False
1140;8254;391.65;0.0;0.0;0.0;0.0;0.0;2019;False
1141;26951;1278.82;0.0;0.0;0.0;0.0;0.0;2019;False
1142;41883;1987.35;545.48;545.48;0.27;1.0;0.27;2019;False
1143;2123;100.74;0.0;0.0;0.0;0.0;0.0;2019;False
1144;1995;94.66;0.0;0.0;0.0;0.0;0.0;2019;False
1145;11619;551.32;0.0;0.0;0.0;0.0;0.0;2019;False
1146;7371;349.75;0.0;0.0;0.0;0.0;0.0;2019;False
1147;2644;125.46;0.0;0.0;0.0;0.0;0.0;2019;False
1148;2947;139.84;0.0;0.0;0.0;0.0;0.0;2019;False
1149;8896;422.12;0.0;0.0;0.0;0.0;0.0;2019;False
1150;2630;124.79;0.0;0.0;0.0;0.0;0.0;2019;False
1151;104475;4957.34;1245.04;1245.04;0.25;1.0;0.25;2019;False
1152;4058;192.55;0.0;0.0;0.0;0.0;0.0;2019;False
1153;14098;668.95;0.0;0.0;0.0;0.0;0.0;2019;False
1154;3394;161.05;0.0;0.0;0.0;0.0;0.0;2019;False
1155;6019;285.6;0.0;0.0;0.0;0.0;0.0;2019;False
1156;30549;1449.55;495.18;495.18;0.34;1.0;0.34;2019;False
1157;3127;148.38;0.0;0.0;0.0;0.0;0.0;2019;False
1158;26055;1236.31;1199.67;1199.67;0.97;1.0;0.97;2019;False
1159;2149;101.97;0.0;0.0;0.0;0.0;0.0;2019;False
1160;3236;153.55;0.0;0.0;0.0;0.0;0.0;2019;False
1161;2361;112.03;0.0;0.0;0.0;0.0;0.0;2019;False
1162;9080;430.85;168.0;164.7;0.39;0.98;0.38;2019;False
1163;9921;470.75;539.76;539.76;1.15;1.0;1.15;2019;False
1164;2825;134.05;0.0;0.0;0.0;0.0;0.0;2019;False
1165;9282;440.43;0.0;0.0;0.0;0.0;0.0;2019;False
1166;2034;96.51;0.0;0.0;0.0;0.0;0.0;2019;False
1167;22142;1050.64;926.02;926.02;0.88;1.0;0.88;2019;False
1168;9376;444.89;0.0;0.0;0.0;0.0;0.0;2019;False
1169;22489;1067.1;0.0;0.0;0.0;0.0;0.0;2019;False
1170;28403;1347.72;532.29;532.29;0.39;1.0;0.39;2019;False
1171;81186;3852.28;1656.02;1656.02;0.43;1.0;0.43;2019;False
1172;16088;763.38;745.25;745.25;0.98;1.0;0.98;2019;False
1173;40986;1944.79;248.53;248.53;0.13;1.0;0.13;2019;False
1174;3504;166.26;0.0;0.0;0.0;0.0;0.0;2019;False
1175;3621;171.82;0.0;0.0;0.0;0.0;0.0;2019;False
1176;33317;1580.89;915.0;915.0;0.58;1.0;0.58;2019;False
1177;2910;138.08;0.0;0.0;0.0;0.0;0.0;2019;False
1178;45203;2144.88;2245.62;2245.62;1.05;1.0;1.05;2019;False
1179;9857;467.71;0.0;0.0;0.0;0.0;0.0;2019;False
1180;4334;205.65;0.0;0.0;0.0;0.0;0.0;2019;False
1181;4056;192.46;150.0;150.0;0.78;1.0;0.78;2019;False
1182;212765;10095.7;6649.56;6649.56;0.66;1.0;0.66;2019;False
1183;17951;851.77;730.22;730.22;0.86;1.0;0.86;2019;False
1184;6895;327.17;203.66;203.66;0.62;1.0;0.62;2019;False
1185;5923;281.05;0.0;0.0;0.0;0.0;0.0;2019;False
1186;2577;122.28;0.0;0.0;0.0;0.0;0.0;2019;False
1187;4928;233.83;0.0;0.0;0.0;0.0;0.0;2019;False
1188;34895;1655.77;2071.43;2071.19;1.25;1.0;1.25;2019;False
1189;3439;163.18;0.0;0.0;0.0;0.0;0.0;2019;False
1190;7905;375.09;0.0;0.0;0.0;0.0;0.0;2019;False
1191;3018;143.2;0.0;0.0;0.0;0.0;0.0;2019;False
1192;2093;99.31;0.0;0.0;0.0;0.0;0.0;2019;False
1193;3029;143.73;0.0;0.0;0.0;0.0;0.0;2019;False
1194;7894;374.57;0.0;0.0;0.0;0.0;0.0;2019;False
1195;4352;206.5;0.0;0.0;0.0;0.0;0.0;2019;False
1196;5672;269.14;0.0;0.0;0.0;0.0;0.0;2019;False
1197;67486;3202.21;1296.48;1296.48;0.4;1.0;0.4;2019;False
1198;11691;554.74;0.0;0.0;0.0;0.0;0.0;2019;False
1199;5655;268.33;0.0;0.0;0.0;0.0;0.0;2019;False
1200;12405;588.62;0.0;0.0;0.0;0.0;0.0;2019;False
1201;1246;59.12;70.44;70.44;1.19;1.0;1.19;2019;False
1202;30533;1448.79;0.0;0.0;0.0;0.0;0.0;2019;False
1203;4665;221.35;0.0;0.0;0.0;0.0;0.0;2019;False
1204;19857;942.21;364.08;364.08;0.39;1.0;0.39;2019;False
1205;3663;173.81;0.0;0.0;0.0;0.0;0.0;2019;False
1206;1838;87.21;0.0;0.0;0.0;0.0;0.0;2019;False
1207;18640;884.47;2300.0;0.0;2.6;0.0;0.0;2019;False
1208;104168;4942.77;650.1;162.52;0.13;0.25;0.03;2019;False
1209;7714;366.03;0.0;0.0;0.0;0.0;0.0;2019;False
1210;18685;886.6;606.26;606.26;0.68;1.0;0.68;2019;False
1211;6190;293.72;0.0;0.0;0.0;0.0;0.0;2019;False
1212;2698;128.02;0.0;0.0;0.0;0.0;0.0;2019;False
1213;3186;151.18;0.0;0.0;0.0;0.0;0.0;2019;False
1214;3122;148.14;0.0;0.0;0.0;0.0;0.0;2019;False
1215;7262;344.58;228.87;0.0;0.66;0.0;0.0;2019;False
1216;2557;121.33;0.0;0.0;0.0;0.0;0.0;2019;False
1217;115209;5466.67;3003.5;3003.5;0.55;1.0;0.55;2019;False
1218;3160;149.94;0.0;0.0;0.0;0.0;0.0;2019;False
1219;4151;196.96;0.0;0.0;0.0;0.0;0.0;2019;False
1220;4768;226.24;0.0;0.0;0.0;0.0;0.0;2019;False
1221;2576;122.23;0.0;0.0;0.0;0.0;0.0;2019;False
1222;36596;1736.48;1071.63;1071.63;0.62;1.0;0.62;2019;False
1223;12498;593.03;22.38;22.38;0.04;1.0;0.04;2019;False
1224;2773;131.58;0.0;0.0;0.0;0.0;0.0;2019;False
1225;152109;7217.57;2771.7;2771.7;0.38;1.0;0.38;2019;False
1226;3455;163.94;0.0;0.0;0.0;0.0;0.0;2019;False
1227;12516;593.88;0.0;0.0;0.0;0.0;0.0;2019;False
1228;7894;374.57;0.0;0.0;0.0;0.0;0.0;2019;False
1229;5571;264.34;0.0;0.0;0.0;0.0;0.0;2019;False
1230;5255;249.35;0.0;0.0;0.0;0.0;0.0;2019;False
985;7749;367.69;104.43;104.43;0.28;1.0;0.28;2018;False
986;17709;840.29;0.0;0.0;0.0;0.0;0.0;2018;False
987;20028;950.33;456.62;456.62;0.48;1.0;0.48;2018;False
988;2272;107.81;0.0;0.0;0.0;0.0;0.0;2018;False
989;5124;243.13;0.0;0.0;0.0;0.0;0.0;2018;False
990;1690;80.19;0.0;0.0;0.0;0.0;0.0;2018;False
991;186963;8871.39;795.67;649.82;0.09;0.82;0.07;2018;False
992;24638;1169.07;0.0;0.0;0.0;0.0;0.0;2018;False
993;1810;85.88;0.0;0.0;0.0;0.0;0.0;2018;False
994;5614;266.38;0.0;0.0;0.0;0.0;0.0;2018;False
995;6824;323.8;0.0;0.0;0.0;0.0;0.0;2018;False
996;7777;369.02;12.4;0.0;0.03;0.0;0.0;2018;False
997;3411;161.85;0.0;0.0;0.0;0.0;0.0;2018;False
998;5468;259.46;0.0;0.0;0.0;0.0;0.0;2018;False
999;2875;136.42;0.0;0.0;0.0;0.0;0.0;2018;False
1000;344880;16364.56;10376.79;10376.79;0.63;1.0;0.63;2018;False
1001;1026;48.68;0.0;0.0;0.0;0.0;0.0;2018;False
1002;19608;930.4;339.86;339.86;0.37;1.0;0.37;2018;False
1003;511002;24247.04;7236.96;6732.55;0.3;0.93;0.28;2018;False
1004;2233;105.96;108.79;108.79;1.03;1.0;1.03;2018;False
1005;3758;178.32;0.0;0.0;0.0;0.0;0.0;2018;False
1006;3214;152.5;0.0;0.0;0.0;0.0;0.0;2018;False
1007;18020;855.05;0.0;0.0;0.0;0.0;0.0;2018;False
1008;9133;433.36;0.0;0.0;0.0;0.0;0.0;2018;False
1009;7002;332.24;138.74;138.74;0.42;1.0;0.42;2018;False
1010;2427;115.16;0.0;0.0;0.0;0.0;0.0;2018;False
1011;8699;412.77;172.69;172.69;0.42;1.0;0.42;2018;False
1012;2874;136.37;0.0;0.0;0.0;0.0;0.0;2018;False
1013;2189;103.87;0.0;0.0;0.0;0.0;0.0;2018;False
1014;4507;213.86;0.0;0.0;0.0;0.0;0.0;2018;False
1015;9861;467.9;0.0;0.0;0.0;0.0;0.0;2018;False
1016;26588;1261.6;540.62;540.62;0.43;1.0;0.43;2018;False
1017;7957;377.56;0.0;0.0;0.0;0.0;0.0;2018;False
1018;22370;1061.46;1139.32;1139.32;1.07;1.0;1.07;2018;False
1019;8566;406.46;0.0;0.0;0.0;0.0;0.0;2018;False
1020;3896;184.87;0.0;0.0;0.0;0.0;0.0;2018;False
1021;3303;156.73;0.0;0.0;0.0;0.0;0.0;2018;False
1022;5201;246.79;158.83;158.83;0.64;1.0;0.64;2018;False
1023;8517;404.13;88.49;0.0;0.22;0.0;0.0;2018;False
1024;2258;107.14;0.0;0.0;0.0;0.0;0.0;2018;False
1025;2981;141.45;0.0;0.0;0.0;0.0;0.0;2018;False
1026;7168;340.12;0.0;0.0;0.0;0.0;0.0;2018;False
1027;11102;526.79;314.0;0.0;0.6;0.0;0.0;2018;False
1028;1228;58.27;0.0;0.0;0.0;0.0;0.0;2018;False
1029;7315;347.1;214.4;214.4;0.62;1.0;0.62;2018;False
1030;14214;674.45;561.7;561.7;0.83;1.0;0.83;2018;False
1031;16897;801.76;589.71;589.71;0.74;1.0;0.74;2018;False
1032;80436;3816.69;4653.0;4653.0;1.22;1.0;1.22;2018;False
1033;3394;161.05;0.0;0.0;0.0;0.0;0.0;2018;False
1034;3259;154.64;0.0;0.0;0.0;0.0;0.0;2018;False
1035;3294;156.3;0.0;0.0;0.0;0.0;0.0;2018;False
1036;11273;534.9;0.0;0.0;0.0;0.0;0.0;2018;False
1037;6714;318.58;0.0;0.0;0.0;0.0;0.0;2018;False
1038;6894;327.12;0.0;0.0;0.0;0.0;0.0;2018;False
1039;17844;846.7;527.3;527.3;0.62;1.0;0.62;2018;False
1040;2220;105.34;0.0;0.0;0.0;0.0;0.0;2018;False
1041;9007;427.38;0.0;0.0;0.0;0.0;0.0;2018;False
1042;3127;148.38;0.0;0.0;0.0;0.0;0.0;2018;False
1043;96265;4567.77;2281.01;2281.01;0.5;1.0;0.5;2018;False
1044;4548;215.8;0.0;0.0;0.0;0.0;0.0;2018;False
1045;8751;415.23;0.0;0.0;0.0;0.0;0.0;2018;False
1046;19930;945.68;997.96;997.96;1.06;1.0;1.06;2018;False
1047;7680;364.42;0.0;0.0;0.0;0.0;0.0;2018;False
1048;8886;421.64;833.0;833.0;1.98;1.0;1.98;2018;False
1049;63048;2991.63;1008.93;1008.93;0.34;1.0;0.34;2018;False
1050;18031;855.57;0.0;0.0;0.0;0.0;0.0;2018;False
1051;3073;145.81;0.0;0.0;0.0;0.0;0.0;2018;False
1052;2134;101.26;0.0;0.0;0.0;0.0;0.0;2018;False
1053;9977;473.41;0.0;0.0;0.0;0.0;0.0;2018;False
1054;8644;410.16;322.01;322.01;0.79;1.0;0.79;2018;False
1055;52150;2474.52;538.37;538.37;0.22;1.0;0.22;2018;False
1056;2679;127.12;0.0;0.0;0.0;0.0;0.0;2018;False
1057;15215;721.95;0.0;0.0;0.0;0.0;0.0;2018;False
1058;3160;149.94;0.0;0.0;0.0;0.0;0.0;2018;False
1059;2592;122.99;0.0;0.0;0.0;0.0;0.0;2018;False
1060;2993;142.02;0.0;0.0;0.0;0.0;0.0;2018;False
1061;2639;125.22;0.0;0.0;0.0;0.0;0.0;2018;False
1062;1890;89.68;0.0;0.0;0.0;0.0;0.0;2018;False
1063;2246;106.57;0.0;0.0;0.0;0.0;0.0;2018;False
1064;4361;206.93;0.0;0.0;0.0;0.0;0.0;2018;False
1065;6679;316.92;0.0;0.0;0.0;0.0;0.0;2018;False
1066;3349;158.91;0.0;0.0;0.0;0.0;0.0;2018;False
1067;11084;525.94;517.51;517.51;0.98;1.0;0.98;2018;False
1068;2966;140.74;0.0;0.0;0.0;0.0;0.0;2018;False
1069;6029;286.08;0.0;0.0;0.0;0.0;0.0;2018;False
1070;5166;245.13;0.0;0.0;0.0;0.0;0.0;2018;False
1071;11855;562.52;0.0;0.0;0.0;0.0;0.0;2018;False
1072;14536;689.73;0.0;0.0;0.0;0.0;0.0;2018;False
1073;107901;5119.9;3546.14;3546.14;0.69;1.0;0.69;2018;False
1074;3905;185.29;0.0;0.0;0.0;0.0;0.0;2018;False
1075;3388;160.76;0.0;0.0;0.0;0.0;0.0;2018;False
1076;10147;481.48;0.0;0.0;0.0;0.0;0.0;2018;False
1077;5032;238.77;0.0;0.0;0.0;0.0;0.0;2018;False
1078;62365;2959.22;2420.23;2420.23;0.82;1.0;0.82;2018;False
1079;1350472;64079.9;66508.97;57284.18;1.04;0.86;0.89;2018;False
1080;39059;1853.35;631.96;631.96;0.34;1.0;0.34;2018;False
1081;20690;981.74;506.92;506.92;0.52;1.0;0.52;2018;False
1082;30685;1456.0;984.32;984.32;0.68;1.0;0.68;2018;False
1083;5242;248.73;0.0;0.0;0.0;0.0;0.0;2018;False
1084;12831;608.83;308.29;308.29;0.51;1.0;0.51;2018;False
1085;1842;87.4;0.0;0.0;0.0;0.0;0.0;2018;False
1086;3557;168.78;0.0;0.0;0.0;0.0;0.0;2018;False
1087;1672;79.34;0.0;0.0;0.0;0.0;0.0;2018;False
1088;3353;159.1;0.0;0.0;0.0;0.0;0.0;2018;False
1089;19211;911.56;0.0;0.0;0.0;0.0;0.0;2018;False
1090;3270;155.16;0.0;0.0;0.0;0.0;0.0;2018;False
1091;12467;591.56;0.0;0.0;0.0;0.0;0.0;2018;False
1092;5554;263.54;0.0;0.0;0.0;0.0;0.0;2018;False
1093;13932;661.07;0.0;0.0;0.0;0.0;0.0;2018;False
1094;47370;2247.71;1745.78;1745.78;0.78;1.0;0.78;2018;False
1095;24190;1147.82;0.0;0.0;0.0;0.0;0.0;2018;False
1096;2612;123.94;0.0;0.0;0.0;0.0;0.0;2018;False
1097;28498;1352.23;640.77;640.77;0.47;1.0;0.47;2018;False
1098;2541;120.57;0.0;0.0;0.0;0.0;0.0;2018;False
1099;38068;1806.33;982.64;982.64;0.54;1.0;0.54;2018;False
1100;4214;199.95;0.0;0.0;0.0;0.0;0.0;2018;False
1101;4757;225.72;0.0;0.0;0.0;0.0;0.0;2018;False
1102;4157;197.25;0.0;0.0;0.0;0.0;0.0;2018;False
1103;20345;965.37;0.0;0.0;0.0;0.0;0.0;2018;False
1104;4799;227.71;0.0;0.0;0.0;0.0;0.0;2018;False
1105;23345;1107.72;838.66;838.66;0.76;1.0;0.76;2018;False
1106;6407;304.01;0.0;0.0;0.0;0.0;0.0;2018;False
1107;8050;381.97;293.37;293.37;0.77;1.0;0.77;2018;False
1108;93587;4440.7;5927.33;5530.2;1.33;0.93;1.25;2018;False
1109;2172;103.06;0.0;0.0;0.0;0.0;0.0;2018;False
1110;5483;260.17;0.0;0.0;0.0;0.0;0.0;2018;False
1111;44844;2127.85;497.52;497.37;0.23;1.0;0.23;2018;False
1112;89995;4270.26;4018.0;4018.0;0.94;1.0;0.94;2018;False
1113;2616;124.13;0.0;0.0;0.0;0.0;0.0;2018;False
1114;2233;105.96;0.0;0.0;0.0;0.0;0.0;2018;False
1115;6656;315.83;326.39;326.39;1.03;1.0;1.03;2018;False
1116;16782;796.31;616.97;616.97;0.77;1.0;0.77;2018;False
1117;1404;66.62;74.9;74.9;1.12;1.0;1.12;2018;False
1118;6900;327.41;0.0;0.0;0.0;0.0;0.0;2018;False
1119;185115;8783.71;1553.75;1553.75;0.18;1.0;0.18;2018;False
1120;2142;101.64;0.0;0.0;0.0;0.0;0.0;2018;False
1121;7837;371.87;0.0;0.0;0.0;0.0;0.0;2018;False
1122;8709;413.24;229.55;0.0;0.56;0.0;0.0;2018;False
1123;2007;95.23;0.0;0.0;0.0;0.0;0.0;2018;False
1124;3942;187.05;0.0;0.0;0.0;0.0;0.0;2018;False
1125;12486;592.46;0.0;0.0;0.0;0.0;0.0;2018;False
1126;2358;111.89;42.89;42.89;0.38;1.0;0.38;2018;False
1127;26502;1257.52;671.34;671.34;0.53;1.0;0.53;2018;False
1128;59067;2802.73;4584.0;0.0;1.64;0.0;0.0;2018;False
1129;1405;66.67;0.0;0.0;0.0;0.0;0.0;2018;False
1130;7699;365.32;0.0;0.0;0.0;0.0;0.0;2018;False
1131;7280;345.44;117.3;117.3;0.34;1.0;0.34;2018;False
1132;11841;561.86;258.85;258.85;0.46;1.0;0.46;2018;False
1133;4017;190.61;0.0;0.0;0.0;0.0;0.0;2018;False
1134;41276;1958.55;1475.85;1475.85;0.75;1.0;0.75;2018;False
1135;2044;96.99;0.0;0.0;0.0;0.0;0.0;2018;False
1136;3951;187.47;0.0;0.0;0.0;0.0;0.0;2018;False
1137;13944;661.64;0.0;0.0;0.0;0.0;0.0;2018;False
1138;4574;217.04;0.0;0.0;0.0;0.0;0.0;2018;False
1139;3424;162.47;0.0;0.0;0.0;0.0;0.0;2018;False
1140;8145;386.48;0.0;0.0;0.0;0.0;0.0;2018;False
1141;26448;1254.96;0.0;0.0;0.0;0.0;0.0;2018;False
1142;41568;1972.4;508.07;508.07;0.26;1.0;0.26;2018;False
1143;2118;100.5;0.0;0.0;0.0;0.0;0.0;2018;False
1144;1985;94.19;0.0;0.0;0.0;0.0;0.0;2018;False
1145;11548;547.95;0.0;0.0;0.0;0.0;0.0;2018;False
1146;7420;352.08;0.0;0.0;0.0;0.0;0.0;2018;False
1147;2639;125.22;0.0;0.0;0.0;0.0;0.0;2018;False
1148;2973;141.07;0.0;0.0;0.0;0.0;0.0;2018;False
1149;8743;414.86;0.0;0.0;0.0;0.0;0.0;2018;False
1150;2695;127.88;0.0;0.0;0.0;0.0;0.0;2018;False
1151;102640;4870.27;1109.16;1109.16;0.23;1.0;0.23;2018;False
1152;4013;190.42;0.0;0.0;0.0;0.0;0.0;2018;False
1153;13996;664.11;0.0;0.0;0.0;0.0;0.0;2018;False
1154;3428;162.66;0.0;0.0;0.0;0.0;0.0;2018;False
1155;5913;280.57;0.0;0.0;0.0;0.0;0.0;2018;False
1156;30001;1423.55;481.46;481.46;0.34;1.0;0.34;2018;False
1157;3124;148.23;0.0;0.0;0.0;0.0;0.0;2018;False
1158;25563;1212.96;1127.2;1127.2;0.93;1.0;0.93;2018;False
1159;2148;101.92;0.0;0.0;0.0;0.0;0.0;2018;False
1160;3240;153.74;0.0;0.0;0.0;0.0;0.0;2018;False
1161;2371;112.5;0.0;0.0;0.0;0.0;0.0;2018;False
1162;9003;427.19;255.0;250.0;0.6;0.98;0.59;2018;False
1163;9927;471.04;498.55;498.55;1.06;1.0;1.06;2018;False
1164;2813;133.48;0.0;0.0;0.0;0.0;0.0;2018;False
1165;9300;441.29;0.0;0.0;0.0;0.0;0.0;2018;False
1166;2089;99.12;0.0;0.0;0.0;0.0;0.0;2018;False
1167;22120;1049.59;917.21;917.21;0.87;1.0;0.87;2018;False
1168;9481;449.87;0.0;0.0;0.0;0.0;0.0;2018;False
1169;22345;1060.27;0.0;0.0;0.0;0.0;0.0;2018;False
1170;28193;1337.76;507.83;507.83;0.38;1.0;0.38;2018;False
1171;80521;3820.72;1595.55;1595.55;0.42;1.0;0.42;2018;False
1172;16050;761.57;732.96;732.96;0.96;1.0;0.96;2018;False
1173;40766;1934.35;75.1;74.2;0.04;0.99;0.04;2018;False
1174;3458;164.08;0.0;0.0;0.0;0.0;0.0;2018;False
1175;3611;171.34;0.0;0.0;0.0;0.0;0.0;2018;False
1176;32842;1558.35;903.87;903.87;0.58;1.0;0.58;2018;False
1177;2928;138.93;0.0;0.0;0.0;0.0;0.0;2018;False
1178;44617;2117.08;2152.04;2152.04;1.02;1.0;1.02;2018;False
1179;9837;466.77;0.0;0.0;0.0;0.0;0.0;2018;False
1180;4319;204.94;0.0;0.0;0.0;0.0;0.0;2018;False
1181;3946;187.24;147.0;147.0;0.79;1.0;0.79;2018;False
1182;207351;9838.8;6080.08;6080.08;0.62;1.0;0.62;2018;False
1183;17890;848.88;726.82;726.82;0.86;1.0;0.86;2018;False
1184;6899;327.36;195.95;195.95;0.6;1.0;0.6;2018;False
1185;5855;277.82;0.0;0.0;0.0;0.0;0.0;2018;False
1186;2611;123.89;0.0;0.0;0.0;0.0;0.0;2018;False
1187;4869;231.03;0.0;0.0;0.0;0.0;0.0;2018;False
1188;34748;1648.79;2037.77;2037.3;1.24;1.0;1.24;2018;False
1189;3433;162.9;0.0;0.0;0.0;0.0;0.0;2018;False
1190;7740;367.26;0.0;0.0;0.0;0.0;0.0;2018;False
1191;3007;142.68;0.0;0.0;0.0;0.0;0.0;2018;False
1192;2156;102.3;0.0;0.0;0.0;0.0;0.0;2018;False
1193;3097;146.95;0.0;0.0;0.0;0.0;0.0;2018;False
1194;8063;382.59;0.0;0.0;0.0;0.0;0.0;2018;False
1195;4322;205.08;0.0;0.0;0.0;0.0;0.0;2018;False
1196;5528;262.3;0.0;0.0;0.0;0.0;0.0;2018;False
1197;66485;3154.71;1245.63;1245.63;0.39;1.0;0.39;2018;False
1198;11548;547.95;0.0;0.0;0.0;0.0;0.0;2018;False
1199;5652;268.19;0.0;0.0;0.0;0.0;0.0;2018;False
1200;12087;573.53;0.0;0.0;0.0;0.0;0.0;2018;False
1201;1279;60.69;70.04;70.04;1.15;1.0;1.15;2018;False
1202;30220;1433.94;0.0;0.0;0.0;0.0;0.0;2018;False
1203;4620;219.22;0.0;0.0;0.0;0.0;0.0;2018;False
1204;19924;945.39;301.85;301.85;0.32;1.0;0.32;2018;False
1205;3640;172.72;0.0;0.0;0.0;0.0;0.0;2018;False
1206;1837;87.17;0.0;0.0;0.0;0.0;0.0;2018;False
1207;18326;869.57;2200.0;0.0;2.53;0.0;0.0;2018;False
1208;101327;4807.97;591.0;7.09;0.12;0.01;0.0;2018;False
1209;7624;361.76;0.0;0.0;0.0;0.0;0.0;2018;False
1210;18575;881.38;584.85;584.85;0.66;1.0;0.66;2018;False
1211;6168;292.67;0.0;0.0;0.0;0.0;0.0;2018;False
1212;2687;127.5;0.0;0.0;0.0;0.0;0.0;2018;False
1213;3193;151.51;0.0;0.0;0.0;0.0;0.0;2018;False
1214;3084;146.34;0.0;0.0;0.0;0.0;0.0;2018;False
1215;7130;338.32;226.97;0.0;0.67;0.0;0.0;2018;False
1216;2561;121.52;0.0;0.0;0.0;0.0;0.0;2018;False
1217;113158;5369.35;2745.55;2745.55;0.51;1.0;0.51;2018;False
1218;3161;149.99;0.0;0.0;0.0;0.0;0.0;2018;False
1219;4183;198.48;0.0;0.0;0.0;0.0;0.0;2018;False
1220;4690;222.54;0.0;0.0;0.0;0.0;0.0;2018;False
1221;2589;122.85;0.0;0.0;0.0;0.0;0.0;2018;False
1222;36311;1722.96;947.88;947.88;0.55;1.0;0.55;2018;False
1223;12521;594.12;23.21;0.0;0.04;0.0;0.0;2018;False
1224;2779;131.86;0.0;0.0;0.0;0.0;0.0;2018;False
1225;148728;7057.14;2527.21;2527.21;0.36;1.0;0.36;2018;False
1226;3445;163.47;0.0;0.0;0.0;0.0;0.0;2018;False
1227;12411;588.9;0.0;0.0;0.0;0.0;0.0;2018;False
1228;7774;368.88;0.0;0.0;0.0;0.0;0.0;2018;False
1229;5440;258.13;0.0;0.0;0.0;0.0;0.0;2018;False
1230;5198;246.65;0.0;0.0;0.0;0.0;0.0;2018;False
985;7410;351.6;106.42;106.42;0.3;1.0;0.3;2017;False
986;16951;804.32;0.0;0.0;0.0;0.0;0.0;2017;False
987;19932;945.77;330.23;330.23;0.35;1.0;0.35;2017;False
988;2315;109.85;0.0;0.0;0.0;0.0;0.0;2017;False
989;5067;240.43;0.0;0.0;0.0;0.0;0.0;2017;False
990;1776;84.27;0.0;0.0;0.0;0.0;0.0;2017;False
991;176796;8388.97;86.96;86.96;0.01;1.0;0.01;2017;False
992;24170;1146.87;0.0;0.0;0.0;0.0;0.0;2017;False
993;1869;88.68;0.0;0.0;0.0;0.0;0.0;2017;False
994;5222;247.78;0.0;0.0;0.0;0.0;0.0;2017;False
995;6784;321.9;0.0;0.0;0.0;0.0;0.0;2017;False
996;7805;370.35;13.59;13.59;0.04;1.0;0.04;2017;False
997;3389;160.81;0.0;0.0;0.0;0.0;0.0;2017;False
998;5433;257.8;0.0;0.0;0.0;0.0;0.0;2017;False
999;3077;146.0;0.0;0.0;0.0;0.0;0.0;2017;False
1000;338715;16072.03;10130.63;10130.63;0.63;1.0;0.63;2017;False
1001;1016;48.21;0.0;0.0;0.0;0.0;0.0;2017;False
1002;19634;931.63;341.99;341.99;0.37;1.0;0.37;2017;False
1003;489453;23224.54;6131.84;5300.23;0.26;0.86;0.23;2017;False
1004;2272;107.81;109.2;108.21;1.01;0.99;1.0;2017;False
1005;3740;177.46;0.0;0.0;0.0;0.0;0.0;2017;False
1006;3368;159.81;0.0;0.0;0.0;0.0;0.0;2017;False
1007;17953;851.87;0.0;0.0;0.0;0.0;0.0;2017;False
1008;8816;418.32;0.0;0.0;0.0;0.0;0.0;2017;False
1009;7098;336.8;147.79;147.79;0.44;1.0;0.44;2017;False
1010;2669;126.64;0.0;0.0;0.0;0.0;0.0;2017;False
1011;8250;391.46;173.8;173.8;0.44;1.0;0.44;2017;False
1012;3089;146.57;0.0;0.0;0.0;0.0;0.0;2017;False
1013;2251;106.81;0.0;0.0;0.0;0.0;0.0;2017;False
1014;4222;200.33;0.0;0.0;0.0;0.0;0.0;2017;False
1015;9421;447.03;0.0;0.0;0.0;0.0;0.0;2017;False
1016;25745;1221.6;529.63;529.63;0.43;1.0;0.43;2017;False
1017;8032;381.12;0.0;0.0;0.0;0.0;0.0;2017;False
1018;21667;1028.1;1156.47;1156.47;1.12;1.0;1.12;2017;False
1019;8173;387.81;0.0;0.0;0.0;0.0;0.0;2017;False
1020;3740;177.46;0.0;0.0;0.0;0.0;0.0;2017;False
1021;3254;154.4;0.0;0.0;0.0;0.0;0.0;2017;False
1022;5252;249.21;165.03;165.03;0.66;1.0;0.66;2017;False
1023;8609;408.5;92.73;92.73;0.23;1.0;0.23;2017;False
1024;2332;110.65;0.0;0.0;0.0;0.0;0.0;2017;False
1025;3059;145.15;0.0;0.0;0.0;0.0;0.0;2017;False
1026;7164;339.93;0.0;0.0;0.0;0.0;0.0;2017;False
1027;10836;514.17;309.0;0.0;0.6;0.0;0.0;2017;False
1028;1276;60.55;0.0;0.0;0.0;0.0;0.0;2017;False
1029;7543;357.92;224.47;224.47;0.63;1.0;0.63;2017;False
1030;13802;654.9;571.54;571.54;0.87;1.0;0.87;2017;False
1031;16708;792.79;597.79;597.79;0.75;1.0;0.75;2017;False
1032;76656;3637.33;4230.0;4230.0;1.16;1.0;1.16;2017;False
1033;3343;158.63;0.0;0.0;0.0;0.0;0.0;2017;False
1034;3270;155.16;0.0;0.0;0.0;0.0;0.0;2017;False
1035;3376;160.19;0.0;0.0;0.0;0.0;0.0;2017;False
1036;11124;527.83;0.0;0.0;0.0;0.0;0.0;2017;False
1037;6454;306.24;0.0;0.0;0.0;0.0;0.0;2017;False
1038;6631;314.64;0.0;0.0;0.0;0.0;0.0;2017;False
1039;17864;847.65;547.69;547.69;0.65;1.0;0.65;2017;False
1040;3068;145.58;0.0;0.0;0.0;0.0;0.0;2017;False
1041;8904;422.49;0.0;0.0;0.0;0.0;0.0;2017;False
1042;3259;154.64;0.0;0.0;0.0;0.0;0.0;2017;False
1043;92450;4386.75;3977.34;3977.34;0.91;1.0;0.91;2017;False
1044;4551;215.94;0.0;0.0;0.0;0.0;0.0;2017;False
1045;8874;421.07;0.0;0.0;0.0;0.0;0.0;2017;False
1046;20003;949.14;985.45;985.45;1.04;1.0;1.04;2017;False
1047;7571;359.24;0.0;0.0;0.0;0.0;0.0;2017;False
1048;8225;390.28;833.0;833.0;2.13;1.0;2.13;2017;False
1049;60292;2860.86;1007.1;1007.1;0.35;1.0;0.35;2017;False
1050;17681;838.96;0.0;0.0;0.0;0.0;0.0;2017;False
1051;3186;151.18;0.0;0.0;0.0;0.0;0.0;2017;False
1052;2269;107.66;0.0;0.0;0.0;0.0;0.0;2017;False
1053;10009;474.93;0.0;0.0;0.0;0.0;0.0;2017;False
1054;8425;399.77;325.7;325.7;0.81;1.0;0.81;2017;False
1055;49972;2371.17;517.89;517.89;0.22;1.0;0.22;2017;False
1056;2734;129.73;0.0;0.0;0.0;0.0;0.0;2017;False
1057;15252;723.71;0.0;0.0;0.0;0.0;0.0;2017;False
1058;3255;154.45;0.0;0.0;0.0;0.0;0.0;2017;False
1059;2686;127.45;0.0;0.0;0.0;0.0;0.0;2017;False
1060;3059;145.15;0.0;0.0;0.0;0.0;0.0;2017;False
1061;2650;125.74;0.0;0.0;0.0;0.0;0.0;2017;False
1062;1925;91.34;0.0;0.0;0.0;0.0;0.0;2017;False
1063;2299;109.09;0.0;0.0;0.0;0.0;0.0;2017;False
1064;4509;213.95;0.0;0.0;0.0;0.0;0.0;2017;False
1065;6997;332.01;0.0;0.0;0.0;0.0;0.0;2017;False
1066;3439;163.18;0.0;0.0;0.0;0.0;0.0;2017;False
1067;11043;523.99;535.19;534.63;1.02;1.0;1.02;2017;False
1068;3050;144.72;0.0;0.0;0.0;0.0;0.0;2017;False
1069;6272;297.61;0.0;0.0;0.0;0.0;0.0;2017;False
1070;5480;260.03;0.0;0.0;0.0;0.0;0.0;2017;False
1071;11668;553.65;0.0;0.0;0.0;0.0;0.0;2017;False
1072;13643;647.36;0.0;0.0;0.0;0.0;0.0;2017;False
1073;104545;4960.66;3219.99;3219.99;0.65;1.0;0.65;2017;False
1074;4174;198.06;0.0;0.0;0.0;0.0;0.0;2017;False
1075;3410;161.8;0.0;0.0;0.0;0.0;0.0;2017;False
1076;10357;491.44;0.0;0.0;0.0;0.0;0.0;2017;False
1077;5060;240.1;0.0;0.0;0.0;0.0;0.0;2017;False
1078;60952;2892.17;2460.34;2460.34;0.85;1.0;0.85;2017;False
1079;1323746;62811.75;67351.85;55171.4;1.07;0.82;0.88;2017;False
1080;37171;1763.76;642.46;642.46;0.36;1.0;0.36;2017;False
1081;21762;1032.61;498.02;498.02;0.48;1.0;0.48;2017;False
1082;30980;1470.0;950.61;950.61;0.65;1.0;0.65;2017;False
1083;5106;242.28;0.0;0.0;0.0;0.0;0.0;2017;False
1084;13075;620.41;316.16;316.16;0.51;1.0;0.51;2017;False
1085;1991;94.47;0.0;0.0;0.0;0.0;0.0;2017;False
1086;3742;177.56;0.0;0.0;0.0;0.0;0.0;2017;False
1087;1852;87.88;0.0;0.0;0.0;0.0;0.0;2017;False
1088;3392;160.95;0.0;0.0;0.0;0.0;0.0;2017;False
1089;18484;877.07;0.0;0.0;0.0;0.0;0.0;2017;False
1090;3477;164.98;0.0;0.0;0.0;0.0;0.0;2017;False
1091;12347;585.87;0.0;0.0;0.0;0.0;0.0;2017;False
1092;5551;263.39;200.0;0.0;0.76;0.0;0.0;2017;False
1093;13735;651.73;0.0;0.0;0.0;0.0;0.0;2017;False
1094;47231;2241.11;1765.45;1765.45;0.79;1.0;0.79;2017;False
1095;24149;1145.87;0.0;0.0;0.0;0.0;0.0;2017;False
1096;2661;126.26;0.0;0.0;0.0;0.0;0.0;2017;False
1097;29111;1381.32;637.73;637.73;0.46;1.0;0.46;2017;False
1098;2627;124.65;0.0;0.0;0.0;0.0;0.0;2017;False
1099;36903;1751.05;980.54;980.54;0.56;1.0;0.56;2017;False
1100;4270;202.61;0.0;0.0;0.0;0.0;0.0;2017;False
1101;4926;233.74;0.0;0.0;0.0;0.0;0.0;2017;False
1102;4402;208.87;350.0;0.0;1.68;0.0;0.0;2017;False
1103;19584;929.26;0.0;0.0;0.0;0.0;0.0;2017;False
1104;5699;270.42;0.0;0.0;0.0;0.0;0.0;2017;False
1105;24004;1138.99;844.53;844.53;0.74;1.0;0.74;2017;False
1106;6318;299.79;0.0;0.0;0.0;0.0;0.0;2017;False
1107;8143;386.39;289.64;289.64;0.75;1.0;0.75;2017;False
1108;92558;4391.88;5876.74;5611.55;1.34;0.95;1.28;2017;False
1109;2306;109.42;0.0;0.0;0.0;0.0;0.0;2017;False
1110;5646;267.9;0.0;0.0;0.0;0.0;0.0;2017;False
1111;43534;2065.69;490.32;490.2;0.24;1.0;0.24;2017;False
1112;88599;4204.02;3882.5;3882.5;0.92;1.0;0.92;2017;False
1113;2712;128.68;0.0;0.0;0.0;0.0;0.0;2017;False
1114;2235;106.05;0.0;0.0;0.0;0.0;0.0;2017;False
1115;6742;319.91;320.99;320.99;1.0;1.0;1.0;2017;False
1116;17370;824.21;617.77;617.77;0.75;1.0;0.75;2017;False
1117;1345;63.82;75.44;75.44;1.18;1.0;1.18;2017;False
1118;7018;333.0;0.0;0.0;0.0;0.0;0.0;2017;False
1119;180232;8552.01;1490.48;1490.48;0.17;1.0;0.17;2017;False
1120;2195;104.15;0.0;0.0;0.0;0.0;0.0;2017;False
1121;7467;354.31;0.0;0.0;0.0;0.0;0.0;2017;False
1122;9234;438.15;233.89;132.29;0.53;0.57;0.3;2017;False
1123;2009;95.33;0.0;0.0;0.0;0.0;0.0;2017;False
1124;4054;192.36;0.0;0.0;0.0;0.0;0.0;2017;False
1125;12079;573.15;0.0;0.0;0.0;0.0;0.0;2017;False
1126;2439;115.73;44.26;44.26;0.38;1.0;0.38;2017;False
1127;27715;1315.08;685.36;685.36;0.52;1.0;0.52;2017;False
1128;56656;2688.33;4384.0;0.0;1.63;0.0;0.0;2017;False
1129;1504;71.36;0.0;0.0;0.0;0.0;0.0;2017;False
1130;7642;362.61;0.0;0.0;0.0;0.0;0.0;2017;False
1131;7436;352.84;89.26;0.0;0.25;0.0;0.0;2017;False
1132;11345;538.32;259.12;259.12;0.48;1.0;0.48;2017;False
1133;4015;190.51;0.0;0.0;0.0;0.0;0.0;2017;False
1134;40975;1944.26;1494.6;1494.6;0.77;1.0;0.77;2017;False
1135;2122;100.69;0.0;0.0;0.0;0.0;0.0;2017;False
1136;4243;201.33;0.0;0.0;0.0;0.0;0.0;2017;False
1137;13656;647.98;0.0;0.0;0.0;0.0;0.0;2017;False
1138;5111;242.52;0.0;0.0;0.0;0.0;0.0;2017;False
1139;3526;167.31;0.0;0.0;0.0;0.0;0.0;2017;False
1140;7990;379.13;0.0;0.0;0.0;0.0;0.0;2017;False
1141;25525;1211.16;0.0;0.0;0.0;0.0;0.0;2017;False
1142;41454;1966.99;445.28;445.28;0.23;1.0;0.23;2017;False
1143;2142;101.64;0.0;0.0;0.0;0.0;0.0;2017;False
1144;1991;94.47;0.0;0.0;0.0;0.0;0.0;2017;False
1145;11566;548.81;0.0;0.0;0.0;0.0;0.0;2017;False
1146;7693;365.03;0.0;0.0;0.0;0.0;0.0;2017;False
1147;2673;126.83;0.0;0.0;0.0;0.0;0.0;2017;False
1148;3103;147.24;0.0;0.0;0.0;0.0;0.0;2017;False
1149;8477;402.23;0.0;0.0;0.0;0.0;0.0;2017;False
1150;2927;138.89;0.0;0.0;0.0;0.0;0.0;2017;False
1151;99405;4716.77;797.08;797.08;0.17;1.0;0.17;2017;False
1152;3961;187.95;0.0;0.0;0.0;0.0;0.0;2017;False
1153;13969;662.83;0.0;0.0;0.0;0.0;0.0;2017;False
1154;3585;170.11;0.0;0.0;0.0;0.0;0.0;2017;False
1155;5724;271.6;0.0;0.0;0.0;0.0;0.0;2017;False
1156;29026;1377.28;497.12;497.12;0.36;1.0;0.36;2017;False
1157;3172;150.51;0.0;0.0;0.0;0.0;0.0;2017;False
1158;24652;1169.74;1088.91;1088.91;0.93;1.0;0.93;2017;False
1159;2188;103.82;0.0;0.0;0.0;0.0;0.0;2017;False
1160;3310;157.06;0.0;0.0;0.0;0.0;0.0;2017;False
1161;2448;116.16;0.0;0.0;0.0;0.0;0.0;2017;False
1162;8955;424.91;255.0;250.0;0.6;0.98;0.59;2017;False
1163;10131;480.72;488.01;488.01;1.02;1.0;1.02;2017;False
1164;2830;134.28;0.0;0.0;0.0;0.0;0.0;2017;False
1165;9523;451.87;0.0;0.0;0.0;0.0;0.0;2017;False
1166;2283;108.33;0.0;0.0;0.0;0.0;0.0;2017;False
1167;22468;1066.11;911.47;911.47;0.85;1.0;0.85;2017;False
1168;9951;472.17;0.0;0.0;0.0;0.0;0.0;2017;False
1169;22356;1060.79;0.0;0.0;0.0;0.0;0.0;2017;False
1170;28126;1334.58;495.62;495.62;0.37;1.0;0.37;2017;False
1171;80234;3807.1;1586.56;1586.56;0.42;1.0;0.42;2017;False
1172;16244;770.78;715.24;715.24;0.93;1.0;0.93;2017;False
1173;40905;1940.94;0.0;0.0;0.0;0.0;0.0;2017;False
1174;3393;161.0;0.0;0.0;0.0;0.0;0.0;2017;False
1175;3651;173.24;0.0;0.0;0.0;0.0;0.0;2017;False
1176;32119;1524.05;908.84;908.84;0.6;1.0;0.6;2017;False
1177;3033;143.92;0.0;0.0;0.0;0.0;0.0;2017;False
1178;43797;2078.17;2156.16;2156.16;1.04;1.0;1.04;2017;False
1179;9964;472.79;0.0;0.0;0.0;0.0;0.0;2017;False
1180;4359;206.83;0.0;0.0;0.0;0.0;0.0;2017;False
1181;3712;176.13;145.12;145.12;0.82;1.0;0.82;2017;False
1182;195972;9298.87;5765.87;5765.87;0.62;1.0;0.62;2017;False
1183;18052;856.57;747.81;747.81;0.87;1.0;0.87;2017;False
1184;7040;334.05;186.4;186.4;0.56;1.0;0.56;2017;False
1185;5772;273.88;0.0;0.0;0.0;0.0;0.0;2017;False
1186;2752;130.58;0.0;0.0;0.0;0.0;0.0;2017;False
1187;4793;227.43;0.0;0.0;0.0;0.0;0.0;2017;False
1188;34981;1659.85;2088.31;2087.87;1.26;1.0;1.26;2017;False
1189;3482;165.22;0.0;0.0;0.0;0.0;0.0;2017;False
1190;7420;352.08;0.0;0.0;0.0;0.0;0.0;2017;False
1191;3032;143.87;0.0;0.0;0.0;0.0;0.0;2017;False
1192;2371;112.5;0.0;0.0;0.0;0.0;0.0;2017;False
1193;3349;158.91;0.0;0.0;0.0;0.0;0.0;2017;False
1194;8687;412.2;0.0;0.0;0.0;0.0;0.0;2017;False
1195;4315;204.75;0.0;0.0;0.0;0.0;0.0;2017;False
1196;5225;247.93;0.0;0.0;0.0;0.0;0.0;2017;False
1197;64906;3079.79;1259.39;1259.39;0.41;1.0;0.41;2017;False
1198;11362;539.13;0.0;0.0;0.0;0.0;0.0;2017;False
1199;5747;272.7;0.0;0.0;0.0;0.0;0.0;2017;False
1200;11415;541.64;0.0;0.0;0.0;0.0;0.0;2017;False
1201;1396;66.24;71.26;71.26;1.08;1.0;1.08;2017;False
1202;29902;1418.85;0.0;0.0;0.0;0.0;0.0;2017;False
1203;4578;217.23;0.0;0.0;0.0;0.0;0.0;2017;False
1204;20481;971.82;283.96;283.96;0.29;1.0;0.29;2017;False
1205;3645;172.96;0.0;0.0;0.0;0.0;0.0;2017;False
1206;1869;88.68;0.0;0.0;0.0;0.0;0.0;2017;False
1207;17784;843.85;2000.0;0.0;2.37;0.0;0.0;2017;False
1208;95218;4518.09;0.0;0.0;0.0;0.0;0.0;2017;False
1209;7514;356.54;0.0;0.0;0.0;0.0;0.0;2017;False
1210;18489;877.3;582.12;582.12;0.66;1.0;0.66;2017;False
1211;6221;295.19;0.0;0.0;0.0;0.0;0.0;2017;False
1212;2706;128.4;0.0;0.0;0.0;0.0;0.0;2017;False
1213;3273;155.3;0.0;0.0;0.0;0.0;0.0;2017;False
1214;3036;144.06;0.0;0.0;0.0;0.0;0.0;2017;False
1215;6892;327.03;228.41;0.0;0.7;0.0;0.0;2017;False
1216;2618;124.22;0.0;0.0;0.0;0.0;0.0;2017;False
1217;109491;5195.35;2525.39;2525.39;0.49;1.0;0.49;2017;False
1218;3224;152.98;0.0;0.0;0.0;0.0;0.0;2017;False
1219;4350;206.41;0.0;0.0;0.0;0.0;0.0;2017;False
1220;4559;216.32;0.0;0.0;0.0;0.0;0.0;2017;False
1221;2673;126.83;0.0;0.0;0.0;0.0;0.0;2017;False
1222;36190;1717.22;907.57;907.57;0.53;1.0;0.53;2017;False
1223;12816;608.12;24.61;24.61;0.04;1.0;0.04;2017;False
1224;2847;135.09;0.0;0.0;0.0;0.0;0.0;2017;False
1225;144012;6833.37;2499.08;2499.08;0.37;1.0;0.37;2017;False
1226;3481;165.17;0.0;0.0;0.0;0.0;0.0;2017;False
1227;12347;585.87;0.0;0.0;0.0;0.0;0.0;2017;False
1228;7581;359.72;0.0;0.0;0.0;0.0;0.0;2017;False
1229;5174;245.51;0.0;0.0;0.0;0.0;0.0;2017;False
1230;5137;243.75;0.0;0.0;0.0;0.0;0.0;2017;False
985;7271;345.01;103.44;103.44;0.3;1.0;0.3;2016;False
986;16637;789.43;0.0;0.0;0.0;0.0;0.0;2016;False
987;19778;938.47;284.67;284.67;0.3;1.0;0.3;2016;False
988;2312;109.7;0.0;0.0;0.0;0.0;0.0;2016;False
989;5020;238.2;0.0;0.0;0.0;0.0;0.0;2016;False
990;1787;84.79;0.0;0.0;0.0;0.0;0.0;2016;False
991;172904;8204.29;0.0;0.0;0.0;0.0;0.0;2016;False
992;23888;1133.49;0.0;0.0;0.0;0.0;0.0;2016;False
993;1873;88.87;0.0;0.0;0.0;0.0;0.0;2016;False
994;5082;241.14;0.0;0.0;0.0;0.0;0.0;2016;False
995;6730;319.34;0.0;0.0;0.0;0.0;0.0;2016;False
996;7763;368.35;14.43;14.43;0.04;1.0;0.04;2016;False
997;3361;159.48;0.0;0.0;0.0;0.0;0.0;2016;False
998;5389;255.71;0.0;0.0;0.0;0.0;0.0;2016;False
999;3112;147.66;0.0;0.0;0.0;0.0;0.0;2016;False
1000;334863;15889.25;9967.46;9967.46;0.63;1.0;0.63;2016;False
1001;1006;47.73;0.0;0.0;0.0;0.0;0.0;2016;False
1002;19515;925.99;340.87;340.85;0.37;1.0;0.37;2016;False
1003;480464;22798.02;5114.21;4328.68;0.22;0.85;0.19;2016;False
1004;2269;107.66;99.7;99.7;0.93;1.0;0.93;2016;False
1005;3710;176.04;0.0;0.0;0.0;0.0;0.0;2016;False
1006;3388;160.76;0.0;0.0;0.0;0.0;0.0;2016;False
1007;17819;845.51;0.0;0.0;0.0;0.0;0.0;2016;False
1008;8674;411.58;0.0;0.0;0.0;0.0;0.0;2016;False
1009;7079;335.9;147.68;147.66;0.44;1.0;0.44;2016;False
1010;2718;128.97;0.0;0.0;0.0;0.0;0.0;2016;False
1011;8076;383.21;169.97;169.97;0.44;1.0;0.44;2016;False
1012;3128;148.42;0.0;0.0;0.0;0.0;0.0;2016;False
1013;2253;106.9;0.0;0.0;0.0;0.0;0.0;2016;False
1014;4119;195.45;0.0;0.0;0.0;0.0;0.0;2016;False
1015;9241;438.49;0.0;0.0;0.0;0.0;0.0;2016;False
1016;25350;1202.86;515.42;515.42;0.43;1.0;0.43;2016;False
1017;8001;379.65;0.0;0.0;0.0;0.0;0.0;2016;False
1018;21337;1012.44;1152.96;1152.96;1.14;1.0;1.14;2016;False
1019;8014;380.26;0.0;0.0;0.0;0.0;0.0;2016;False
1020;3673;174.28;0.0;0.0;0.0;0.0;0.0;2016;False
1021;3218;152.69;0.0;0.0;0.0;0.0;0.0;2016;False
1022;5232;248.26;155.65;155.65;0.63;1.0;0.63;2016;False
1023;8578;407.03;95.07;95.07;0.23;1.0;0.23;2016;False
1024;2337;110.89;0.0;0.0;0.0;0.0;0.0;2016;False
1025;3061;145.24;0.0;0.0;0.0;0.0;0.0;2016;False
1026;7116;337.65;0.0;0.0;0.0;0.0;0.0;2016;False
1027;10693;507.38;402.74;0.0;0.79;0.0;0.0;2016;False
1028;1281;60.78;0.0;0.0;0.0;0.0;0.0;2016;False
1029;7556;358.53;227.42;227.42;0.63;1.0;0.63;2016;False
1030;13602;645.41;557.43;557.43;0.86;1.0;0.86;2016;False
1031;16549;785.25;605.84;605.84;0.77;1.0;0.77;2016;False
1032;75139;3565.35;3148.0;3148.0;0.88;1.0;0.88;2016;False
1033;3308;156.96;0.0;0.0;0.0;0.0;0.0;2016;False
1034;3252;154.31;0.0;0.0;0.0;0.0;0.0;2016;False
1035;3377;160.24;0.0;0.0;0.0;0.0;0.0;2016;False
1036;11013;522.57;0.0;0.0;0.0;0.0;0.0;2016;False
1037;6341;300.88;0.0;0.0;0.0;0.0;0.0;2016;False
1038;6518;309.28;0.0;0.0;0.0;0.0;0.0;2016;False
1039;17755;842.47;544.13;544.12;0.65;1.0;0.65;2016;False
1040;3278;155.54;0.0;0.0;0.0;0.0;0.0;2016;False
1041;8818;418.41;0.0;0.0;0.0;0.0;0.0;2016;False
1042;3273;155.3;0.0;0.0;0.0;0.0;0.0;2016;False
1043;90822;4309.5;3931.64;3931.64;0.91;1.0;0.91;2016;False
1044;4523;214.62;0.0;0.0;0.0;0.0;0.0;2016;False
1045;8851;419.98;0.0;0.0;0.0;0.0;0.0;2016;False
1046;19894;943.97;944.37;944.37;1.0;1.0;1.0;2016;False
1047;7493;355.54;0.0;0.0;0.0;0.0;0.0;2016;False
1048;7993;379.27;786.0;786.0;2.07;1.0;2.07;2016;False
1049;59158;2807.05;1068.98;1068.98;0.38;1.0;0.38;2016;False
1050;17472;829.05;0.0;0.0;0.0;0.0;0.0;2016;False
1051;3196;151.65;0.0;0.0;0.0;0.0;0.0;2016;False
1052;2292;108.76;0.0;0.0;0.0;0.0;0.0;2016;False
1053;9953;472.27;0.0;0.0;0.0;0.0;0.0;2016;False
1054;8312;394.4;319.81;319.81;0.81;1.0;0.81;2016;False
1055;49060;2327.9;516.33;516.33;0.22;1.0;0.22;2016;False
1056;2732;129.63;0.0;0.0;0.0;0.0;0.0;2016;False
1057;15164;719.53;0.0;0.0;0.0;0.0;0.0;2016;False
1058;3260;154.69;0.0;0.0;0.0;0.0;0.0;2016;False
1059;2693;127.78;0.0;0.0;0.0;0.0;0.0;2016;False
1060;3058;145.1;0.0;0.0;0.0;0.0;0.0;2016;False
1061;2635;125.03;0.0;0.0;0.0;0.0;0.0;2016;False
1062;1923;91.25;0.0;0.0;0.0;0.0;0.0;2016;False
1063;2298;109.04;0.0;0.0;0.0;0.0;0.0;2016;False
1064;4520;214.47;0.0;0.0;0.0;0.0;0.0;2016;False
1065;7038;333.95;0.0;0.0;0.0;0.0;0.0;2016;False
1066;3440;163.23;0.0;0.0;0.0;0.0;0.0;2016;False
1067;10961;520.1;535.77;535.77;1.03;1.0;1.03;2016;False
1068;3053;144.86;0.0;0.0;0.0;0.0;0.0;2016;False
1069;6297;298.79;0.0;0.0;0.0;0.0;0.0;2016;False
1070;5530;262.4;0.0;0.0;0.0;0.0;0.0;2016;False
1071;11541;547.62;0.0;0.0;0.0;0.0;0.0;2016;False
1072;13315;631.8;0.0;0.0;0.0;0.0;0.0;2016;False
1073;102963;4885.59;3009.97;3009.96;0.62;1.0;0.62;2016;False
1074;4220;200.24;0.0;0.0;0.0;0.0;0.0;2016;False
1075;3359;159.38;0.0;0.0;0.0;0.0;0.0;2016;False
1076;10347;490.97;0.0;0.0;0.0;0.0;0.0;2016;False
1077;5036;238.96;0.0;0.0;0.0;0.0;0.0;2016;False
1078;60177;2855.4;2440.14;2440.14;0.85;1.0;0.85;2016;False
1079;1307976;62063.46;67341.71;55125.91;1.09;0.82;0.89;2016;False
1080;36421;1728.18;639.11;639.11;0.37;1.0;0.37;2016;False
1081;21912;1039.72;454.92;454.92;0.44;1.0;0.44;2016;False
1082;30860;1464.31;904.59;904.58;0.62;1.0;0.62;2016;False
1083;5036;238.96;0.0;0.0;0.0;0.0;0.0;2016;False
1084;13057;619.55;316.42;316.42;0.51;1.0;0.51;2016;False
1085;2019;95.8;0.0;0.0;0.0;0.0;0.0;2016;False
1086;3768;178.79;0.0;0.0;0.0;0.0;0.0;2016;False
1087;1889;89.63;0.0;0.0;0.0;0.0;0.0;2016;False
1088;3380;160.38;0.0;0.0;0.0;0.0;0.0;2016;False
1089;18167;862.02;0.0;0.0;0.0;0.0;0.0;2016;False
1090;3511;166.6;0.0;0.0;0.0;0.0;0.0;2016;False
1091;12235;580.55;0.0;0.0;0.0;0.0;0.0;2016;False
1092;5514;261.64;0.0;0.0;0.0;0.0;0.0;2016;False
1093;13594;645.04;0.0;0.0;0.0;0.0;0.0;2016;False
1094;46889;2224.88;1754.87;1754.87;0.79;1.0;0.79;2016;False
1095;23983;1137.99;0.0;0.0;0.0;0.0;0.0;2016;False
1096;2658;126.12;0.0;0.0;0.0;0.0;0.0;2016;False
1097;29089;1380.27;608.55;608.55;0.44;1.0;0.44;2016;False
1098;2632;124.89;0.0;0.0;0.0;0.0;0.0;2016;False
1099;36349;1724.76;1016.03;1016.03;0.59;1.0;0.59;2016;False
1100;4258;202.04;0.0;0.0;0.0;0.0;0.0;2016;False
1101;4940;234.4;0.0;0.0;0.0;0.0;0.0;2016;False
1102;4440;210.68;250.0;0.0;1.19;0.0;0.0;2016;False
1103;19252;913.51;0.0;0.0;0.0;0.0;0.0;2016;False
1104;5905;280.19;0.0;0.0;0.0;0.0;0.0;2016;False
1105;24027;1140.08;834.22;834.21;0.73;1.0;0.73;2016;False
1106;6254;296.75;0.0;0.0;0.0;0.0;0.0;2016;False
1107;8115;385.06;283.42;283.41;0.74;1.0;0.74;2016;False
1108;91684;4350.41;5881.07;5609.95;1.35;0.95;1.29;2016;False
1109;2326;110.37;0.0;0.0;0.0;0.0;0.0;2016;False
1110;5654;268.28;0.0;0.0;0.0;0.0;0.0;2016;False
1111;42899;2035.56;480.64;480.51;0.24;1.0;0.24;2016;False
1112;87650;4158.99;3492.37;3492.37;0.84;1.0;0.84;2016;False
1113;2721;129.11;0.0;0.0;0.0;0.0;0.0;2016;False
1114;2221;105.39;0.0;0.0;0.0;0.0;0.0;2016;False
1115;6722;318.96;323.06;323.04;1.01;1.0;1.01;2016;False
1116;17418;826.48;615.71;615.71;0.74;1.0;0.74;2016;False
1117;1320;62.63;68.62;68.62;1.1;1.0;1.1;2016;False
1118;7004;332.34;0.0;0.0;0.0;0.0;0.0;2016;False
1119;177748;8434.14;1501.26;1501.26;0.18;1.0;0.18;2016;False
1120;2195;104.15;0.0;0.0;0.0;0.0;0.0;2016;False
1121;7318;347.24;0.0;0.0;0.0;0.0;0.0;2016;False
1122;9317;442.09;231.27;231.26;0.52;1.0;0.52;2016;False
1123;1997;94.76;0.0;0.0;0.0;0.0;0.0;2016;False
1124;4058;192.55;0.0;0.0;0.0;0.0;0.0;2016;False
1125;11891;564.23;0.0;0.0;0.0;0.0;0.0;2016;False
1126;2445;116.02;45.47;45.46;0.39;1.0;0.39;2016;False
1127;27865;1322.19;689.94;689.94;0.52;1.0;0.52;2016;False
1128;55639;2640.07;3814.0;0.0;1.44;0.0;0.0;2016;False
1129;1520;72.12;0.0;0.0;0.0;0.0;0.0;2016;False
1130;7577;359.53;0.0;0.0;0.0;0.0;0.0;2016;False
1131;7430;352.55;72.22;0.0;0.2;0.0;0.0;2016;False
1132;11139;528.55;251.77;251.77;0.48;1.0;0.48;2016;False
1133;3988;189.23;0.0;0.0;0.0;0.0;0.0;2016;False
1134;40630;1927.89;1491.74;1491.74;0.77;1.0;0.77;2016;False
1135;2130;101.07;0.0;0.0;0.0;0.0;0.0;2016;False
1136;4295;203.8;0.0;0.0;0.0;0.0;0.0;2016;False
1137;13490;640.1;0.0;0.0;0.0;0.0;0.0;2016;False
1138;5224;247.88;0.0;0.0;0.0;0.0;0.0;2016;False
1139;3531;167.55;0.0;0.0;0.0;0.0;0.0;2016;False
1140;7897;374.71;0.0;0.0;0.0;0.0;0.0;2016;False
1141;25111;1191.52;0.0;0.0;0.0;0.0;0.0;2016;False
1142;41155;1952.8;390.2;390.2;0.2;1.0;0.2;2016;False
1143;2136;101.35;0.0;0.0;0.0;0.0;0.0;2016;False
1144;1980;93.95;0.0;0.0;0.0;0.0;0.0;2016;False
1145;11495;545.44;0.0;0.0;0.0;0.0;0.0;2016;False
1146;7717;366.17;0.0;0.0;0.0;0.0;0.0;2016;False
1147;2666;126.5;0.0;0.0;0.0;0.0;0.0;2016;False
1148;3117;147.9;0.0;0.0;0.0;0.0;0.0;2016;False
1149;8350;396.21;0.0;0.0;0.0;0.0;0.0;2016;False
1150;2971;140.97;0.0;0.0;0.0;0.0;0.0;2016;False
1151;97883;4644.55;875.86;875.86;0.19;1.0;0.19;2016;False
1152;3921;186.05;0.0;0.0;0.0;0.0;0.0;2016;False
1153;13872;658.23;0.0;0.0;0.0;0.0;0.0;2016;False
1154;3605;171.06;0.0;0.0;0.0;0.0;0.0;2016;False
1155;5635;267.38;0.0;0.0;0.0;0.0;0.0;2016;False
1156;28573;1355.79;486.43;486.43;0.36;1.0;0.36;2016;False
1157;3166;150.23;0.0;0.0;0.0;0.0;0.0;2016;False
1158;24247;1150.52;1012.43;1012.43;0.88;1.0;0.88;2016;False
1159;2185;103.68;0.0;0.0;0.0;0.0;0.0;2016;False
1160;3308;156.96;0.0;0.0;0.0;0.0;0.0;2016;False
1161;2453;116.39;0.0;0.0;0.0;0.0;0.0;2016;False
1162;8885;421.59;250.0;200.0;0.59;0.8;0.47;2016;False
1163;10121;480.24;468.25;468.25;0.98;1.0;0.98;2016;False
1164;2817;133.67;0.0;0.0;0.0;0.0;0.0;2016;False
1165;9523;451.87;0.0;0.0;0.0;0.0;0.0;2016;False
1166;2321;110.13;0.0;0.0;0.0;0.0;0.0;2016;False
1167;22419;1063.78;892.95;892.95;0.84;1.0;0.84;2016;False
1168;10014;475.16;0.0;0.0;0.0;0.0;0.0;2016;False
1169;22214;1054.05;0.0;0.0;0.0;0.0;0.0;2016;False
1170;27926;1325.09;484.34;484.34;0.37;1.0;0.37;2016;False
1171;79615;3777.73;1302.96;1302.95;0.34;1.0;0.34;2016;False
1172;16191;768.26;719.76;719.75;0.94;1.0;0.94;2016;False
1173;40680;1930.27;0.0;0.0;0.0;0.0;0.0;2016;False
1174;3354;159.15;0.0;0.0;0.0;0.0;0.0;2016;False
1175;3638;172.62;0.0;0.0;0.0;0.0;0.0;2016;False
1176;31717;1504.97;924.17;924.17;0.61;1.0;0.61;2016;False
1177;3041;144.3;0.0;0.0;0.0;0.0;0.0;2016;False
1178;43294;2054.3;2087.62;2087.62;1.02;1.0;1.02;2016;False
1179;9934;471.37;0.0;0.0;0.0;0.0;0.0;2016;False
1180;4341;205.98;0.0;0.0;0.0;0.0;0.0;2016;False
1181;3624;171.96;128.45;128.45;0.75;1.0;0.75;2016;False
1182;191628;9092.75;5185.9;5182.91;0.57;1.0;0.57;2016;False
1183;17980;853.15;739.22;739.22;0.87;1.0;0.87;2016;False
1184;7034;333.76;0.0;0.0;0.0;0.0;0.0;2016;False
1185;5712;271.03;0.0;0.0;0.0;0.0;0.0;2016;False
1186;2772;131.53;0.0;0.0;0.0;0.0;0.0;2016;False
1187;4742;225.01;0.0;0.0;0.0;0.0;0.0;2016;False
1188;34818;1652.11;2023.23;2023.23;1.22;1.0;1.22;2016;False
1189;3473;164.79;0.0;0.0;0.0;0.0;0.0;2016;False
1190;7285;345.67;0.0;0.0;0.0;0.0;0.0;2016;False
1191;3020;143.3;0.0;0.0;0.0;0.0;0.0;2016;False
1192;2413;114.5;0.0;0.0;0.0;0.0;0.0;2016;False
1193;3395;161.09;0.0;0.0;0.0;0.0;0.0;2016;False
1194;8800;417.56;0.0;0.0;0.0;0.0;0.0;2016;False
1195;4286;203.37;0.0;0.0;0.0;0.0;0.0;2016;False
1196;5109;242.42;0.0;0.0;0.0;0.0;0.0;2016;False
1197;64060;3039.65;1266.37;1266.37;0.42;1.0;0.42;2016;False
1198;11239;533.29;0.0;0.0;0.0;0.0;0.0;2016;False
1199;5737;272.22;0.0;0.0;0.0;0.0;0.0;2016;False
1200;11159;529.49;0.0;0.0;0.0;0.0;0.0;2016;False
1201;1418;67.28;68.71;68.71;1.02;1.0;1.02;2016;False
1202;29622;1405.56;0.0;0.0;0.0;0.0;0.0;2016;False
1203;4537;215.28;0.0;0.0;0.0;0.0;0.0;2016;False
1204;20501;972.77;280.06;280.06;0.29;1.0;0.29;2016;False
1205;3623;171.91;0.0;0.0;0.0;0.0;0.0;2016;False
1206;1865;88.49;0.0;0.0;0.0;0.0;0.0;2016;False
1207;17522;831.42;2000.0;0.0;2.41;0.0;0.0;2016;False
1208;92950;4410.48;0.0;0.0;0.0;0.0;0.0;2016;False
1209;7436;352.84;0.0;0.0;0.0;0.0;0.0;2016;False
1210;18380;872.13;555.96;555.96;0.64;1.0;0.64;2016;False
1211;6196;294.0;0.0;0.0;0.0;0.0;0.0;2016;False
1212;2694;127.83;0.0;0.0;0.0;0.0;0.0;2016;False
1213;3273;155.3;0.0;0.0;0.0;0.0;0.0;2016;False
1214;3003;142.49;0.0;0.0;0.0;0.0;0.0;2016;False
1215;6783;321.85;226.65;226.65;0.7;1.0;0.7;2016;False
1216;2617;124.18;0.0;0.0;0.0;0.0;0.0;2016;False
1217;107792;5114.73;2188.36;2188.36;0.43;1.0;0.43;2016;False
1218;3220;152.79;0.0;0.0;0.0;0.0;0.0;2016;False
1219;4367;207.21;0.0;0.0;0.0;0.0;0.0;2016;False
1220;4494;213.24;0.0;0.0;0.0;0.0;0.0;2016;False
1221;2678;127.07;0.0;0.0;0.0;0.0;0.0;2016;False
1222;35923;1704.55;909.65;909.65;0.53;1.0;0.53;2016;False
1223;12814;608.02;23.98;23.98;0.04;1.0;0.04;2016;False
1224;2847;135.09;0.0;0.0;0.0;0.0;0.0;2016;False
1225;141230;6701.36;2471.4;2471.4;0.37;1.0;0.37;2016;False
1226;3468;164.56;0.0;0.0;0.0;0.0;0.0;2016;False
1227;12249;581.22;0.0;0.0;0.0;0.0;0.0;2016;False
1228;7481;354.97;0.0;0.0;0.0;0.0;0.0;2016;False
1229;5069;240.52;0.0;0.0;0.0;0.0;0.0;2016;False
1230;5087;241.38;0.0;0.0;0.0;0.0;0.0;2016;False
985;7128;338.22;98.54;98.54;0.29;1.0;0.29;2015;False
986;16314;774.1;0.0;0.0;0.0;0.0;0.0;2015;False
987;19620;930.97;293.16;293.16;0.31;1.0;0.31;2015;False
988;2308;109.51;0.0;0.0;0.0;0.0;0.0;2015;False
989;4972;235.92;0.0;0.0;0.0;0.0;0.0;2015;False
990;1799;85.36;0.0;0.0;0.0;0.0;0.0;2015;False
991;168907;8014.64;0.0;0.0;0.0;0.0;0.0;2015;False
992;23597;1119.68;0.0;0.0;0.0;0.0;0.0;2015;False
993;1877;89.06;0.0;0.0;0.0;0.0;0.0;2015;False
994;4938;234.31;0.0;0.0;0.0;0.0;0.0;2015;False
995;6673;316.63;0.0;0.0;0.0;0.0;0.0;2015;False
996;7718;366.22;14.67;14.67;0.04;1.0;0.04;2015;False
997;3332;158.1;0.0;0.0;0.0;0.0;0.0;2015;False
998;5343;253.53;0.0;0.0;0.0;0.0;0.0;2015;False
999;3148;149.37;0.0;0.0;0.0;0.0;0.0;2015;False
1000;330904;15701.39;9890.09;9890.09;0.63;1.0;0.63;2015;False
1001;996;47.26;0.0;0.0;0.0;0.0;0.0;2015;False
1002;19392;920.15;349.5;349.5;0.38;1.0;0.38;2015;False
1003;471232;22359.96;4281.0;3425.0;0.19;0.8;0.15;2015;False
1004;2266;107.52;97.78;97.78;0.91;1.0;0.91;2015;False
1005;3681;174.66;0.0;0.0;0.0;0.0;0.0;2015;False
1006;3409;161.76;0.0;0.0;0.0;0.0;0.0;2015;False
1007;17681;838.96;0.0;0.0;0.0;0.0;0.0;2015;False
1008;8526;404.56;0.0;0.0;0.0;0.0;0.0;2015;False
1009;7058;334.9;148.46;148.46;0.44;1.0;0.44;2015;False
1010;2768;131.34;0.0;0.0;0.0;0.0;0.0;2015;False
1011;7896;374.67;143.44;143.44;0.38;1.0;0.38;2015;False
1012;3167;150.27;0.0;0.0;0.0;0.0;0.0;2015;False
1013;2256;107.05;0.0;0.0;0.0;0.0;0.0;2015;False
1014;4011;190.32;0.0;0.0;0.0;0.0;0.0;2015;False
1015;9056;429.71;0.0;0.0;0.0;0.0;0.0;2015;False
1016;24945;1183.64;496.59;496.59;0.42;1.0;0.42;2015;False
1017;7968;378.08;0.0;0.0;0.0;0.0;0.0;2015;False
1018;20998;996.36;1076.09;963.96;1.08;0.9;0.97;2015;False
1019;7849;372.44;0.0;0.0;0.0;0.0;0.0;2015;False
1020;3606;171.1;0.0;0.0;0.0;0.0;0.0;2015;False
1021;3183;151.03;0.0;0.0;0.0;0.0;0.0;2015;False
1022;5211;247.26;162.52;162.52;0.66;1.0;0.66;2015;False
1023;8547;405.56;94.93;94.93;0.23;1.0;0.23;2015;False
1024;2343;111.18;0.0;0.0;0.0;0.0;0.0;2015;False
1025;3064;145.39;0.0;0.0;0.0;0.0;0.0;2015;False
1026;7068;335.38;0.0;0.0;0.0;0.0;0.0;2015;False
1027;10548;500.5;448.59;0.0;0.9;0.0;0.0;2015;False
1028;1286;61.02;0.0;0.0;0.0;0.0;0.0;2015;False
1029;7569;359.15;220.96;220.96;0.62;1.0;0.62;2015;False
1030;13396;635.64;542.49;542.49;0.85;1.0;0.85;2015;False
1031;16385;777.47;587.0;587.0;0.76;1.0;0.76;2015;False
1032;73565;3490.66;0.0;0.0;0.0;0.0;0.0;2015;False
1033;3272;155.26;0.0;0.0;0.0;0.0;0.0;2015;False
1034;3233;153.41;0.0;0.0;0.0;0.0;0.0;2015;False
1035;3379;160.33;0.0;0.0;0.0;0.0;0.0;2015;False
1036;10898;517.11;0.0;0.0;0.0;0.0;0.0;2015;False
1037;6226;295.42;0.0;0.0;0.0;0.0;0.0;2015;False
1038;6401;303.73;0.0;0.0;0.0;0.0;0.0;2015;False
1039;17642;837.11;511.29;511.29;0.61;1.0;0.61;2015;False
1040;3494;165.79;0.0;0.0;0.0;0.0;0.0;2015;False
1041;8731;414.29;0.0;0.0;0.0;0.0;0.0;2015;False
1042;3288;156.02;0.0;0.0;0.0;0.0;0.0;2015;False
1043;89149;4230.12;2697.51;2697.51;0.64;1.0;0.64;2015;False
1044;4493;213.19;0.0;0.0;0.0;0.0;0.0;2015;False
1045;8825;418.75;0.0;0.0;0.0;0.0;0.0;2015;False
1046;19781;938.61;924.76;924.76;0.99;1.0;0.99;2015;False
1047;7412;351.7;0.0;0.0;0.0;0.0;0.0;2015;False
1048;7755;367.97;511.0;511.0;1.39;1.0;1.39;2015;False
1049;57992;2751.72;1088.75;1088.75;0.4;1.0;0.4;2015;False
1050;17258;818.89;0.0;0.0;0.0;0.0;0.0;2015;False
1051;3206;152.12;0.0;0.0;0.0;0.0;0.0;2015;False
1052;2315;109.85;0.0;0.0;0.0;0.0;0.0;2015;False
1053;9896;469.57;0.0;0.0;0.0;0.0;0.0;2015;False
1054;8195;388.85;299.45;299.45;0.77;1.0;0.77;2015;False
1055;48124;2283.48;509.8;509.8;0.22;1.0;0.22;2015;False
1056;2729;129.49;0.0;0.0;0.0;0.0;0.0;2015;False
1057;15073;715.21;0.0;0.0;0.0;0.0;0.0;2015;False
1058;3264;154.88;0.0;0.0;0.0;0.0;0.0;2015;False
1059;2701;128.16;85.0;0.0;0.66;0.0;0.0;2015;False
1060;3056;145.01;0.0;0.0;0.0;0.0;0.0;2015;False
1061;2621;124.37;0.0;0.0;0.0;0.0;0.0;2015;False
1062;1919;91.06;0.0;0.0;0.0;0.0;0.0;2015;False
1063;2297;108.99;0.0;0.0;0.0;0.0;0.0;2015;False
1064;4532;215.04;0.0;0.0;0.0;0.0;0.0;2015;False
1065;7080;335.95;0.0;0.0;0.0;0.0;0.0;2015;False
1066;3443;163.37;0.0;0.0;0.0;0.0;0.0;2015;False
1067;10877;516.11;574.56;562.46;1.11;0.98;1.09;2015;False
1068;3057;145.05;0.0;0.0;0.0;0.0;0.0;2015;False
1069;6323;300.03;0.0;0.0;0.0;0.0;0.0;2015;False
1070;5580;264.77;0.0;0.0;0.0;0.0;0.0;2015;False
1071;11412;541.5;0.0;0.0;0.0;0.0;0.0;2015;False
1072;12976;615.71;0.0;0.0;0.0;0.0;0.0;2015;False
1073;101337;4808.44;2515.23;2515.23;0.52;1.0;0.52;2015;False
1074;4267;202.47;0.0;0.0;0.0;0.0;0.0;2015;False
1075;3308;156.96;0.0;0.0;0.0;0.0;0.0;2015;False
1076;9953;472.27;0.0;0.0;0.0;0.0;0.0;2015;False
1077;5010;237.72;0.0;0.0;0.0;0.0;0.0;2015;False
1078;59381;2817.63;2317.14;2317.14;0.82;1.0;0.82;2015;False
1079;1291776;61294.77;67769.38;53482.85;1.11;0.79;0.87;2015;False
1080;35650;1691.59;613.39;613.39;0.36;1.0;0.36;2015;False
1081;22065;1046.98;442.12;442.12;0.42;1.0;0.42;2015;False
1082;30737;1458.47;827.99;827.99;0.57;1.0;0.57;2015;False
1083;4965;235.59;0.0;0.0;0.0;0.0;0.0;2015;False
1084;13038;618.65;317.26;317.26;0.51;1.0;0.51;2015;False
1085;2047;97.13;0.0;0.0;0.0;0.0;0.0;2015;False
1086;3795;180.07;0.0;0.0;0.0;0.0;0.0;2015;False
1087;1926;91.39;0.0;0.0;0.0;0.0;0.0;2015;False
1088;3368;159.81;0.0;0.0;0.0;0.0;0.0;2015;False
1089;17842;846.6;0.0;0.0;0.0;0.0;0.0;2015;False
1090;3545;168.21;0.0;0.0;0.0;0.0;0.0;2015;False
1091;12119;575.05;0.0;0.0;0.0;0.0;0.0;2015;False
1092;5476;259.84;0.0;0.0;0.0;0.0;0.0;2015;False
1093;13448;638.11;0.0;0.0;0.0;0.0;0.0;2015;False
1094;46538;2208.23;1729.28;1729.28;0.78;1.0;0.78;2015;False
1095;23812;1129.88;0.0;0.0;0.0;0.0;0.0;2015;False
1096;2654;125.93;0.0;0.0;0.0;0.0;0.0;2015;False
1097;29067;1379.23;473.48;473.48;0.34;1.0;0.34;2015;False
1098;2639;125.22;0.0;0.0;0.0;0.0;0.0;2015;False
1099;35781;1697.81;1056.87;1056.87;0.62;1.0;0.62;2015;False
1100;4246;201.47;0.0;0.0;0.0;0.0;0.0;2015;False
1101;4955;235.11;0.0;0.0;0.0;0.0;0.0;2015;False
1102;4479;212.53;250.0;0.0;1.18;0.0;0.0;2015;False
1103;18911;897.33;0.0;0.0;0.0;0.0;0.0;2015;False
1104;6118;290.3;0.0;0.0;0.0;0.0;0.0;2015;False
1105;24052;1141.27;844.96;844.96;0.74;1.0;0.74;2015;False
1106;6187;293.57;0.0;0.0;0.0;0.0;0.0;2015;False
1107;8087;383.73;288.04;288.04;0.75;1.0;0.75;2015;False
1108;90784;4307.7;5632.66;5424.5;1.31;0.96;1.26;2015;False
1109;2348;111.41;0.0;0.0;0.0;0.0;0.0;2015;False
1110;5662;268.66;0.0;0.0;0.0;0.0;0.0;2015;False
1111;42246;2004.57;480.61;480.37;0.24;1.0;0.24;2015;False
1112;86676;4112.78;3020.0;2949.0;0.73;0.98;0.72;2015;False
1113;2730;129.54;0.0;0.0;0.0;0.0;0.0;2015;False
1114;2206;104.67;0.0;0.0;0.0;0.0;0.0;2015;False
1115;6701;317.96;308.31;307.18;0.97;1.0;0.97;2015;False
1116;17467;828.81;605.21;605.21;0.73;1.0;0.73;2015;False
1117;1295;61.45;45.72;45.72;0.74;1.0;0.74;2015;False
1118;7373;349.85;0.0;0.0;0.0;0.0;0.0;2015;False
1119;175197;8313.1;1513.44;1513.44;0.18;1.0;0.18;2015;False
1120;2195;104.15;0.0;0.0;0.0;0.0;0.0;2015;False
1121;7173;340.36;0.0;0.0;0.0;0.0;0.0;2015;False
1122;9402;446.12;219.22;219.22;0.49;1.0;0.49;2015;False
1123;1984;94.14;0.0;0.0;0.0;0.0;0.0;2015;False
1124;4063;192.79;0.0;0.0;0.0;0.0;0.0;2015;False
1125;11697;555.02;0.0;0.0;0.0;0.0;0.0;2015;False
1126;2451;116.3;46.59;46.59;0.4;1.0;0.4;2015;False
1127;28017;1329.41;867.24;0.0;0.65;0.0;0.0;2015;False
1128;54592;2590.39;0.0;0.0;0.0;0.0;0.0;2015;False
1129;1538;72.98;0.0;0.0;0.0;0.0;0.0;2015;False
1130;7511;356.4;0.0;0.0;0.0;0.0;0.0;2015;False
1131;7425;352.32;0.0;0.0;0.0;0.0;0.0;2015;False
1132;10925;518.39;240.07;240.07;0.46;1.0;0.46;2015;False
1133;3961;187.95;0.0;0.0;0.0;0.0;0.0;2015;False
1134;40275;1911.05;1403.55;1403.55;0.73;1.0;0.73;2015;False
1135;2138;101.45;0.0;0.0;0.0;0.0;0.0;2015;False
1136;4349;206.36;0.0;0.0;0.0;0.0;0.0;2015;False
1137;13319;631.99;0.0;0.0;0.0;0.0;0.0;2015;False
1138;5339;253.34;0.0;0.0;0.0;0.0;0.0;2015;False
1139;3536;167.78;0.0;0.0;0.0;0.0;0.0;2015;False
1140;7801;370.16;0.0;0.0;0.0;0.0;0.0;2015;False
1141;24686;1171.35;0.0;0.0;0.0;0.0;0.0;2015;False
1142;40849;1938.29;402.72;402.72;0.21;1.0;0.21;2015;False
1143;2129;101.02;0.0;0.0;0.0;0.0;0.0;2015;False
1144;1969;93.43;0.0;0.0;0.0;0.0;0.0;2015;False
1145;11424;542.07;0.0;0.0;0.0;0.0;0.0;2015;False
1146;7742;367.36;0.0;0.0;0.0;0.0;0.0;2015;False
1147;2658;126.12;0.0;0.0;0.0;0.0;0.0;2015;False
1148;3133;148.66;0.0;0.0;0.0;0.0;0.0;2015;False
1149;8220;390.04;0.0;0.0;0.0;0.0;0.0;2015;False
1150;3016;143.11;0.0;0.0;0.0;0.0;0.0;2015;False
1151;96318;4570.29;866.64;866.64;0.19;1.0;0.19;2015;False
1152;3880;184.11;0.0;0.0;0.0;0.0;0.0;2015;False
1153;13772;653.48;0.0;0.0;0.0;0.0;0.0;2015;False
1154;3626;172.05;0.0;0.0;0.0;0.0;0.0;2015;False
1155;5545;263.11;0.0;0.0;0.0;0.0;0.0;2015;False
1156;28106;1333.63;470.22;470.22;0.35;1.0;0.35;2015;False
1157;3159;149.89;0.0;0.0;0.0;0.0;0.0;2015;False
1158;23830;1130.73;927.91;925.97;0.82;1.0;0.82;2015;False
1159;2181;103.49;0.0;0.0;0.0;0.0;0.0;2015;False
1160;3305;156.82;0.0;0.0;0.0;0.0;0.0;2015;False
1161;2457;116.58;0.0;0.0;0.0;0.0;0.0;2015;False
1162;8812;418.13;0.0;0.0;0.0;0.0;0.0;2015;False
1163;10111;479.77;478.64;463.18;1.0;0.97;0.97;2015;False
1164;2803;133.0;0.0;0.0;0.0;0.0;0.0;2015;False
1165;9522;451.82;0.0;0.0;0.0;0.0;0.0;2015;False
1166;2360;111.98;0.0;0.0;0.0;0.0;0.0;2015;False
1167;22366;1061.27;895.29;895.29;0.84;1.0;0.84;2015;False
1168;10079;478.25;0.0;0.0;0.0;0.0;0.0;2015;False
1169;22070;1047.22;0.0;0.0;0.0;0.0;0.0;2015;False
1170;27721;1315.36;475.34;475.34;0.36;1.0;0.36;2015;False
1171;78980;3747.6;950.44;950.44;0.25;1.0;0.25;2015;False
1172;16137;765.7;721.5;721.32;0.94;1.0;0.94;2015;False
1173;40448;1919.26;0.0;0.0;0.0;0.0;0.0;2015;False
1174;3313;157.2;0.0;0.0;0.0;0.0;0.0;2015;False
1175;3625;172.01;0.0;0.0;0.0;0.0;0.0;2015;False
1176;31297;1485.04;926.97;926.97;0.62;1.0;0.62;2015;False
1177;3051;144.77;0.0;0.0;0.0;0.0;0.0;2015;False
1178;42776;2029.72;2002.42;1975.22;0.99;0.99;0.97;2015;False
1179;9903;469.9;0.0;0.0;0.0;0.0;0.0;2015;False
1180;4323;205.13;0.0;0.0;0.0;0.0;0.0;2015;False
1181;3549;168.4;0.0;0.0;0.0;0.0;0.0;2015;False
1182;187167;8881.07;4233.0;3756.0;0.48;0.89;0.42;2015;False
1183;17906;849.64;741.08;741.08;0.87;1.0;0.87;2015;False
1184;7027;333.43;0.0;0.0;0.0;0.0;0.0;2015;False
1185;5651;268.14;0.0;0.0;0.0;0.0;0.0;2015;False
1186;2794;132.58;0.0;0.0;0.0;0.0;0.0;2015;False
1187;4689;222.49;0.0;0.0;0.0;0.0;0.0;2015;False
1188;34651;1644.19;2023.78;2018.11;1.23;1.0;1.23;2015;False
1189;3463;164.32;0.0;0.0;0.0;0.0;0.0;2015;False
1190;7147;339.13;0.0;0.0;0.0;0.0;0.0;2015;False
1191;3007;142.68;0.0;0.0;0.0;0.0;0.0;2015;False
1192;2457;116.58;0.0;0.0;0.0;0.0;0.0;2015;False
1193;3443;163.37;0.0;0.0;0.0;0.0;0.0;2015;False
1194;8917;423.11;0.0;0.0;0.0;0.0;0.0;2015;False
1195;4256;201.95;0.0;0.0;0.0;0.0;0.0;2015;False
1196;4990;236.78;0.0;0.0;0.0;0.0;0.0;2015;False
1197;63192;2998.46;1331.06;1331.06;0.44;1.0;0.44;2015;False
1198;11111;527.22;0.0;0.0;0.0;0.0;0.0;2015;False
1199;5725;271.65;0.0;0.0;0.0;0.0;0.0;2015;False
1200;10898;517.11;0.0;0.0;0.0;0.0;0.0;2015;False
1201;1441;68.38;68.73;68.73;1.01;1.0;1.01;2015;False
1202;29336;1391.99;0.0;0.0;0.0;0.0;0.0;2015;False
1203;4496;213.34;0.0;0.0;0.0;0.0;0.0;2015;False
1204;20521;973.72;281.48;281.48;0.29;1.0;0.29;2015;False
1205;3599;170.77;0.0;0.0;0.0;0.0;0.0;2015;False
1206;1861;88.3;0.0;0.0;0.0;0.0;0.0;2015;False
1207;17254;818.7;0.0;0.0;0.0;0.0;0.0;2015;False
1208;90621;4299.97;0.0;0.0;0.0;0.0;0.0;2015;False
1209;7355;348.99;0.0;0.0;0.0;0.0;0.0;2015;False
1210;18268;866.82;549.46;549.46;0.63;1.0;0.63;2015;False
1211;6170;292.77;0.0;0.0;0.0;0.0;0.0;2015;False
1212;2681;127.21;0.0;0.0;0.0;0.0;0.0;2015;False
1213;3273;155.3;0.0;0.0;0.0;0.0;0.0;2015;False
1214;2970;140.93;0.0;0.0;0.0;0.0;0.0;2015;False
1215;6671;316.54;0.0;0.0;0.0;0.0;0.0;2015;False
1216;2616;124.13;0.0;0.0;0.0;0.0;0.0;2015;False
1217;106049;5032.03;2085.0;2067.0;0.41;0.99;0.41;2015;False
1218;3216;152.6;0.0;0.0;0.0;0.0;0.0;2015;False
1219;4385;208.07;0.0;0.0;0.0;0.0;0.0;2015;False
1220;4427;210.06;0.0;0.0;0.0;0.0;0.0;2015;False
1221;2684;127.36;0.0;0.0;0.0;0.0;0.0;2015;False
1222;35649;1691.55;879.36;879.36;0.52;1.0;0.52;2015;False
1223;12812;607.93;25.87;0.01;0.04;0.0;0.0;2015;False
1224;2846;135.04;0.0;0.0;0.0;0.0;0.0;2015;False
1225;138373;6565.8;2319.15;2319.15;0.35;1.0;0.35;2015;False
1226;3455;163.94;0.0;0.0;0.0;0.0;0.0;2015;False
1227;12149;576.47;0.0;0.0;0.0;0.0;0.0;2015;False
1228;7377;350.04;0.0;0.0;0.0;0.0;0.0;2015;False
1229;4961;235.4;0.0;0.0;0.0;0.0;0.0;2015;False
1230;5036;238.96;0.0;0.0;0.0;0.0;0.0;2015;False
985;6982;331.3;90.52;90.52;0.27;1.0;0.27;2014;False
986;15982;758.35;0.0;0.0;0.0;0.0;0.0;2014;False
987;19456;923.19;301.02;301.02;0.33;1.0;0.33;2014;False
988;2306;109.42;0.0;0.0;0.0;0.0;0.0;2014;False
989;4921;233.5;0.0;0.0;0.0;0.0;0.0;2014;False
990;1812;85.98;0.0;0.0;0.0;0.0;0.0;2014;False
991;164802;7819.85;0.0;0.0;0.0;0.0;0.0;2014;False
992;23299;1105.54;0.0;0.0;0.0;0.0;0.0;2014;False
993;1881;89.25;0.0;0.0;0.0;0.0;0.0;2014;False
994;4791;227.33;0.0;0.0;0.0;0.0;0.0;2014;False
995;6616;313.93;0.0;0.0;0.0;0.0;0.0;2014;False
996;7673;364.08;16.01;16.01;0.04;1.0;0.04;2014;False
997;3302;156.68;0.0;0.0;0.0;0.0;0.0;2014;False
998;5296;251.3;0.0;0.0;0.0;0.0;0.0;2014;False
999;3185;151.13;0.0;0.0;0.0;0.0;0.0;2014;False
1000;326841;15508.61;9941.41;9941.41;0.64;1.0;0.64;2014;False
1001;986;46.79;0.0;0.0;0.0;0.0;0.0;2014;False
1002;19266;914.17;358.66;358.66;0.39;1.0;0.39;2014;False
1003;461673;21906.38;4855.0;4612.0;0.22;0.95;0.21;2014;False
1004;2261;107.28;97.81;97.81;0.91;1.0;0.91;2014;False
1005;3650;173.19;0.0;0.0;0.0;0.0;0.0;2014;False
1006;3431;162.8;0.0;0.0;0.0;0.0;0.0;2014;False
1007;17539;832.23;0.0;0.0;0.0;0.0;0.0;2014;False
1008;8377;397.49;0.0;0.0;0.0;0.0;0.0;2014;False
1009;7038;333.95;153.67;153.67;0.46;1.0;0.46;2014;False
1010;2818;133.71;0.0;0.0;0.0;0.0;0.0;2014;False
1011;7712;365.93;95.58;95.58;0.26;1.0;0.26;2014;False
1012;3208;152.22;0.0;0.0;0.0;0.0;0.0;2014;False
1013;2258;107.14;0.0;0.0;0.0;0.0;0.0;2014;False
1014;3901;185.1;0.0;0.0;0.0;0.0;0.0;2014;False
1015;8866;420.69;0.0;0.0;0.0;0.0;0.0;2014;False
1016;24479;1161.53;496.03;496.03;0.43;1.0;0.43;2014;False
1017;7936;376.56;0.0;0.0;0.0;0.0;0.0;2014;False
1018;20651;979.89;1028.18;732.62;1.05;0.71;0.75;2014;False
1019;7681;364.46;0.0;0.0;0.0;0.0;0.0;2014;False
1020;3535;167.74;0.0;0.0;0.0;0.0;0.0;2014;False
1021;3146;149.28;0.0;0.0;0.0;0.0;0.0;2014;False
1022;5189;246.22;164.71;164.71;0.67;1.0;0.67;2014;False
1023;8515;404.04;99.56;99.56;0.25;1.0;0.25;2014;False
1024;2347;111.37;0.0;0.0;0.0;0.0;0.0;2014;False
1025;3066;145.48;0.0;0.0;0.0;0.0;0.0;2014;False
1026;7018;333.0;0.0;0.0;0.0;0.0;0.0;2014;False
1027;10398;493.39;462.67;0.0;0.94;0.0;0.0;2014;False
1028;1291;61.26;0.0;0.0;0.0;0.0;0.0;2014;False
1029;7583;359.81;226.74;226.74;0.63;1.0;0.63;2014;False
1030;13185;625.63;556.79;556.79;0.89;1.0;0.89;2014;False
1031;16217;769.5;481.98;481.98;0.63;1.0;0.63;2014;False
1032;71965;3414.74;2310.0;2310.0;0.68;1.0;0.68;2014;False
1033;3234;153.45;0.0;0.0;0.0;0.0;0.0;2014;False
1034;3214;152.5;0.0;0.0;0.0;0.0;0.0;2014;False
1035;3380;160.38;0.0;0.0;0.0;0.0;0.0;2014;False
1036;10780;511.51;0.0;0.0;0.0;0.0;0.0;2014;False
1037;6108;289.82;0.0;0.0;0.0;0.0;0.0;2014;False
1038;6281;298.03;0.0;0.0;0.0;0.0;0.0;2014;False
1039;17527;831.66;460.38;460.38;0.55;1.0;0.55;2014;False
1040;3715;176.28;0.0;0.0;0.0;0.0;0.0;2014;False
1041;8641;410.02;0.0;0.0;0.0;0.0;0.0;2014;False
1042;3303;156.73;0.0;0.0;0.0;0.0;0.0;2014;False
1043;87433;4148.7;2122.5;2122.5;0.51;1.0;0.51;2014;False
1044;4463;211.77;0.0;0.0;0.0;0.0;0.0;2014;False
1045;8800;417.56;0.0;0.0;0.0;0.0;0.0;2014;False
1046;19666;933.15;1685.91;807.75;1.81;0.48;0.87;2014;False
1047;7330;347.81;0.0;0.0;0.0;0.0;0.0;2014;False
1048;7510;356.35;345.0;345.0;0.97;1.0;0.97;2014;False
1049;56795;2694.92;1109.63;1109.63;0.41;1.0;0.41;2014;False
1050;17038;808.45;0.0;0.0;0.0;0.0;0.0;2014;False
1051;3217;152.65;0.0;0.0;0.0;0.0;0.0;2014;False
1052;2338;110.94;0.0;0.0;0.0;0.0;0.0;2014;False
1053;9837;466.77;0.0;0.0;0.0;0.0;0.0;2014;False
1054;8076;383.21;305.25;305.25;0.8;1.0;0.8;2014;False
1055;47162;2237.84;543.29;543.29;0.24;1.0;0.24;2014;False
1056;2726;129.35;0.0;0.0;0.0;0.0;0.0;2014;False
1057;14980;710.8;0.0;0.0;0.0;0.0;0.0;2014;False
1058;3270;155.16;0.0;0.0;0.0;0.0;0.0;2014;False
1059;2709;128.54;85.0;0.0;0.66;0.0;0.0;2014;False
1060;3054;144.91;0.0;0.0;0.0;0.0;0.0;2014;False
1061;2605;123.61;0.0;0.0;0.0;0.0;0.0;2014;False
1062;1916;90.91;0.0;0.0;0.0;0.0;0.0;2014;False
1063;2297;108.99;0.0;0.0;0.0;0.0;0.0;2014;False
1064;4543;215.57;0.0;0.0;0.0;0.0;0.0;2014;False
1065;7123;337.99;0.0;0.0;0.0;0.0;0.0;2014;False
1066;3445;163.47;0.0;0.0;0.0;0.0;0.0;2014;False
1067;10791;512.03;563.61;432.92;1.1;0.77;0.85;2014;False
1068;3059;145.15;0.0;0.0;0.0;0.0;0.0;2014;False
1069;6350;301.31;0.0;0.0;0.0;0.0;0.0;2014;False
1070;5633;267.29;0.0;0.0;0.0;0.0;0.0;2014;False
1071;11279;535.19;0.0;0.0;0.0;0.0;0.0;2014;False
1072;12629;599.25;0.0;0.0;0.0;0.0;0.0;2014;False
1073;99669;4729.29;2387.19;2387.19;0.5;1.0;0.5;2014;False
1074;4315;204.75;0.0;0.0;0.0;0.0;0.0;2014;False
1075;3254;154.4;0.0;0.0;0.0;0.0;0.0;2014;False
1076;9943;471.8;0.0;0.0;0.0;0.0;0.0;2014;False
1077;4984;236.49;0.0;0.0;0.0;0.0;0.0;2014;False
1078;58562;2778.77;2133.35;2133.35;0.77;1.0;0.77;2014;False
1079;1275223;60509.33;67514.35;55909.32;1.12;0.83;0.92;2014;False
1080;34858;1654.01;435.97;435.97;0.26;1.0;0.26;2014;False
1081;22224;1054.53;427.98;427.98;0.41;1.0;0.41;2014;False
1082;30610;1452.44;592.89;592.89;0.41;1.0;0.41;2014;False
1083;4891;232.08;0.0;0.0;0.0;0.0;0.0;2014;False
1084;13018;617.7;340.84;340.84;0.55;1.0;0.55;2014;False
1085;2076;98.51;0.0;0.0;0.0;0.0;0.0;2014;False
1086;3823;181.4;0.0;0.0;0.0;0.0;0.0;2014;False
1087;1965;93.24;0.0;0.0;0.0;0.0;0.0;2014;False
1088;3356;159.24;0.0;0.0;0.0;0.0;0.0;2014;False
1089;17509;830.8;0.0;0.0;0.0;0.0;0.0;2014;False
1090;3580;169.87;0.0;0.0;0.0;0.0;0.0;2014;False
1091;12001;569.45;0.0;0.0;0.0;0.0;0.0;2014;False
1092;5438;258.03;0.0;0.0;0.0;0.0;0.0;2014;False
1093;13298;630.99;0.0;0.0;0.0;0.0;0.0;2014;False
1094;46177;2191.1;1660.07;1660.07;0.76;1.0;0.76;2014;False
1095;23636;1121.53;0.0;0.0;0.0;0.0;0.0;2014;False
1096;2650;125.74;0.0;0.0;0.0;0.0;0.0;2014;False
1097;29045;1378.19;414.92;414.92;0.3;1.0;0.3;2014;False
1098;2645;125.51;0.0;0.0;0.0;0.0;0.0;2014;False
1099;35197;1670.1;1074.7;1074.7;0.64;1.0;0.64;2014;False
1100;4232;200.81;0.0;0.0;0.0;0.0;0.0;2014;False
1101;4969;235.78;0.0;0.0;0.0;0.0;0.0;2014;False
1102;4519;214.43;250.0;0.0;1.17;0.0;0.0;2014;False
1103;18560;880.67;0.0;0.0;0.0;0.0;0.0;2014;False
1104;6335;300.6;0.0;0.0;0.0;0.0;0.0;2014;False
1105;24077;1142.45;874.92;874.92;0.77;1.0;0.77;2014;False
1106;6118;290.3;0.0;0.0;0.0;0.0;0.0;2014;False
1107;8058;382.35;299.26;299.26;0.78;1.0;0.78;2014;False
1108;89862;4263.95;5350.92;5237.39;1.25;0.98;1.23;2014;False
1109;2371;112.5;0.0;0.0;0.0;0.0;0.0;2014;False
1110;5671;269.09;0.0;0.0;0.0;0.0;0.0;2014;False
1111;41576;1972.78;486.05;485.92;0.25;1.0;0.25;2014;False
1112;85676;4065.33;3307.0;3141.0;0.81;0.95;0.77;2014;False
1113;2739;129.97;0.0;0.0;0.0;0.0;0.0;2014;False
1114;2192;104.01;0.0;0.0;0.0;0.0;0.0;2014;False
1115;6679;316.92;316.2;316.2;1.0;1.0;1.0;2014;False
1116;17518;831.23;620.87;620.87;0.75;1.0;0.75;2014;False
1117;1269;60.21;43.2;43.2;0.72;1.0;0.72;2014;False
1118;7358;349.14;0.0;0.0;0.0;0.0;0.0;2014;False
1119;172579;8188.87;1566.06;1566.06;0.19;1.0;0.19;2014;False
1120;2196;104.2;0.0;0.0;0.0;0.0;0.0;2014;False
1121;7017;332.96;0.0;0.0;0.0;0.0;0.0;2014;False
1122;9490;450.3;226.71;226.71;0.5;1.0;0.5;2014;False
1123;1971;93.52;0.0;0.0;0.0;0.0;0.0;2014;False
1124;4067;192.98;0.0;0.0;0.0;0.0;0.0;2014;False
1125;11500;545.68;0.0;0.0;0.0;0.0;0.0;2014;False
1126;2458;116.63;50.82;50.82;0.44;1.0;0.44;2014;False
1127;28175;1336.9;1183.55;1183.55;0.89;1.0;0.89;2014;False
1128;53519;2539.48;4100.0;0.0;1.61;0.0;0.0;2014;False
1129;1556;73.83;0.0;0.0;0.0;0.0;0.0;2014;False
1130;7442;353.12;0.0;0.0;0.0;0.0;0.0;2014;False
1131;7419;352.03;0.0;0.0;0.0;0.0;0.0;2014;False
1132;10706;508.0;248.59;248.59;0.49;1.0;0.49;2014;False
1133;3933;186.62;0.0;0.0;0.0;0.0;0.0;2014;False
1134;39911;1893.78;1423.18;1423.18;0.75;1.0;0.75;2014;False
1135;2147;101.88;0.0;0.0;0.0;0.0;0.0;2014;False
1136;4404;208.97;0.0;0.0;0.0;0.0;0.0;2014;False
1137;13144;623.68;0.0;0.0;0.0;0.0;0.0;2014;False
1138;5458;258.98;0.0;0.0;0.0;0.0;0.0;2014;False
1139;3541;168.02;0.0;0.0;0.0;0.0;0.0;2014;False
1140;7703;365.51;0.0;0.0;0.0;0.0;0.0;2014;False
1141;24249;1150.62;0.0;0.0;0.0;0.0;0.0;2014;False
1142;40535;1923.39;415.46;415.46;0.22;1.0;0.22;2014;False
1143;2121;100.64;0.0;0.0;0.0;0.0;0.0;2014;False
1144;1957;92.86;0.0;0.0;0.0;0.0;0.0;2014;False
1145;11350;538.56;0.0;0.0;0.0;0.0;0.0;2014;False
1146;7768;368.59;0.0;0.0;0.0;0.0;0.0;2014;False
1147;2650;125.74;0.0;0.0;0.0;0.0;0.0;2014;False
1148;3148;149.37;0.0;0.0;0.0;0.0;0.0;2014;False
1149;8087;383.73;0.0;0.0;0.0;0.0;0.0;2014;False
1150;3062;145.29;0.0;0.0;0.0;0.0;0.0;2014;False
1151;94713;4494.13;904.42;904.42;0.2;1.0;0.2;2014;False
1152;3839;182.16;0.0;0.0;0.0;0.0;0.0;2014;False
1153;13669;648.59;0.0;0.0;0.0;0.0;0.0;2014;False
1154;3646;173.0;0.0;0.0;0.0;0.0;0.0;2014;False
1155;5451;258.65;0.0;0.0;0.0;0.0;0.0;2014;False
1156;27627;1310.9;425.79;425.79;0.32;1.0;0.32;2014;False
1157;3151;149.51;0.0;0.0;0.0;0.0;0.0;2014;False
1158;23403;1110.47;931.98;662.26;0.84;0.71;0.6;2014;False
1159;2177;103.3;0.0;0.0;0.0;0.0;0.0;2014;False
1160;3303;156.73;0.0;0.0;0.0;0.0;0.0;2014;False
1161;2463;116.87;0.0;0.0;0.0;0.0;0.0;2014;False
1162;8738;414.62;745.0;0.0;1.8;0.0;0.0;2014;False
1163;10100;479.25;479.73;380.13;1.0;0.79;0.79;2014;False
1164;2789;132.34;0.0;0.0;0.0;0.0;0.0;2014;False
1165;9521;451.77;0.0;0.0;0.0;0.0;0.0;2014;False
1166;2399;113.83;0.0;0.0;0.0;0.0;0.0;2014;False
1167;22363;1061.12;901.98;901.98;0.85;1.0;0.85;2014;False
1168;10146;481.43;0.0;0.0;0.0;0.0;0.0;2014;False
1169;21921;1040.15;0.0;0.0;0.0;0.0;0.0;2014;False
1170;27510;1305.35;472.17;472.17;0.36;1.0;0.36;2014;False
1171;78327;3716.62;911.71;911.71;0.25;1.0;0.25;2014;False
1172;16081;763.04;705.05;704.99;0.92;1.0;0.92;2014;False
1173;40209;1907.92;0.0;0.0;0.0;0.0;0.0;2014;False
1174;3272;155.26;0.0;0.0;0.0;0.0;0.0;2014;False
1175;3611;171.34;0.0;0.0;0.0;0.0;0.0;2014;False
1176;30871;1464.83;969.93;969.93;0.66;1.0;0.66;2014;False
1177;3060;145.2;0.0;0.0;0.0;0.0;0.0;2014;False
1178;42244;2004.48;2064.58;1526.14;1.03;0.74;0.76;2014;False
1179;9873;468.47;0.0;0.0;0.0;0.0;0.0;2014;False
1180;4305;204.27;0.0;0.0;0.0;0.0;0.0;2014;False
1181;3456;163.99;0.0;0.0;0.0;0.0;0.0;2014;False
1182;182585;8663.66;4951.0;4704.0;0.57;0.95;0.54;2014;False
1183;17829;845.99;702.11;702.11;0.83;1.0;0.83;2014;False
1184;7019;333.05;0.0;0.0;0.0;0.0;0.0;2014;False
1185;5588;265.15;0.0;0.0;0.0;0.0;0.0;2014;False
1186;2816;133.62;0.0;0.0;0.0;0.0;0.0;2014;False
1187;4635;219.93;0.0;0.0;0.0;0.0;0.0;2014;False
1188;34479;1636.03;2122.61;2122.12;1.3;1.0;1.3;2014;False
1189;3453;163.84;0.0;0.0;0.0;0.0;0.0;2014;False
1190;7005;332.39;0.0;0.0;0.0;0.0;0.0;2014;False
1191;2994;142.07;0.0;0.0;0.0;0.0;0.0;2014;False
1192;2502;118.72;0.0;0.0;0.0;0.0;0.0;2014;False
1193;3492;165.7;0.0;0.0;0.0;0.0;0.0;2014;False
1194;9036;428.76;0.0;0.0;0.0;0.0;0.0;2014;False
1195;4224;200.43;0.0;0.0;0.0;0.0;0.0;2014;False
1196;4867;230.94;0.0;0.0;0.0;0.0;0.0;2014;False
1197;62300;2956.14;1182.36;1182.36;0.4;1.0;0.4;2014;False
1198;10981;521.05;0.0;0.0;0.0;0.0;0.0;2014;False
1199;5713;271.08;0.0;0.0;0.0;0.0;0.0;2014;False
1200;10628;504.3;0.0;0.0;0.0;0.0;0.0;2014;False
1201;1465;69.51;66.37;66.37;0.95;1.0;0.95;2014;False
1202;29040;1377.95;0.0;0.0;0.0;0.0;0.0;2014;False
1203;4453;211.29;0.0;0.0;0.0;0.0;0.0;2014;False
1204;20540;974.62;294.0;294.0;0.3;1.0;0.3;2014;False
1205;3576;169.68;0.0;0.0;0.0;0.0;0.0;2014;False
1206;1858;88.16;0.0;0.0;0.0;0.0;0.0;2014;False
1207;16978;805.61;2000.0;0.0;2.48;0.0;0.0;2014;False
1208;88230;4186.51;0.0;0.0;0.0;0.0;0.0;2014;False
1209;7272;345.06;0.0;0.0;0.0;0.0;0.0;2014;False
1210;18153;861.36;572.9;572.9;0.67;1.0;0.67;2014;False
1211;6143;291.49;0.0;0.0;0.0;0.0;0.0;2014;False
1212;2668;126.6;0.0;0.0;0.0;0.0;0.0;2014;False
1213;3274;155.35;0.0;0.0;0.0;0.0;0.0;2014;False
1214;2936;139.31;0.0;0.0;0.0;0.0;0.0;2014;False
1215;6556;311.08;0.0;0.0;0.0;0.0;0.0;2014;False
1216;2614;124.03;0.0;0.0;0.0;0.0;0.0;2014;False
1217;104257;4946.99;2122.0;2016.0;0.43;0.95;0.41;2014;False
1218;3212;152.41;0.0;0.0;0.0;0.0;0.0;2014;False
1219;4403;208.92;0.0;0.0;0.0;0.0;0.0;2014;False
1220;4360;206.88;0.0;0.0;0.0;0.0;0.0;2014;False
1221;2690;127.64;0.0;0.0;0.0;0.0;0.0;2014;False
1222;35368;1678.21;806.49;806.49;0.48;1.0;0.48;2014;False
1223;12809;607.79;25.6;25.6;0.04;1.0;0.04;2014;False
1224;2846;135.04;0.0;0.0;0.0;0.0;0.0;2014;False
1225;135439;6426.58;2075.93;2075.93;0.32;1.0;0.32;2014;False
1226;3442;163.32;0.0;0.0;0.0;0.0;0.0;2014;False
1227;12047;571.63;0.0;0.0;0.0;0.0;0.0;2014;False
1228;7271;345.01;0.0;0.0;0.0;0.0;0.0;2014;False
1229;4849;230.09;0.0;0.0;0.0;0.0;0.0;2014;False
1230;4984;236.49;0.0;0.0;0.0;0.0;0.0;2014;False
985;6832;324.18;86.72;86.72;0.27;1.0;0.27;2013;False
986;15643;742.26;0.0;0.0;0.0;0.0;0.0;2013;False
987;19291;915.36;308.97;308.97;0.34;1.0;0.34;2013;False
988;2302;109.23;0.0;0.0;0.0;0.0;0.0;2013;False
989;4871;231.13;0.0;0.0;0.0;0.0;0.0;2013;False
990;1824;86.55;0.0;0.0;0.0;0.0;0.0;2013;False
991;160616;7621.23;0.0;0.0;0.0;0.0;0.0;2013;False
992;22995;1091.11;0.0;0.0;0.0;0.0;0.0;2013;False
993;1886;89.49;0.0;0.0;0.0;0.0;0.0;2013;False
994;4640;220.17;0.0;0.0;0.0;0.0;0.0;2013;False
995;6556;311.08;0.0;0.0;0.0;0.0;0.0;2013;False
996;7627;361.9;14.57;0.0;0.04;0.0;0.0;2013;False
997;3273;155.3;0.0;0.0;0.0;0.0;0.0;2013;False
998;5248;249.02;0.0;0.0;0.0;0.0;0.0;2013;False
999;3223;152.93;0.0;0.0;0.0;0.0;0.0;2013;False
1000;322698;15312.02;9372.18;9372.18;0.61;1.0;0.61;2013;False
1001;976;46.31;0.0;0.0;0.0;0.0;0.0;2013;False
1002;19136;908.0;354.24;354.24;0.39;1.0;0.39;2013;False
1003;452008;21447.78;4624.16;3221.65;0.22;0.7;0.15;2013;False
1004;2258;107.14;100.05;100.05;0.93;1.0;0.93;2013;False
1005;3618;171.67;0.0;0.0;0.0;0.0;0.0;2013;False
1006;3451;163.75;0.0;0.0;0.0;0.0;0.0;2013;False
1007;17396;825.44;0.0;0.0;0.0;0.0;0.0;2013;False
1008;8223;390.18;0.0;0.0;0.0;0.0;0.0;2013;False
1009;7017;332.96;151.22;151.22;0.45;1.0;0.45;2013;False
1010;2871;136.23;0.0;0.0;0.0;0.0;0.0;2013;False
1011;7525;357.06;17.78;8.09;0.05;0.46;0.02;2013;False
1012;3249;154.17;0.0;0.0;0.0;0.0;0.0;2013;False
1013;2260;107.24;0.0;0.0;0.0;0.0;0.0;2013;False
1014;3789;179.79;0.0;0.0;0.0;0.0;0.0;2013;False
1015;8673;411.53;0.0;0.0;0.0;0.0;0.0;2013;False
1016;24055;1141.41;451.36;451.36;0.4;1.0;0.4;2013;False
1017;7902;374.95;0.0;0.0;0.0;0.0;0.0;2013;False
1018;20296;963.05;840.01;840.01;0.87;1.0;0.87;2013;False
1019;7511;356.4;0.0;0.0;0.0;0.0;0.0;2013;False
1020;3465;164.41;0.0;0.0;0.0;0.0;0.0;2013;False
1021;3109;147.52;0.0;0.0;0.0;0.0;0.0;2013;False
1022;5168;245.22;93.64;93.64;0.38;1.0;0.38;2013;False
1023;8482;402.47;92.23;0.0;0.23;0.0;0.0;2013;False
1024;2352;111.6;0.0;0.0;0.0;0.0;0.0;2013;False
1025;3068;145.58;0.0;0.0;0.0;0.0;0.0;2013;False
1026;6967;330.58;0.0;0.0;0.0;0.0;0.0;2013;False
1027;10246;486.17;390.26;0.0;0.8;0.0;0.0;2013;False
1028;1296;61.5;0.0;0.0;0.0;0.0;0.0;2013;False
1029;7597;360.48;225.18;225.18;0.62;1.0;0.62;2013;False
1030;12969;615.38;535.53;535.53;0.87;1.0;0.87;2013;False
1031;16047;761.43;400.56;400.56;0.53;1.0;0.53;2013;False
1032;70335;3337.4;2241.0;2241.0;0.67;1.0;0.67;2013;False
1033;3196;151.65;0.0;0.0;0.0;0.0;0.0;2013;False
1034;3195;151.6;0.0;0.0;0.0;0.0;0.0;2013;False
1035;3381;160.43;0.0;0.0;0.0;0.0;0.0;2013;False
1036;10660;505.82;0.0;0.0;0.0;0.0;0.0;2013;False
1037;5987;284.08;0.0;0.0;0.0;0.0;0.0;2013;False
1038;6158;292.2;0.0;0.0;0.0;0.0;0.0;2013;False
1039;17409;826.06;468.1;468.1;0.57;1.0;0.57;2013;False
1040;3941;187.0;0.0;0.0;0.0;0.0;0.0;2013;False
1041;8550;405.7;0.0;0.0;0.0;0.0;0.0;2013;False
1042;3319;157.49;0.0;0.0;0.0;0.0;0.0;2013;False
1043;85681;4065.56;3808.0;3808.0;0.94;1.0;0.94;2013;False
1044;4433;210.35;0.0;0.0;0.0;0.0;0.0;2013;False
1045;8775;416.37;0.0;0.0;0.0;0.0;0.0;2013;False
1046;19549;927.6;775.06;775.06;0.84;1.0;0.84;2013;False
1047;7246;343.82;0.0;0.0;0.0;0.0;0.0;2013;False
1048;7261;344.53;630.0;246.0;1.83;0.39;0.71;2013;False
1049;55575;2637.03;1090.91;1090.91;0.41;1.0;0.41;2013;False
1050;16814;797.82;0.0;0.0;0.0;0.0;0.0;2013;False
1051;3227;153.12;0.0;0.0;0.0;0.0;0.0;2013;False
1052;2361;112.03;0.0;0.0;0.0;0.0;0.0;2013;False
1053;9777;463.92;0.0;0.0;0.0;0.0;0.0;2013;False
1054;7953;377.37;302.08;302.08;0.8;1.0;0.8;2013;False
1055;46182;2191.34;529.23;529.23;0.24;1.0;0.24;2013;False
1056;2723;129.21;0.0;0.0;0.0;0.0;0.0;2013;False
1057;14886;706.34;0.0;0.0;0.0;0.0;0.0;2013;False
1058;3274;155.35;0.0;0.0;0.0;0.0;0.0;2013;False
1059;2717;128.92;85.0;0.0;0.66;0.0;0.0;2013;False
1060;3052;144.82;0.0;0.0;0.0;0.0;0.0;2013;False
1061;2590;122.9;0.0;0.0;0.0;0.0;0.0;2013;False
1062;1913;90.77;0.0;0.0;0.0;0.0;0.0;2013;False
1063;2296;108.95;0.0;0.0;0.0;0.0;0.0;2013;False
1064;4556;216.18;0.0;0.0;0.0;0.0;0.0;2013;False
1065;7167;340.07;0.0;0.0;0.0;0.0;0.0;2013;False
1066;3448;163.61;0.0;0.0;0.0;0.0;0.0;2013;False
1067;10702;507.81;429.68;429.68;0.85;1.0;0.85;2013;False
1068;3063;145.34;0.0;0.0;0.0;0.0;0.0;2013;False
1069;6378;302.64;0.0;0.0;0.0;0.0;0.0;2013;False
1070;5686;269.8;0.0;0.0;0.0;0.0;0.0;2013;False
1071;11143;528.74;0.0;0.0;0.0;0.0;0.0;2013;False
1072;12275;582.45;0.0;0.0;0.0;0.0;0.0;2013;False
1073;97967;4648.53;2030.44;2030.44;0.44;1.0;0.44;2013;False
1074;4365;207.12;0.0;0.0;0.0;0.0;0.0;2013;False
1075;3200;151.84;0.0;0.0;0.0;0.0;0.0;2013;False
1076;9932;471.27;0.0;0.0;0.0;0.0;0.0;2013;False
1077;4957;235.21;0.0;0.0;0.0;0.0;0.0;2013;False
1078;57729;2739.24;1748.93;1748.93;0.64;1.0;0.64;2013;False
1079;1258262;59704.53;66959.85;53574.58;1.12;0.8;0.9;2013;False
1080;34051;1615.72;294.93;294.93;0.18;1.0;0.18;2013;False
1081;22385;1062.17;391.77;391.77;0.37;1.0;0.37;2013;False
1082;30481;1446.32;488.89;488.89;0.34;1.0;0.34;2013;False
1083;4816;228.52;0.0;0.0;0.0;0.0;0.0;2013;False
1084;12999;616.8;331.41;331.41;0.54;1.0;0.54;2013;False
1085;2106;99.93;0.0;0.0;0.0;0.0;0.0;2013;False
1086;3852;182.78;0.0;0.0;0.0;0.0;0.0;2013;False
1087;2005;95.14;0.0;0.0;0.0;0.0;0.0;2013;False
1088;3344;158.67;0.0;0.0;0.0;0.0;0.0;2013;False
1089;17168;814.62;0.0;0.0;0.0;0.0;0.0;2013;False
1090;3617;171.63;0.0;0.0;0.0;0.0;0.0;2013;False
1091;11881;563.75;0.0;0.0;0.0;0.0;0.0;2013;False
1092;5398;256.14;0.0;0.0;0.0;0.0;0.0;2013;False
1093;13146;623.78;0.0;0.0;0.0;0.0;0.0;2013;False
1094;45809;2173.64;1442.1;1442.1;0.66;1.0;0.66;2013;False
1095;23457;1113.03;0.0;0.0;0.0;0.0;0.0;2013;False
1096;2645;125.51;0.0;0.0;0.0;0.0;0.0;2013;False
1097;29021;1377.05;408.31;408.31;0.3;1.0;0.3;2013;False
1098;2652;125.84;0.0;0.0;0.0;0.0;0.0;2013;False
1099;34602;1641.86;845.78;845.78;0.52;1.0;0.52;2013;False
1100;4219;200.19;0.0;0.0;0.0;0.0;0.0;2013;False
1101;4984;236.49;0.0;0.0;0.0;0.0;0.0;2013;False
1102;4559;216.32;250.0;0.0;1.16;0.0;0.0;2013;False
1103;18203;863.73;0.0;0.0;0.0;0.0;0.0;2013;False
1104;6558;311.18;0.0;0.0;0.0;0.0;0.0;2013;False
1105;24102;1143.64;831.39;831.39;0.73;1.0;0.73;2013;False
1106;6049;287.03;0.0;0.0;0.0;0.0;0.0;2013;False
1107;8029;380.98;285.68;285.68;0.75;1.0;0.75;2013;False
1108;88921;4219.3;4677.44;4641.42;1.11;0.99;1.1;2013;False
1109;2393;113.55;0.0;0.0;0.0;0.0;0.0;2013;False
1110;5680;269.52;0.0;0.0;0.0;0.0;0.0;2013;False
1111;40893;1940.37;378.42;378.04;0.2;1.0;0.19;2013;False
1112;84655;4016.88;3109.75;3109.75;0.77;1.0;0.77;2013;False
1113;2748;130.39;0.0;0.0;0.0;0.0;0.0;2013;False
1114;2176;103.25;0.0;0.0;0.0;0.0;0.0;2013;False
1115;6657;315.87;308.02;308.02;0.98;1.0;0.98;2013;False
1116;17568;833.6;625.2;625.2;0.75;1.0;0.75;2013;False
1117;1243;58.98;41.45;41.45;0.7;1.0;0.7;2013;False
1118;7343;348.43;0.0;0.0;0.0;0.0;0.0;2013;False
1119;169908;8062.13;1205.85;1205.85;0.15;1.0;0.15;2013;False
1120;2196;104.2;0.0;0.0;0.0;0.0;0.0;2013;False
1121;6858;325.41;0.0;0.0;0.0;0.0;0.0;2013;False
1122;9579;454.52;217.9;217.9;0.48;1.0;0.48;2013;False
1123;1958;92.91;0.0;0.0;0.0;0.0;0.0;2013;False
1124;4072;193.22;0.0;0.0;0.0;0.0;0.0;2013;False
1125;11297;536.04;0.0;0.0;0.0;0.0;0.0;2013;False
1126;2464;116.92;45.47;45.47;0.39;1.0;0.39;2013;False
1127;28336;1344.54;1250.0;1250.0;0.93;1.0;0.93;2013;False
1128;52424;2487.52;0.0;0.0;0.0;0.0;0.0;2013;False
1129;1574;74.69;0.0;0.0;0.0;0.0;0.0;2013;False
1130;7373;349.85;0.0;0.0;0.0;0.0;0.0;2013;False
1131;7412;351.7;0.0;0.0;0.0;0.0;0.0;2013;False
1132;10483;497.42;248.79;248.79;0.5;1.0;0.5;2013;False
1133;3905;185.29;0.0;0.0;0.0;0.0;0.0;2013;False
1134;39539;1876.13;1294.6;1294.6;0.69;1.0;0.69;2013;False
1135;2155;102.25;0.0;0.0;0.0;0.0;0.0;2013;False
1136;4460;211.63;0.0;0.0;0.0;0.0;0.0;2013;False
1137;12965;615.19;0.0;0.0;0.0;0.0;0.0;2013;False
1138;5579;264.72;0.0;0.0;0.0;0.0;0.0;2013;False
1139;3546;168.26;0.0;0.0;0.0;0.0;0.0;2013;False
1140;7603;360.76;0.0;0.0;0.0;0.0;0.0;2013;False
1141;23804;1129.5;0.0;0.0;0.0;0.0;0.0;2013;False
1142;40215;1908.2;280.01;280.01;0.15;1.0;0.15;2013;False
1143;2114;100.31;0.0;0.0;0.0;0.0;0.0;2013;False
1144;1945;92.29;0.0;0.0;0.0;0.0;0.0;2013;False
1145;11275;535.0;0.0;0.0;0.0;0.0;0.0;2013;False
1146;7794;369.83;0.0;0.0;0.0;0.0;0.0;2013;False
1147;2641;125.32;0.0;0.0;0.0;0.0;0.0;2013;False
1148;3163;150.08;0.0;0.0;0.0;0.0;0.0;2013;False
1149;7950;377.23;0.0;0.0;0.0;0.0;0.0;2013;False
1150;3110;147.57;0.0;0.0;0.0;0.0;0.0;2013;False
1151;93075;4416.41;911.65;911.65;0.21;1.0;0.21;2013;False
1152;3795;180.07;0.0;0.0;0.0;0.0;0.0;2013;False
1153;13565;643.66;0.0;0.0;0.0;0.0;0.0;2013;False
1154;3667;174.0;0.0;0.0;0.0;0.0;0.0;2013;False
1155;5356;254.14;0.0;0.0;0.0;0.0;0.0;2013;False
1156;27140;1287.79;371.43;371.43;0.29;1.0;0.29;2013;False
1157;3143;149.14;0.0;0.0;0.0;0.0;0.0;2013;False
1158;22967;1089.78;901.46;734.38;0.83;0.81;0.67;2013;False
1159;2173;103.11;0.0;0.0;0.0;0.0;0.0;2013;False
1160;3301;156.63;0.0;0.0;0.0;0.0;0.0;2013;False
1161;2467;117.06;0.0;0.0;0.0;0.0;0.0;2013;False
1162;8661;410.96;740.0;0.0;1.8;0.0;0.0;2013;False
1163;10089;478.72;461.2;461.2;0.96;1.0;0.96;2013;False
1164;2775;131.67;0.0;0.0;0.0;0.0;0.0;2013;False
1165;9521;451.77;0.0;0.0;0.0;0.0;0.0;2013;False
1166;2440;115.78;0.0;0.0;0.0;0.0;0.0;2013;False
1167;22308;1058.51;821.1;821.1;0.78;1.0;0.78;2013;False
1168;10215;484.7;0.0;0.0;0.0;0.0;0.0;2013;False
1169;21769;1032.94;0.0;0.0;0.0;0.0;0.0;2013;False
1170;27296;1295.2;409.81;409.81;0.32;1.0;0.32;2013;False
1171;77662;3685.06;880.76;880.76;0.24;1.0;0.24;2013;False
1172;16025;760.39;460.8;460.8;0.61;1.0;0.61;2013;False
1173;39966;1896.39;0.0;0.0;0.0;0.0;0.0;2013;False
1174;3229;153.22;0.0;0.0;0.0;0.0;0.0;2013;False
1175;3597;170.68;0.0;0.0;0.0;0.0;0.0;2013;False
1176;30438;1444.28;722.1;722.1;0.5;1.0;0.5;2013;False
1177;3070;145.67;0.0;0.0;0.0;0.0;0.0;2013;False
1178;41702;1978.76;2034.4;1752.76;1.03;0.86;0.89;2013;False
1179;9840;466.91;0.0;0.0;0.0;0.0;0.0;2013;False
1180;4286;203.37;0.0;0.0;0.0;0.0;0.0;2013;False
1181;3362;159.53;0.0;0.0;0.0;0.0;0.0;2013;False
1182;177914;8442.02;4734.05;4734.05;0.56;1.0;0.56;2013;False
1183;17751;842.28;523.38;523.38;0.62;1.0;0.62;2013;False
1184;7011;332.67;0.0;0.0;0.0;0.0;0.0;2013;False
1185;5523;262.07;0.0;0.0;0.0;0.0;0.0;2013;False
1186;2838;134.66;0.0;0.0;0.0;0.0;0.0;2013;False
1187;4580;217.32;0.0;0.0;0.0;0.0;0.0;2013;False
1188;34304;1627.72;2048.73;2048.32;1.26;1.0;1.26;2013;False
1189;3443;163.37;0.0;0.0;0.0;0.0;0.0;2013;False
1190;6861;325.55;0.0;0.0;0.0;0.0;0.0;2013;False
1191;2980;141.4;0.0;0.0;0.0;0.0;0.0;2013;False
1192;2548;120.9;0.0;0.0;0.0;0.0;0.0;2013;False
1193;3542;168.07;0.0;0.0;0.0;0.0;0.0;2013;False
1194;9157;434.5;0.0;0.0;0.0;0.0;0.0;2013;False
1195;4193;198.96;0.0;0.0;0.0;0.0;0.0;2013;False
1196;4742;225.01;0.0;0.0;0.0;0.0;0.0;2013;False
1197;61390;2912.96;983.13;983.13;0.34;1.0;0.34;2013;False
1198;10849;514.79;0.0;0.0;0.0;0.0;0.0;2013;False
1199;5701;270.51;0.0;0.0;0.0;0.0;0.0;2013;False
1200;10353;491.25;0.0;0.0;0.0;0.0;0.0;2013;False
1201;1488;70.61;59.52;59.52;0.84;1.0;0.84;2013;False
1202;28741;1363.76;0.0;0.0;0.0;0.0;0.0;2013;False
1203;4409;209.21;0.0;0.0;0.0;0.0;0.0;2013;False
1204;20561;975.62;262.1;262.1;0.27;1.0;0.27;2013;False
1205;3552;168.54;0.0;0.0;0.0;0.0;0.0;2013;False
1206;1854;87.97;0.0;0.0;0.0;0.0;0.0;2013;False
1207;16697;792.27;1900.0;0.0;2.4;0.0;0.0;2013;False
1208;85791;4070.78;0.0;0.0;0.0;0.0;0.0;2013;False
1209;7188;341.07;0.0;0.0;0.0;0.0;0.0;2013;False
1210;18036;855.81;550.8;550.8;0.64;1.0;0.64;2013;False
1211;6115;290.16;0.0;0.0;0.0;0.0;0.0;2013;False
1212;2655;125.98;0.0;0.0;0.0;0.0;0.0;2013;False
1213;3275;155.4;0.0;0.0;0.0;0.0;0.0;2013;False
1214;2901;137.65;0.0;0.0;0.0;0.0;0.0;2013;False
1215;6439;305.53;0.0;0.0;0.0;0.0;0.0;2013;False
1216;2613;123.99;0.0;0.0;0.0;0.0;0.0;2013;False
1217;102431;4860.35;1939.38;1939.38;0.4;1.0;0.4;2013;False
1218;3208;152.22;0.0;0.0;0.0;0.0;0.0;2013;False
1219;4421;209.78;0.0;0.0;0.0;0.0;0.0;2013;False
1220;4289;203.51;0.0;0.0;0.0;0.0;0.0;2013;False
1221;2696;127.93;0.0;0.0;0.0;0.0;0.0;2013;False
1222;35081;1664.59;771.68;771.68;0.46;1.0;0.46;2013;False
1223;12806;607.64;26.23;0.0;0.04;0.0;0.0;2013;False
1224;2846;135.04;0.0;0.0;0.0;0.0;0.0;2013;False
1225;132450;6284.75;1886.13;1886.13;0.3;1.0;0.3;2013;False
1226;3429;162.71;0.0;0.0;0.0;0.0;0.0;2013;False
1227;11942;566.65;0.0;0.0;0.0;0.0;0.0;2013;False
1228;7162;339.84;0.0;0.0;0.0;0.0;0.0;2013;False
1229;4736;224.72;0.0;0.0;0.0;0.0;0.0;2013;False
1230;4929;233.88;0.0;0.0;0.0;0.0;0.0;2013;False
985;6468;306.91;90.18;90.18;0.29;1.0;0.29;2012;False
986;14814;702.92;368.0;338.0;0.52;0.92;0.48;2012;False
987;18579;881.57;318.81;318.81;0.36;1.0;0.36;2012;False
988;2239;106.24;0.0;0.0;0.0;0.0;0.0;2012;False
989;4680;222.07;0.0;0.0;0.0;0.0;0.0;2012;False
990;1792;85.03;0.0;0.0;0.0;0.0;0.0;2012;False
991;151214;7175.1;0.0;0.0;0.0;0.0;0.0;2012;False
992;22015;1044.61;0.0;0.0;0.0;0.0;0.0;2012;False
993;1841;87.36;0.0;0.0;0.0;0.0;0.0;2012;False
994;4333;205.6;0.0;0.0;0.0;0.0;0.0;2012;False
995;6313;299.55;0.0;0.0;0.0;0.0;0.0;2012;False
996;7371;349.75;15.62;0.0;0.04;0.0;0.0;2012;False
997;3150;149.47;0.0;0.0;0.0;0.0;0.0;2012;False
998;5051;239.67;0.0;0.0;0.0;0.0;0.0;2012;False
999;3186;151.18;0.0;0.0;0.0;0.0;0.0;2012;False
1000;309105;14667.03;8766.02;8766.02;0.6;1.0;0.6;2012;False
1001;938;44.51;0.0;0.0;0.0;0.0;0.0;2012;False
1002;18476;876.69;361.85;361.85;0.41;1.0;0.41;2012;False
1003;428172;20316.76;4364.52;3083.54;0.21;0.71;0.15;2012;False
1004;2194;104.11;99.28;99.28;0.95;1.0;0.95;2012;False
1005;3485;165.36;0.0;0.0;0.0;0.0;0.0;2012;False
1006;3388;160.76;0.0;0.0;0.0;0.0;0.0;2012;False
1007;16761;795.31;0.0;0.0;0.0;0.0;0.0;2012;False
1008;7818;370.96;0.0;0.0;0.0;0.0;0.0;2012;False
1009;6808;323.04;160.48;160.48;0.5;1.0;0.5;2012;False
1010;2860;135.71;0.0;0.0;0.0;0.0;0.0;2012;False
1011;7095;336.66;0.0;0.0;0.0;0.0;0.0;2012;False
1012;3216;152.6;0.0;0.0;0.0;0.0;0.0;2012;False
1013;2204;104.58;0.0;0.0;0.0;0.0;0.0;2012;False
1014;3551;168.49;0.0;0.0;0.0;0.0;0.0;2012;False
1015;8206;389.37;0.0;0.0;0.0;0.0;0.0;2012;False
1016;22898;1086.51;436.8;436.8;0.4;1.0;0.4;2012;False
1017;7653;363.13;0.0;0.0;0.0;0.0;0.0;2012;False
1018;19323;916.88;521.73;521.73;0.57;1.0;0.57;2012;False
1019;7102;336.99;0.0;0.0;0.0;0.0;0.0;2012;False
1020;3286;155.92;0.0;0.0;0.0;0.0;0.0;2012;False
1021;2981;141.45;0.0;0.0;0.0;0.0;0.0;2012;False
1022;5005;237.49;50.77;50.77;0.21;1.0;0.21;2012;False
1023;8220;390.04;90.09;0.0;0.23;0.0;0.0;2012;False
1024;2298;109.04;0.0;0.0;0.0;0.0;0.0;2012;False
1025;2990;141.88;0.0;0.0;0.0;0.0;0.0;2012;False
1026;6721;318.91;0.0;0.0;0.0;0.0;0.0;2012;False
1027;9788;464.44;345.6;0.0;0.74;0.0;0.0;2012;False
1028;1268;60.17;0.0;0.0;0.0;0.0;0.0;2012;False
1029;7416;351.89;221.4;221.4;0.63;1.0;0.63;2012;False
1030;12362;586.58;545.54;545.54;0.93;1.0;0.93;2012;False
1031;15414;731.39;384.35;384.35;0.53;1.0;0.53;2012;False
1032;66467;3153.86;0.0;0.0;0.0;0.0;0.0;2012;False
1033;3066;145.48;0.0;0.0;0.0;0.0;0.0;2012;False
1034;3088;146.53;0.0;0.0;0.0;0.0;0.0;2012;False
1035;3294;156.3;0.0;0.0;0.0;0.0;0.0;2012;False
1036;10232;485.51;0.0;0.0;0.0;0.0;0.0;2012;False
1037;5681;269.56;0.0;0.0;0.0;0.0;0.0;2012;False
1038;5847;277.44;0.0;0.0;0.0;0.0;0.0;2012;False
1039;16808;797.54;451.23;451.23;0.57;1.0;0.57;2012;False
1040;4119;195.45;0.0;0.0;0.0;0.0;0.0;2012;False
1041;8213;389.71;0.0;0.0;0.0;0.0;0.0;2012;False
1042;3252;154.31;0.0;0.0;0.0;0.0;0.0;2012;False
1043;81264;3855.98;3627.0;3627.0;0.94;1.0;0.94;2012;False
1044;4279;203.04;0.0;0.0;0.0;0.0;0.0;2012;False
1045;8513;403.94;0.0;0.0;0.0;0.0;0.0;2012;False
1046;18892;896.43;614.93;614.93;0.69;1.0;0.69;2012;False
1047;6953;329.92;0.0;0.0;0.0;0.0;0.0;2012;False
1048;6760;320.76;368.0;368.0;1.15;1.0;1.15;2012;False
1049;52604;2496.06;1112.15;1112.15;0.45;1.0;0.45;2012;False
1050;16095;763.71;0.0;0.0;0.0;0.0;0.0;2012;False
1051;3156;149.75;0.0;0.0;0.0;0.0;0.0;2012;False
1052;2330;110.56;0.0;0.0;0.0;0.0;0.0;2012;False
1053;9447;448.26;0.0;0.0;0.0;0.0;0.0;2012;False
1054;7595;360.38;269.11;269.11;0.75;1.0;0.75;2012;False
1055;43757;2076.27;492.26;492.26;0.24;1.0;0.24;2012;False
1056;2649;125.7;0.0;0.0;0.0;0.0;0.0;2012;False
1057;14378;682.24;0.0;0.0;0.0;0.0;0.0;2012;False
1058;3196;151.65;0.0;0.0;0.0;0.0;0.0;2012;False
1059;2657;126.07;85.0;0.0;0.67;0.0;0.0;2012;False
1060;2971;140.97;0.0;0.0;0.0;0.0;0.0;2012;False
1061;2504;118.81;0.0;0.0;0.0;0.0;0.0;2012;False
1062;1859;88.21;0.0;0.0;0.0;0.0;0.0;2012;False
1063;2236;106.1;0.0;0.0;0.0;0.0;0.0;2012;False
1064;4452;211.25;0.0;0.0;0.0;0.0;0.0;2012;False
1065;7035;333.81;0.0;0.0;0.0;0.0;0.0;2012;False
1066;3361;159.48;0.0;0.0;0.0;0.0;0.0;2012;False
1067;10314;489.4;130.44;130.44;0.27;1.0;0.27;2012;False
1068;2987;141.73;0.0;0.0;0.0;0.0;0.0;2012;False
1069;6246;296.37;0.0;0.0;0.0;0.0;0.0;2012;False
1070;5603;265.86;0.0;0.0;0.0;0.0;0.0;2012;False
1071;10684;506.96;0.0;0.0;0.0;0.0;0.0;2012;False
1072;11515;546.39;0.0;0.0;0.0;0.0;0.0;2012;False
1073;93289;4426.56;1911.89;1911.89;0.43;1.0;0.43;2012;False
1074;4313;204.65;0.0;0.0;0.0;0.0;0.0;2012;False
1075;3049;144.68;0.0;0.0;0.0;0.0;0.0;2012;False
1076;9660;458.37;0.0;0.0;0.0;0.0;0.0;2012;False
1077;4794;227.48;0.0;0.0;0.0;0.0;0.0;2012;False
1078;55183;2618.43;1575.97;1575.97;0.6;1.0;0.6;2012;False
1079;1204258;57142.04;64960.54;50526.31;1.14;0.78;0.88;2012;False
1080;32158;1525.9;269.44;269.44;0.18;1.0;0.18;2012;False
1081;22000;1043.9;361.55;361.55;0.35;1.0;0.35;2012;False
1082;29523;1400.87;477.66;477.66;0.34;1.0;0.34;2012;False
1083;4596;218.08;0.0;0.0;0.0;0.0;0.0;2012;False
1084;12635;599.53;347.26;347.26;0.58;1.0;0.58;2012;False
1085;2088;99.08;0.0;0.0;0.0;0.0;0.0;2012;False
1086;3787;179.69;0.0;0.0;0.0;0.0;0.0;2012;False
1087;2001;94.95;0.0;0.0;0.0;0.0;0.0;2012;False
1088;3242;153.83;0.0;0.0;0.0;0.0;0.0;2012;False
1089;16297;773.29;0.0;0.0;0.0;0.0;0.0;2012;False
1090;3567;169.25;0.0;0.0;0.0;0.0;0.0;2012;False
1091;11419;541.83;0.0;0.0;0.0;0.0;0.0;2012;False
1092;5208;247.12;0.0;0.0;0.0;0.0;0.0;2012;False
1093;12613;598.49;0.0;0.0;0.0;0.0;0.0;2012;False
1094;44154;2095.11;1057.71;1057.71;0.5;1.0;0.5;2012;False
1095;22621;1073.37;0.0;0.0;0.0;0.0;0.0;2012;False
1096;2571;121.99;0.0;0.0;0.0;0.0;0.0;2012;False
1097;28234;1339.7;415.16;415.16;0.31;1.0;0.31;2012;False
1098;2591;122.94;0.0;0.0;0.0;0.0;0.0;2012;False
1099;32958;1563.86;626.23;626.23;0.4;1.0;0.4;2012;False
1100;4092;194.17;0.0;0.0;0.0;0.0;0.0;2012;False
1101;4873;231.22;0.0;0.0;0.0;0.0;0.0;2012;False
1102;4490;213.05;200.0;0.0;0.94;0.0;0.0;2012;False
1103;17283;820.08;0.0;0.0;0.0;0.0;0.0;2012;False
1104;6662;316.11;0.0;0.0;0.0;0.0;0.0;2012;False
1105;23505;1115.31;807.93;807.93;0.72;1.0;0.72;2012;False
1106;5804;275.4;0.0;0.0;0.0;0.0;0.0;2012;False
1107;7782;369.26;278.75;278.75;0.75;1.0;0.75;2012;False
1108;85426;4053.46;4450.09;4418.94;1.1;0.99;1.09;2012;False
1109;2360;111.98;0.0;0.0;0.0;0.0;0.0;2012;False
1110;5542;262.97;0.0;0.0;0.0;0.0;0.0;2012;False
1111;38975;1849.36;257.22;257.06;0.14;1.0;0.14;2012;False
1112;81172;3851.61;2949.65;2824.59;0.77;0.96;0.73;2012;False
1113;2687;127.5;0.0;0.0;0.0;0.0;0.0;2012;False
1114;2101;99.69;0.0;0.0;0.0;0.0;0.0;2012;False
1115;6456;306.34;313.41;313.41;1.02;1.0;1.02;2012;False
1116;17173;814.86;616.16;616.16;0.76;1.0;0.76;2012;False
1117;1178;55.9;42.71;42.71;0.76;1.0;0.76;2012;False
1118;7132;338.41;0.0;0.0;0.0;0.0;0.0;2012;False
1119;162144;7693.73;1091.5;1091.5;0.14;1.0;0.14;2012;False
1120;2139;101.5;0.0;0.0;0.0;0.0;0.0;2012;False
1121;6481;307.52;0.0;0.0;0.0;0.0;0.0;2012;False
1122;9439;447.88;215.87;215.87;0.48;1.0;0.48;2012;False
1123;1891;89.73;0.0;0.0;0.0;0.0;0.0;2012;False
1124;3970;188.38;0.0;0.0;0.0;0.0;0.0;2012;False
1125;10750;510.09;0.0;0.0;0.0;0.0;0.0;2012;False
1126;2408;114.26;46.2;46.2;0.4;1.0;0.4;2012;False
1127;27794;1318.83;1250.0;1250.0;0.95;1.0;0.95;2012;False
1128;49692;2357.89;0.0;0.0;0.0;0.0;0.0;2012;False
1129;1556;73.83;0.0;0.0;0.0;0.0;0.0;2012;False
1130;7094;336.61;0.0;0.0;0.0;0.0;0.0;2012;False
1131;7211;342.16;0.0;0.0;0.0;0.0;0.0;2012;False
1132;9932;471.27;249.47;249.47;0.53;1.0;0.53;2012;False
1133;3767;178.74;0.0;0.0;0.0;0.0;0.0;2012;False
1134;38043;1805.14;1201.5;1201.5;0.67;1.0;0.67;2012;False
1135;2109;100.07;0.0;0.0;0.0;0.0;0.0;2012;False
1136;4413;209.4;0.0;0.0;0.0;0.0;0.0;2012;False
1137;12404;588.57;0.0;0.0;0.0;0.0;0.0;2012;False
1138;5585;265.01;0.0;0.0;0.0;0.0;0.0;2012;False
1139;3460;164.18;0.0;0.0;0.0;0.0;0.0;2012;False
1140;7279;345.39;0.0;0.0;0.0;0.0;0.0;2012;False
1141;22627;1073.65;0.0;0.0;0.0;0.0;0.0;2012;False
1142;38764;1839.35;104.69;103.45;0.06;0.99;0.06;2012;False
1143;2050;97.27;0.0;0.0;0.0;0.0;0.0;2012;False
1144;1880;89.21;0.0;0.0;0.0;0.0;0.0;2012;False
1145;10887;516.59;0.0;0.0;0.0;0.0;0.0;2012;False
1146;7623;361.71;0.0;0.0;0.0;0.0;0.0;2012;False
1147;2563;121.61;0.0;0.0;0.0;0.0;0.0;2012;False
1148;3100;147.1;0.0;0.0;0.0;0.0;0.0;2012;False
1149;7573;359.34;0.0;0.0;0.0;0.0;0.0;2012;False
1150;3087;146.48;0.0;0.0;0.0;0.0;0.0;2012;False
1151;88606;4204.35;864.82;864.82;0.21;1.0;0.21;2012;False
1152;3644;172.91;0.0;0.0;0.0;0.0;0.0;2012;False
1153;13080;620.65;0.0;0.0;0.0;0.0;0.0;2012;False
1154;3598;170.73;0.0;0.0;0.0;0.0;0.0;2012;False
1155;5099;241.95;0.0;0.0;0.0;0.0;0.0;2012;False
1156;25823;1225.3;347.76;347.76;0.28;1.0;0.28;2012;False
1157;3052;144.82;0.0;0.0;0.0;0.0;0.0;2012;False
1158;21823;1035.5;882.35;882.35;0.85;1.0;0.85;2012;False
1159;2111;100.17;0.0;0.0;0.0;0.0;0.0;2012;False
1160;3211;152.36;0.0;0.0;0.0;0.0;0.0;2012;False
1161;2408;114.26;0.0;0.0;0.0;0.0;0.0;2012;False
1162;8340;395.73;720.0;0.0;1.82;0.0;0.0;2012;False
1163;9812;465.58;428.07;428.07;0.92;1.0;0.92;2012;False
1164;2686;127.45;0.0;0.0;0.0;0.0;0.0;2012;False
1165;9271;439.91;0.0;0.0;0.0;0.0;0.0;2012;False
1166;2426;115.11;0.0;0.0;0.0;0.0;0.0;2012;False
1167;21657;1027.62;736.56;736.56;0.72;1.0;0.72;2012;False
1168;10033;476.07;0.0;0.0;0.0;0.0;0.0;2012;False
1169;21012;997.02;0.0;0.0;0.0;0.0;0.0;2012;False
1170;26315;1248.65;403.05;403.05;0.32;1.0;0.32;2012;False
1171;74802;3549.35;850.59;850.59;0.24;1.0;0.24;2012;False
1172;15536;737.18;377.9;377.9;0.51;1.0;0.51;2012;False
1173;38619;1832.47;0.0;0.0;0.0;0.0;0.0;2012;False
1174;3094;146.81;0.0;0.0;0.0;0.0;0.0;2012;False
1175;3486;165.41;0.0;0.0;0.0;0.0;0.0;2012;False
1176;29104;1380.98;661.82;661.82;0.48;1.0;0.48;2012;False
1177;3002;142.44;0.0;0.0;0.0;0.0;0.0;2012;False
1178;39937;1895.01;1976.86;1976.86;1.04;1.0;1.04;2012;False
1179;9544;452.86;0.0;0.0;0.0;0.0;0.0;2012;False
1180;4150;196.92;0.0;0.0;0.0;0.0;0.0;2012;False
1181;3156;149.75;0.0;0.0;0.0;0.0;0.0;2012;False
1182;167456;7945.79;4648.98;4648.98;0.59;1.0;0.59;2012;False
1183;17192;815.76;399.78;399.46;0.49;1.0;0.49;2012;False
1184;6820;323.61;0.0;0.0;0.0;0.0;0.0;2012;False
1185;5300;251.49;0.0;0.0;0.0;0.0;0.0;2012;False
1186;2792;132.48;0.0;0.0;0.0;0.0;0.0;2012;False
1187;4392;208.4;0.0;0.0;0.0;0.0;0.0;2012;False
1188;33190;1574.87;2057.08;2057.08;1.31;1.0;1.31;2012;False
1189;3341;158.53;0.0;0.0;0.0;0.0;0.0;2012;False
1190;6502;308.52;0.0;0.0;0.0;0.0;0.0;2012;False
1191;2885;136.89;0.0;0.0;0.0;0.0;0.0;2012;False
1192;2539;120.48;0.0;0.0;0.0;0.0;0.0;2012;False
1193;3511;166.6;0.0;0.0;0.0;0.0;0.0;2012;False
1194;9068;430.28;0.0;0.0;0.0;0.0;0.0;2012;False
1195;4044;191.89;0.0;0.0;0.0;0.0;0.0;2012;False
1196;4464;211.82;0.0;0.0;0.0;0.0;0.0;2012;False
1197;58655;2783.18;716.97;716.97;0.26;1.0;0.26;2012;False
1198;10401;493.53;0.0;0.0;0.0;0.0;0.0;2012;False
1199;5538;262.78;0.0;0.0;0.0;0.0;0.0;2012;False
1200;9741;462.21;0.0;0.0;0.0;0.0;0.0;2012;False
1201;1479;70.18;59.24;59.24;0.84;1.0;0.84;2012;False
1202;27616;1310.38;0.0;0.0;0.0;0.0;0.0;2012;False
1203;4240;201.19;0.0;0.0;0.0;0.0;0.0;2012;False
1204;20049;951.33;261.77;261.77;0.28;1.0;0.28;2012;False
1205;3430;162.75;0.0;0.0;0.0;0.0;0.0;2012;False
1206;1802;85.5;0.0;0.0;0.0;0.0;0.0;2012;False
1207;15910;754.93;1800.0;0.0;2.38;0.0;0.0;2012;False
1208;80517;3820.53;0.0;0.0;0.0;0.0;0.0;2012;False
1209;6896;327.22;0.0;0.0;0.0;0.0;0.0;2012;False
1210;17419;826.53;489.27;489.27;0.59;1.0;0.59;2012;False
1211;5922;281.0;0.0;0.0;0.0;0.0;0.0;2012;False
1212;2570;121.95;0.0;0.0;0.0;0.0;0.0;2012;False
1213;3191;151.41;0.0;0.0;0.0;0.0;0.0;2012;False
1214;2782;132.01;0.0;0.0;0.0;0.0;0.0;2012;False
1215;6126;290.68;0.0;0.0;0.0;0.0;0.0;2012;False
1216;2544;120.71;0.0;0.0;0.0;0.0;0.0;2012;False
1217;97482;4625.52;1870.94;1870.94;0.4;1.0;0.4;2012;False
1218;3119;148.0;0.0;0.0;0.0;0.0;0.0;2012;False
1219;4329;205.41;0.0;0.0;0.0;0.0;0.0;2012;False
1220;4091;194.12;0.0;0.0;0.0;0.0;0.0;2012;False
1221;2633;124.94;0.0;0.0;0.0;0.0;0.0;2012;False
1222;33807;1604.14;717.99;717.99;0.45;1.0;0.45;2012;False
1223;12469;591.65;28.48;0.0;0.05;0.0;0.0;2012;False
1224;2771;131.48;0.0;0.0;0.0;0.0;0.0;2012;False
1225;125268;5943.97;1827.17;1827.17;0.31;1.0;0.31;2012;False
1226;3323;157.68;0.0;0.0;0.0;0.0;0.0;2012;False
1227;11500;545.68;0.0;0.0;0.0;0.0;0.0;2012;False
1228;6840;324.56;0.0;0.0;0.0;0.0;0.0;2012;False
1229;4472;212.2;0.0;0.0;0.0;0.0;0.0;2012;False
1230;4734;224.63;0.0;0.0;0.0;0.0;0.0;2012;False
985;6340;300.83;84.03;84.03;0.28;1.0;0.28;2011;False
986;14524;689.16;340.0;330.0;0.49;0.97;0.48;2011;False
987;18447;875.31;245.66;245.66;0.28;1.0;0.28;2011;False
988;2237;106.15;0.0;0.0;0.0;0.0;0.0;2011;False
989;4639;220.12;0.0;0.0;0.0;0.0;0.0;2011;False
990;1804;85.6;0.0;0.0;0.0;0.0;0.0;2011;False
991;147619;7004.52;0.0;0.0;0.0;0.0;0.0;2011;False
992;21762;1032.61;0.0;0.0;0.0;0.0;0.0;2011;False
993;1846;87.59;0.0;0.0;0.0;0.0;0.0;2011;False
994;4202;199.38;0.0;0.0;0.0;0.0;0.0;2011;False
995;6265;297.27;0.0;0.0;0.0;0.0;0.0;2011;False
996;7335;348.05;16.06;0.0;0.05;0.0;0.0;2011;False
997;3125;148.28;0.0;0.0;0.0;0.0;0.0;2011;False
998;5012;237.82;0.0;0.0;0.0;0.0;0.0;2011;False
999;3221;152.84;0.0;0.0;0.0;0.0;0.0;2011;False
1000;305671;14504.09;8218.09;8218.09;0.57;1.0;0.57;2011;False
1001;929;44.08;0.0;0.0;0.0;0.0;0.0;2011;False
1002;18376;871.94;338.83;338.83;0.39;1.0;0.39;2011;False
1003;419931;19925.73;4145.25;2919.91;0.21;0.7;0.15;2011;False
1004;2193;104.06;93.64;93.64;0.9;1.0;0.9;2011;False
1005;3459;164.13;0.0;0.0;0.0;0.0;0.0;2011;False
1006;3410;161.8;0.0;0.0;0.0;0.0;0.0;2011;False
1007;16645;789.81;0.0;0.0;0.0;0.0;0.0;2011;False
1008;7687;364.75;0.0;0.0;0.0;0.0;0.0;2011;False
1009;6794;322.38;142.11;142.11;0.44;1.0;0.44;2011;False
1010;2909;138.03;0.0;0.0;0.0;0.0;0.0;2011;False
1011;6934;329.02;0.0;0.0;0.0;0.0;0.0;2011;False
1012;3254;154.4;0.0;0.0;0.0;0.0;0.0;2011;False
1013;2208;104.77;0.0;0.0;0.0;0.0;0.0;2011;False
1014;3453;163.84;0.0;0.0;0.0;0.0;0.0;2011;False
1015;8040;381.5;0.0;0.0;0.0;0.0;0.0;2011;False
1016;22539;1069.48;406.85;406.85;0.38;1.0;0.38;2011;False
1017;7629;362.0;0.0;0.0;0.0;0.0;0.0;2011;False
1018;19024;902.69;298.49;298.49;0.33;1.0;0.33;2011;False
1019;6955;330.01;0.0;0.0;0.0;0.0;0.0;2011;False
1020;3225;153.03;0.0;0.0;0.0;0.0;0.0;2011;False
1021;2949;139.93;0.0;0.0;0.0;0.0;0.0;2011;False
1022;4990;236.78;38.39;38.39;0.16;1.0;0.16;2011;False
1023;8198;389.0;87.18;0.0;0.22;0.0;0.0;2011;False
1024;2304;109.32;0.0;0.0;0.0;0.0;0.0;2011;False
1025;2994;142.07;0.0;0.0;0.0;0.0;0.0;2011;False
1026;6681;317.01;0.0;0.0;0.0;0.0;0.0;2011;False
1027;9660;458.37;0.0;0.0;0.0;0.0;0.0;2011;False
1028;1273;60.4;0.0;0.0;0.0;0.0;0.0;2011;False
1029;7433;352.7;200.22;200.22;0.57;1.0;0.57;2011;False
1030;12181;577.99;459.84;459.84;0.8;1.0;0.8;2011;False
1031;15274;724.75;368.15;368.15;0.51;1.0;0.51;2011;False
1032;65072;3087.67;2700.0;2700.0;0.87;1.0;0.87;2011;False
1033;3034;143.96;0.0;0.0;0.0;0.0;0.0;2011;False
1034;3073;145.81;0.0;0.0;0.0;0.0;0.0;2011;False
1035;3297;156.44;0.0;0.0;0.0;0.0;0.0;2011;False
1036;10134;480.86;0.0;0.0;0.0;0.0;0.0;2011;False
1037;5578;264.68;0.0;0.0;0.0;0.0;0.0;2011;False
1038;5742;272.46;0.0;0.0;0.0;0.0;0.0;2011;False
1039;16717;793.22;382.74;382.74;0.48;1.0;0.48;2011;False
1040;4322;205.08;0.0;0.0;0.0;0.0;0.0;2011;False
1041;8138;386.15;0.0;0.0;0.0;0.0;0.0;2011;False
1042;3267;155.02;0.0;0.0;0.0;0.0;0.0;2011;False
1043;79773;3785.23;2544.0;2544.0;0.67;1.0;0.67;2011;False
1044;4255;201.9;0.0;0.0;0.0;0.0;0.0;2011;False
1045;8497;403.18;0.0;0.0;0.0;0.0;0.0;2011;False
1046;18801;892.11;478.89;478.89;0.54;1.0;0.54;2011;False
1047;6883;326.6;0.0;0.0;0.0;0.0;0.0;2011;False
1048;6544;310.51;368.0;368.0;1.19;1.0;1.19;2011;False
1049;51562;2446.62;1097.79;1097.79;0.45;1.0;0.45;2011;False
1050;15909;754.88;0.0;0.0;0.0;0.0;0.0;2011;False
1051;3168;150.32;0.0;0.0;0.0;0.0;0.0;2011;False
1052;2352;111.6;0.0;0.0;0.0;0.0;0.0;2011;False
1053;9401;446.08;0.0;0.0;0.0;0.0;0.0;2011;False
1054;7492;355.5;170.81;170.81;0.48;1.0;0.48;2011;False
1055;42921;2036.6;441.33;441.33;0.22;1.0;0.22;2011;False
1056;2648;125.65;0.0;0.0;0.0;0.0;0.0;2011;False
1057;14304;678.72;0.0;0.0;0.0;0.0;0.0;2011;False
1058;3202;151.93;0.0;0.0;0.0;0.0;0.0;2011;False
1059;2666;126.5;84.89;0.0;0.67;0.0;0.0;2011;False
1060;2971;140.97;0.0;0.0;0.0;0.0;0.0;2011;False
1061;2492;118.25;0.0;0.0;0.0;0.0;0.0;2011;False
1062;1858;88.16;0.0;0.0;0.0;0.0;0.0;2011;False
1063;2237;106.15;0.0;0.0;0.0;0.0;0.0;2011;False
1064;4465;211.86;0.0;0.0;0.0;0.0;0.0;2011;False
1065;7079;335.9;0.0;0.0;0.0;0.0;0.0;2011;False
1066;3366;159.72;0.0;0.0;0.0;0.0;0.0;2011;False
1067;10244;486.08;0.0;0.0;0.0;0.0;0.0;2011;False
1068;2992;141.97;0.0;0.0;0.0;0.0;0.0;2011;False
1069;6275;297.75;0.0;0.0;0.0;0.0;0.0;2011;False
1070;5654;268.28;0.0;0.0;0.0;0.0;0.0;2011;False
1071;10571;501.59;0.0;0.0;0.0;0.0;0.0;2011;False
1072;11209;531.87;0.0;0.0;0.0;0.0;0.0;2011;False
1073;91852;4358.38;1724.14;1724.14;0.4;1.0;0.4;2011;False
1074;4360;206.88;0.0;0.0;0.0;0.0;0.0;2011;False
1075;3003;142.49;0.0;0.0;0.0;0.0;0.0;2011;False
1076;9658;458.27;0.0;0.0;0.0;0.0;0.0;2011;False
1077;4774;226.53;0.0;0.0;0.0;0.0;0.0;2011;False
1078;54486;2585.36;1505.89;1505.89;0.58;1.0;0.58;2011;False
1079;1190155;56472.85;63173.93;49717.88;1.12;0.79;0.88;2011;False
1080;31466;1493.06;226.34;226.34;0.15;1.0;0.15;2011;False
1081;22159;1051.44;306.67;306.67;0.29;1.0;0.29;2011;False
1082;29431;1396.5;419.69;419.69;0.3;1.0;0.3;2011;False
1083;4533;215.09;0.0;0.0;0.0;0.0;0.0;2011;False
1084;12627;599.15;335.21;335.21;0.56;1.0;0.56;2011;False
1085;2116;100.4;0.0;0.0;0.0;0.0;0.0;2011;False
1086;3815;181.02;0.0;0.0;0.0;0.0;0.0;2011;False
1087;2037;96.66;0.0;0.0;0.0;0.0;0.0;2011;False
1088;3233;153.41;0.0;0.0;0.0;0.0;0.0;2011;False
1089;16007;759.53;0.0;0.0;0.0;0.0;0.0;2011;False
1090;3601;170.87;0.0;0.0;0.0;0.0;0.0;2011;False
1091;11321;537.18;0.0;0.0;0.0;0.0;0.0;2011;False
1092;5177;245.65;0.0;0.0;0.0;0.0;0.0;2011;False
1093;12488;592.56;0.0;0.0;0.0;0.0;0.0;2011;False
1094;43862;2081.25;821.26;821.26;0.39;1.0;0.39;2011;False
1095;22479;1066.63;0.0;0.0;0.0;0.0;0.0;2011;False
1096;2569;121.9;0.0;0.0;0.0;0.0;0.0;2011;False
1097;28235;1339.75;282.9;282.9;0.21;1.0;0.21;2011;False
1098;2598;123.28;0.0;0.0;0.0;0.0;0.0;2011;False
1099;32455;1539.99;400.37;400.37;0.26;1.0;0.26;2011;False
1100;4083;193.74;0.0;0.0;0.0;0.0;0.0;2011;False
1101;4891;232.08;0.0;0.0;0.0;0.0;0.0;2011;False
1102;4529;214.9;0.0;0.0;0.0;0.0;0.0;2011;False
1103;16979;805.65;0.0;0.0;0.0;0.0;0.0;2011;False
1104;6864;325.7;0.0;0.0;0.0;0.0;0.0;2011;False
1105;23545;1117.21;756.1;756.1;0.68;1.0;0.68;2011;False
1106;5747;272.7;0.0;0.0;0.0;0.0;0.0;2011;False
1107;7763;368.35;268.98;268.98;0.73;1.0;0.73;2011;False
1108;84657;4016.97;3882.38;3859.08;0.97;0.99;0.96;2011;False
1109;2381;112.98;0.0;0.0;0.0;0.0;0.0;2011;False
1110;5552;263.44;0.0;0.0;0.0;0.0;0.0;2011;False
1111;38399;1822.03;224.18;224.13;0.12;1.0;0.12;2011;False
1112;80331;3811.71;2804.49;2802.25;0.74;1.0;0.74;2011;False
1113;2697;127.97;0.0;0.0;0.0;0.0;0.0;2011;False
1114;2089;99.12;0.0;0.0;0.0;0.0;0.0;2011;False
1115;6441;305.63;288.65;288.65;0.94;1.0;0.94;2011;False
1116;17231;817.61;582.7;582.7;0.71;1.0;0.71;2011;False
1117;1155;54.8;35.5;35.5;0.65;1.0;0.65;2011;False
1118;7124;338.03;0.0;0.0;0.0;0.0;0.0;2011;False
1119;159901;7587.3;1032.77;1032.77;0.14;1.0;0.14;2011;False
1120;2141;101.59;0.0;0.0;0.0;0.0;0.0;2011;False
1121;6344;301.02;0.0;0.0;0.0;0.0;0.0;2011;False
1122;9525;451.96;205.91;205.91;0.46;1.0;0.46;2011;False
1123;1881;89.25;0.0;0.0;0.0;0.0;0.0;2011;False
1124;3978;188.76;0.0;0.0;0.0;0.0;0.0;2011;False
1125;10579;501.97;0.0;0.0;0.0;0.0;0.0;2011;False
1126;2416;114.64;0.0;0.0;0.0;0.0;0.0;2011;False
1127;27959;1326.65;1250.0;1250.0;0.94;1.0;0.94;2011;False
1128;48759;2313.61;0.0;0.0;0.0;0.0;0.0;2011;False
1129;1573;74.64;0.0;0.0;0.0;0.0;0.0;2011;False
1130;7037;333.91;0.0;0.0;0.0;0.0;0.0;2011;False
1131;7211;342.16;0.0;0.0;0.0;0.0;0.0;2011;False
1132;9742;462.26;20.96;20.96;0.05;1.0;0.05;2011;False
1133;3745;177.7;0.0;0.0;0.0;0.0;0.0;2011;False
1134;37743;1790.91;1007.2;1007.2;0.56;1.0;0.56;2011;False
1135;2118;100.5;0.0;0.0;0.0;0.0;0.0;2011;False
1136;4465;211.86;0.0;0.0;0.0;0.0;0.0;2011;False
1137;12255;581.5;0.0;0.0;0.0;0.0;0.0;2011;False
1138;5697;270.32;0.0;0.0;0.0;0.0;0.0;2011;False
1139;3468;164.56;0.0;0.0;0.0;0.0;0.0;2011;False
1140;7195;341.4;0.0;0.0;0.0;0.0;0.0;2011;False
1141;22249;1055.72;0.0;0.0;0.0;0.0;0.0;2011;False
1142;38510;1827.3;2.7;2.7;0.0;1.0;0.0;2011;False
1143;2045;97.04;0.0;0.0;0.0;0.0;0.0;2011;False
1144;1870;88.73;0.0;0.0;0.0;0.0;0.0;2011;False
1145;10828;513.79;0.0;0.0;0.0;0.0;0.0;2011;False
1146;7652;363.09;0.0;0.0;0.0;0.0;0.0;2011;False
1147;2557;121.33;0.0;0.0;0.0;0.0;0.0;2011;False
1148;3116;147.85;0.0;0.0;0.0;0.0;0.0;2011;False
1149;7458;353.88;0.0;0.0;0.0;0.0;0.0;2011;False
1150;3131;148.57;0.0;0.0;0.0;0.0;0.0;2011;False
1151;87221;4138.64;618.86;618.86;0.15;1.0;0.15;2011;False
1152;3607;171.15;0.0;0.0;0.0;0.0;0.0;2011;False
1153;12997;616.71;0.0;0.0;0.0;0.0;0.0;2011;False
1154;3619;171.72;0.0;0.0;0.0;0.0;0.0;2011;False
1155;5019;238.15;0.0;0.0;0.0;0.0;0.0;2011;False
1156;25411;1205.75;271.28;271.28;0.22;1.0;0.22;2011;False
1157;3048;144.63;0.0;0.0;0.0;0.0;0.0;2011;False
1158;21453;1017.94;834.52;834.52;0.82;1.0;0.82;2011;False
1159;2110;100.12;0.0;0.0;0.0;0.0;0.0;2011;False
1160;3211;152.36;0.0;0.0;0.0;0.0;0.0;2011;False
1161;2415;114.59;0.0;0.0;0.0;0.0;0.0;2011;False
1162;8279;392.84;800.0;0.0;2.04;0.0;0.0;2011;False
1163;9810;465.48;347.9;347.9;0.75;1.0;0.75;2011;False
1164;2674;126.88;0.0;0.0;0.0;0.0;0.0;2011;False
1165;9277;440.19;0.0;0.0;0.0;0.0;0.0;2011;False
1166;2464;116.92;0.0;0.0;0.0;0.0;0.0;2011;False
1167;21725;1030.85;554.08;554.08;0.54;1.0;0.54;2011;False
1168;10101;479.29;0.0;0.0;0.0;0.0;0.0;2011;False
1169;20894;991.42;0.0;0.0;0.0;0.0;0.0;2011;False
1170;26144;1240.53;380.57;380.57;0.31;1.0;0.31;2011;False
1171;74270;3524.11;732.82;732.82;0.21;1.0;0.21;2011;False
1172;15497;735.33;327.34;327.34;0.45;1.0;0.45;2011;False
1173;38433;1823.65;0.0;0.0;0.0;0.0;0.0;2011;False
1174;3058;145.1;0.0;0.0;0.0;0.0;0.0;2011;False
1175;3476;164.94;0.0;0.0;0.0;0.0;0.0;2011;False
1176;28742;1363.81;601.02;601.02;0.44;1.0;0.44;2011;False
1177;2912;138.17;0.0;0.0;0.0;0.0;0.0;2011;False
1178;39488;1873.71;1792.37;1792.37;0.96;1.0;0.96;2011;False
1179;9522;451.82;0.0;0.0;0.0;0.0;0.0;2011;False
1180;4137;196.3;0.0;0.0;0.0;0.0;0.0;2011;False
1181;3074;145.86;0.0;0.0;0.0;0.0;0.0;2011;False
1182;163442;7755.32;4257.76;4257.76;0.55;1.0;0.55;2011;False
1183;17136;813.1;10.06;9.9;0.01;0.98;0.01;2011;False
1184;6818;323.51;0.0;0.0;0.0;0.0;0.0;2011;False
1185;5246;248.92;0.0;0.0;0.0;0.0;0.0;2011;False
1186;2814;133.52;0.0;0.0;0.0;0.0;0.0;2011;False
1187;4346;206.22;0.0;0.0;0.0;0.0;0.0;2011;False
1188;33061;1568.74;1665.65;1665.32;1.06;1.0;1.06;2011;False
1189;3334;158.2;0.0;0.0;0.0;0.0;0.0;2011;False
1190;6378;302.64;0.0;0.0;0.0;0.0;0.0;2011;False
1191;2874;136.37;0.0;0.0;0.0;0.0;0.0;2011;False
1192;2582;122.52;0.0;0.0;0.0;0.0;0.0;2011;False
1193;3558;168.83;0.0;0.0;0.0;0.0;0.0;2011;False
1194;9183;435.73;0.0;0.0;0.0;0.0;0.0;2011;False
1195;4018;190.65;0.0;0.0;0.0;0.0;0.0;2011;False
1196;4357;206.74;0.0;0.0;0.0;0.0;0.0;2011;False
1197;57893;2747.02;636.12;636.12;0.23;1.0;0.23;2011;False
1198;10291;488.31;0.0;0.0;0.0;0.0;0.0;2011;False
1199;5532;262.49;0.0;0.0;0.0;0.0;0.0;2011;False
1200;9504;450.96;0.0;0.0;0.0;0.0;0.0;2011;False
1201;1501;71.22;64.13;64.13;0.9;1.0;0.9;2011;False
1202;27370;1298.71;0.0;0.0;0.0;0.0;0.0;2011;False
1203;4205;199.53;0.0;0.0;0.0;0.0;0.0;2011;False
1204;20084;952.99;237.25;237.25;0.25;1.0;0.25;2011;False
1205;3411;161.85;0.0;0.0;0.0;0.0;0.0;2011;False
1206;1799;85.36;0.0;0.0;0.0;0.0;0.0;2011;False
1207;15673;743.68;1550.0;0.0;2.08;0.0;0.0;2011;False
1208;78415;3720.79;0.0;0.0;0.0;0.0;0.0;2011;False
1209;6825;323.85;0.0;0.0;0.0;0.0;0.0;2011;False
1210;17328;822.21;366.18;366.18;0.45;1.0;0.45;2011;False
1211;5902;280.05;0.0;0.0;0.0;0.0;0.0;2011;False
1212;2560;121.47;0.0;0.0;0.0;0.0;0.0;2011;False
1213;3193;151.51;0.0;0.0;0.0;0.0;0.0;2011;False
1214;2752;130.58;0.0;0.0;0.0;0.0;0.0;2011;False
1215;6025;285.89;0.0;0.0;0.0;0.0;0.0;2011;False
1216;2544;120.71;0.0;0.0;0.0;0.0;0.0;2011;False
1217;95938;4552.26;1821.05;1821.05;0.4;1.0;0.4;2011;False
1218;3117;147.9;0.0;0.0;0.0;0.0;0.0;2011;False
1219;4348;206.31;0.0;0.0;0.0;0.0;0.0;2011;False
1220;4032;191.32;0.0;0.0;0.0;0.0;0.0;2011;False
1221;2640;125.27;0.0;0.0;0.0;0.0;0.0;2011;False
1222;33578;1593.28;576.61;576.61;0.36;1.0;0.36;2011;False
1223;12475;591.94;26.66;0.0;0.05;0.0;0.0;2011;False
1224;2773;131.58;0.0;0.0;0.0;0.0;0.0;2011;False
1225;122711;5822.64;1686.86;1686.86;0.29;1.0;0.29;2011;False
1226;3313;157.2;0.0;0.0;0.0;0.0;0.0;2011;False
1227;11416;541.69;0.0;0.0;0.0;0.0;0.0;2011;False
1228;6749;320.24;0.0;0.0;0.0;0.0;0.0;2011;False
1229;4375;207.59;0.0;0.0;0.0;0.0;0.0;2011;False
1230;4690;222.54;0.0;0.0;0.0;0.0;0.0;2011;False
985;6014;285.36;75.79;75.79;0.27;1.0;0.27;2010;True
986;13301;631.13;476.91;476.91;0.76;1.0;0.76;2010;True
987;17911;849.88;0.0;0.0;0.0;0.0;0.0;2010;True
988;2296;108.95;0.0;0.0;0.0;0.0;0.0;2010;True
989;4720;223.96;0.0;0.0;0.0;0.0;0.0;2010;True
990;1855;88.02;0.0;0.0;0.0;0.0;0.0;2010;True
991;138447;6569.31;0.0;0.0;0.0;0.0;0.0;2010;True
992;20228;959.82;0.0;0.0;0.0;0.0;0.0;2010;True
993;1878;89.11;0.0;0.0;0.0;0.0;0.0;2010;True
994;3632;172.34;0.0;0.0;0.0;0.0;0.0;2010;True
995;6284;298.18;0.0;0.0;0.0;0.0;0.0;2010;True
996;7579;359.62;14.28;13.88;0.04;0.97;0.04;2010;True
997;3241;153.79;0.0;0.0;0.0;0.0;0.0;2010;True
998;4670;221.59;0.0;0.0;0.0;0.0;0.0;2010;True
999;3183;151.03;0.0;0.0;0.0;0.0;0.0;2010;True
1000;304504;14448.71;7791.06;7791.06;0.54;1.0;0.54;2010;True
1001;924;43.84;0.0;0.0;0.0;0.0;0.0;2010;True
1002;17326;822.12;320.18;320.18;0.39;1.0;0.39;2010;True
1003;440552;20904.19;3983.17;2802.56;0.19;0.7;0.13;2010;True
1004;2392;113.5;91.14;91.14;0.8;1.0;0.8;2010;True
1005;3403;161.47;0.0;0.0;0.0;0.0;0.0;2010;True
1006;3486;165.41;0.0;0.0;0.0;0.0;0.0;2010;True
1007;16395;777.94;0.0;0.0;0.0;0.0;0.0;2010;True
1008;7320;347.33;0.0;0.0;0.0;0.0;0.0;2010;True
1009;6908;327.78;143.78;143.78;0.44;1.0;0.44;2010;True
1010;3025;143.54;0.0;0.0;0.0;0.0;0.0;2010;True
1011;6652;315.64;0.0;0.0;0.0;0.0;0.0;2010;True
1012;3301;156.63;0.0;0.0;0.0;0.0;0.0;2010;True
1013;2196;104.2;0.0;0.0;0.0;0.0;0.0;2010;True
1014;3387;160.71;0.0;0.0;0.0;0.0;0.0;2010;True
1015;7050;334.52;0.0;0.0;0.0;0.0;0.0;2010;True
1016;21056;999.11;392.94;392.94;0.39;1.0;0.39;2010;True
1017;7757;368.07;0.0;0.0;0.0;0.0;0.0;2010;True
1018;19038;903.35;206.92;206.92;0.23;1.0;0.23;2010;True
1019;6789;322.14;0.0;0.0;0.0;0.0;0.0;2010;True
1020;3152;149.56;0.0;0.0;0.0;0.0;0.0;2010;True
1021;2984;141.59;0.0;0.0;0.0;0.0;0.0;2010;True
1022;4837;229.52;38.62;38.62;0.17;1.0;0.17;2010;True
1023;7915;375.57;83.8;83.8;0.22;1.0;0.22;2010;True
1024;2146;101.83;0.0;0.0;0.0;0.0;0.0;2010;True
1025;3109;147.52;0.0;0.0;0.0;0.0;0.0;2010;True
1026;6407;304.01;0.0;0.0;0.0;0.0;0.0;2010;True
1027;8547;405.56;0.0;0.0;0.0;0.0;0.0;2010;True
1028;1283;60.88;0.0;0.0;0.0;0.0;0.0;2010;True
1029;7134;338.51;198.29;198.29;0.59;1.0;0.59;2010;True
1030;11211;531.96;86.88;86.88;0.16;1.0;0.16;2010;True
1031;15112;717.06;350.04;350.04;0.49;1.0;0.49;2010;True
1032;63048;2991.63;0.0;0.0;0.0;0.0;0.0;2010;True
1033;3025;143.54;0.0;0.0;0.0;0.0;0.0;2010;True
1034;3157;149.8;0.0;0.0;0.0;0.0;0.0;2010;True
1035;3412;161.9;0.0;0.0;0.0;0.0;0.0;2010;True
1036;9598;455.43;0.0;0.0;0.0;0.0;0.0;2010;True
1037;5626;266.95;0.0;0.0;0.0;0.0;0.0;2010;True
1038;5589;265.2;0.0;0.0;0.0;0.0;0.0;2010;True
1039;17010;807.12;368.87;368.87;0.46;1.0;0.46;2010;True
1040;4911;233.03;0.0;0.0;0.0;0.0;0.0;2010;True
1041;8349;396.16;0.0;0.0;0.0;0.0;0.0;2010;True
1042;3239;153.69;0.0;0.0;0.0;0.0;0.0;2010;True
1043;76503;3630.07;2472.0;2472.0;0.68;1.0;0.68;2010;True
1044;4234;200.9;0.0;0.0;0.0;0.0;0.0;2010;True
1045;8942;424.3;0.0;0.0;0.0;0.0;0.0;2010;True
1046;18009;854.53;461.91;461.91;0.54;1.0;0.54;2010;True
1047;6977;331.06;0.0;0.0;0.0;0.0;0.0;2010;True
1048;5918;280.81;263.0;263.0;0.94;1.0;0.94;2010;True
1049;49428;2345.36;1089.06;1089.06;0.46;1.0;0.46;2010;True
1050;14859;705.06;0.0;0.0;0.0;0.0;0.0;2010;True
1051;3401;161.38;0.0;0.0;0.0;0.0;0.0;2010;True
1052;2364;112.17;0.0;0.0;0.0;0.0;0.0;2010;True
1053;8931;423.78;0.0;0.0;0.0;0.0;0.0;2010;True
1054;7639;362.47;13.92;13.92;0.04;1.0;0.04;2010;True
1055;38842;1843.05;423.5;423.5;0.23;1.0;0.23;2010;True
1056;2756;130.77;0.0;0.0;0.0;0.0;0.0;2010;True
1057;13926;660.79;0.0;0.0;0.0;0.0;0.0;2010;True
1058;3284;155.83;0.0;0.0;0.0;0.0;0.0;2010;True
1059;2752;130.58;0.0;0.0;0.0;0.0;0.0;2010;True
1060;3145;149.23;0.0;0.0;0.0;0.0;0.0;2010;True
1061;2513;119.24;0.0;0.0;0.0;0.0;0.0;2010;True
1062;1865;88.49;0.0;0.0;0.0;0.0;0.0;2010;True
1063;2130;101.07;0.0;0.0;0.0;0.0;0.0;2010;True
1064;4747;225.25;0.0;0.0;0.0;0.0;0.0;2010;True
1065;7408;351.51;0.0;0.0;0.0;0.0;0.0;2010;True
1066;3407;161.66;0.0;0.0;0.0;0.0;0.0;2010;True
1067;9909;470.18;0.0;0.0;0.0;0.0;0.0;2010;True
1068;2950;139.98;0.0;0.0;0.0;0.0;0.0;2010;True
1069;6306;299.22;0.0;0.0;0.0;0.0;0.0;2010;True
1070;5716;271.22;0.0;0.0;0.0;0.0;0.0;2010;True
1071;10130;480.67;0.0;0.0;0.0;0.0;0.0;2010;True
1072;10788;511.89;0.0;0.0;0.0;0.0;0.0;2010;True
1073;89393;4241.7;1618.22;1618.22;0.38;1.0;0.38;2010;True
1074;4584;217.51;0.0;0.0;0.0;0.0;0.0;2010;True
1075;3118;147.95;0.0;0.0;0.0;0.0;0.0;2010;True
1076;10094;478.96;0.0;0.0;0.0;0.0;0.0;2010;True
1077;4680;222.07;0.0;0.0;0.0;0.0;0.0;2010;True
1078;52902;2510.2;1469.74;1469.74;0.59;1.0;0.59;2010;True
1079;1173825;55698.0;62977.48;49771.11;1.13;0.79;0.89;2010;True
1080;27622;1310.66;212.47;212.47;0.16;1.0;0.16;2010;True
1081;22187;1052.77;258.96;258.96;0.25;1.0;0.25;2010;True
1082;29299;1390.24;401.74;401.74;0.29;1.0;0.29;2010;True
1083;4428;210.11;0.0;0.0;0.0;0.0;0.0;2010;True
1084;12621;598.87;312.58;312.58;0.52;1.0;0.52;2010;True
1085;2128;100.97;0.0;0.0;0.0;0.0;0.0;2010;True
1086;3755;178.17;0.0;0.0;0.0;0.0;0.0;2010;True
1087;2092;99.27;0.0;0.0;0.0;0.0;0.0;2010;True
1088;3289;156.06;0.0;0.0;0.0;0.0;0.0;2010;True
1089;14647;695.0;0.0;0.0;0.0;0.0;0.0;2010;True
1090;3694;175.28;0.0;0.0;0.0;0.0;0.0;2010;True
1091;11464;543.97;0.0;0.0;0.0;0.0;0.0;2010;True
1092;5273;250.2;0.0;0.0;0.0;0.0;0.0;2010;True
1093;12276;582.5;0.0;0.0;0.0;0.0;0.0;2010;True
1094;43052;2042.82;803.45;803.45;0.39;1.0;0.39;2010;True
1095;22084;1047.89;0.0;0.0;0.0;0.0;0.0;2010;True
1096;2596;123.18;0.0;0.0;0.0;0.0;0.0;2010;True
1097;28584;1356.31;0.0;0.0;0.0;0.0;0.0;2010;True
1098;2597;123.23;0.0;0.0;0.0;0.0;0.0;2010;True
1099;30834;1463.07;107.56;107.56;0.07;1.0;0.07;2010;True
1100;4011;190.32;0.0;0.0;0.0;0.0;0.0;2010;True
1101;4969;235.78;0.0;0.0;0.0;0.0;0.0;2010;True
1102;4760;225.86;0.0;0.0;0.0;0.0;0.0;2010;True
1103;16202;768.78;0.0;0.0;0.0;0.0;0.0;2010;True
1104;6949;329.73;0.0;0.0;0.0;0.0;0.0;2010;True
1105;23135;1097.76;738.32;738.32;0.67;1.0;0.67;2010;True
1106;5352;253.95;0.0;0.0;0.0;0.0;0.0;2010;True
1107;7996;379.41;263.26;263.26;0.69;1.0;0.69;2010;True
1108;84237;3997.05;3586.47;3569.61;0.9;1.0;0.89;2010;True
1109;2426;115.11;0.0;0.0;0.0;0.0;0.0;2010;True
1110;5754;273.03;0.0;0.0;0.0;0.0;0.0;2010;True
1111;38057;1805.8;9.04;7.41;0.01;0.82;0.0;2010;True
1112;79191;3757.61;2705.13;2657.25;0.72;0.98;0.71;2010;True
1113;2729;129.49;0.0;0.0;0.0;0.0;0.0;2010;True
1114;2081;98.74;0.0;0.0;0.0;0.0;0.0;2010;True
1115;6341;300.88;278.1;278.1;0.92;1.0;0.92;2010;True
1116;17251;818.56;586.98;586.98;0.72;1.0;0.72;2010;True
1117;1185;56.23;33.89;33.89;0.6;1.0;0.6;2010;True
1118;7858;372.86;0.0;0.0;0.0;0.0;0.0;2010;True
1119;174784;8293.5;1012.47;1012.47;0.12;1.0;0.12;2010;True
1120;2339;110.99;0.0;0.0;0.0;0.0;0.0;2010;True
1121;6375;302.49;0.0;0.0;0.0;0.0;0.0;2010;True
1122;9439;447.88;206.18;206.18;0.46;1.0;0.46;2010;True
1123;1914;90.82;0.0;0.0;0.0;0.0;0.0;2010;True
1124;3984;189.04;0.0;0.0;0.0;0.0;0.0;2010;True
1125;10527;499.51;0.0;0.0;0.0;0.0;0.0;2010;True
1126;2535;120.29;0.0;0.0;0.0;0.0;0.0;2010;True
1127;28162;1336.29;946.0;946.0;0.71;1.0;0.71;2010;True
1128;46197;2192.05;3446.3;0.0;1.57;0.0;0.0;2010;True
1129;1628;77.25;0.0;0.0;0.0;0.0;0.0;2010;True
1130;6889;326.88;0.0;0.0;0.0;0.0;0.0;2010;True
1131;7248;343.92;0.0;0.0;0.0;0.0;0.0;2010;True
1132;9369;444.56;0.0;0.0;0.0;0.0;0.0;2010;True
1133;3995;189.56;0.0;0.0;0.0;0.0;0.0;2010;True
1134;37307;1770.22;995.21;995.21;0.56;1.0;0.56;2010;True
1135;2132;101.16;0.0;0.0;0.0;0.0;0.0;2010;True
1136;4444;210.87;0.0;0.0;0.0;0.0;0.0;2010;True
1137;12480;592.18;0.0;0.0;0.0;0.0;0.0;2010;True
1138;5912;280.52;0.0;0.0;0.0;0.0;0.0;2010;True
1139;3578;169.78;0.0;0.0;0.0;0.0;0.0;2010;True
1140;7038;333.95;0.0;0.0;0.0;0.0;0.0;2010;True
1141;20271;961.86;0.0;0.0;0.0;0.0;0.0;2010;True
1142;37223;1766.23;2.7;2.55;0.0;0.94;0.0;2010;True
1143;2050;97.27;0.0;0.0;0.0;0.0;0.0;2010;True
1144;1932;91.67;0.0;0.0;0.0;0.0;0.0;2010;True
1145;11477;544.58;0.0;0.0;0.0;0.0;0.0;2010;True
1146;7722;366.41;0.0;0.0;0.0;0.0;0.0;2010;True
1147;2487;118.01;0.0;0.0;0.0;0.0;0.0;2010;True
1148;3198;151.75;0.0;0.0;0.0;0.0;0.0;2010;True
1149;6997;332.01;0.0;0.0;0.0;0.0;0.0;2010;True
1150;3089;146.57;0.0;0.0;0.0;0.0;0.0;2010;True
1151;83715;3972.28;566.72;566.72;0.14;1.0;0.14;2010;True
1152;3729;176.94;0.0;0.0;0.0;0.0;0.0;2010;True
1153;13361;633.98;0.0;0.0;0.0;0.0;0.0;2010;True
1154;3886;184.39;0.0;0.0;0.0;0.0;0.0;2010;True
1155;4774;226.53;0.0;0.0;0.0;0.0;0.0;2010;True
1156;25351;1202.9;230.33;230.33;0.19;1.0;0.19;2010;True
1157;3021;143.35;0.0;0.0;0.0;0.0;0.0;2010;True
1158;21018;997.3;769.57;769.57;0.77;1.0;0.77;2010;True
1159;2103;99.79;0.0;0.0;0.0;0.0;0.0;2010;True
1160;3303;156.73;0.0;0.0;0.0;0.0;0.0;2010;True
1161;2410;114.35;0.0;0.0;0.0;0.0;0.0;2010;True
1162;7689;364.84;800.0;0.0;2.19;0.0;0.0;2010;True
1163;10014;475.16;326.83;326.83;0.69;1.0;0.69;2010;True
1164;2614;124.03;0.0;0.0;0.0;0.0;0.0;2010;True
1165;9180;435.59;0.0;0.0;0.0;0.0;0.0;2010;True
1166;2505;118.86;0.0;0.0;0.0;0.0;0.0;2010;True
1167;21712;1030.23;343.84;343.84;0.33;1.0;0.33;2010;True
1168;10113;479.86;0.0;0.0;0.0;0.0;0.0;2010;True
1169;19902;944.35;0.0;0.0;0.0;0.0;0.0;2010;True
1170;25680;1218.52;372.14;372.14;0.31;1.0;0.31;2010;True
1171;73093;3468.26;592.63;592.63;0.17;1.0;0.17;2010;True
1172;15281;725.08;291.0;291.0;0.4;1.0;0.4;2010;True
1173;37486;1778.71;0.0;0.0;0.0;0.0;0.0;2010;True
1174;2954;140.17;0.0;0.0;0.0;0.0;0.0;2010;True
1175;3236;153.55;0.0;0.0;0.0;0.0;0.0;2010;True
1176;28481;1351.42;587.5;587.5;0.43;1.0;0.43;2010;True
1177;2982;141.5;0.0;0.0;0.0;0.0;0.0;2010;True
1178;37691;1788.44;1722.64;1722.64;0.96;1.0;0.96;2010;True
1179;9687;459.65;0.0;0.0;0.0;0.0;0.0;2010;True
1180;3989;189.28;0.0;0.0;0.0;0.0;0.0;2010;True
1181;3020;143.3;0.0;0.0;0.0;0.0;0.0;2010;True
1182;155316;7369.74;4132.6;4132.6;0.56;1.0;0.56;2010;True
1183;16972;805.32;0.0;0.0;0.0;0.0;0.0;2010;True
1184;6992;331.77;0.0;0.0;0.0;0.0;0.0;2010;True
1185;5346;253.67;0.0;0.0;0.0;0.0;0.0;2010;True
1186;3068;145.58;0.0;0.0;0.0;0.0;0.0;2010;True
1187;4377;207.69;0.0;0.0;0.0;0.0;0.0;2010;True
1188;32934;1562.72;1207.36;1207.36;0.77;1.0;0.77;2010;True
1189;3281;155.68;0.0;0.0;0.0;0.0;0.0;2010;True
1190;6023;285.79;0.0;0.0;0.0;0.0;0.0;2010;True
1191;3051;144.77;0.0;0.0;0.0;0.0;0.0;2010;True
1192;2538;120.43;0.0;0.0;0.0;0.0;0.0;2010;True
1193;3648;173.1;0.0;0.0;0.0;0.0;0.0;2010;True
1194;9931;471.23;0.0;0.0;0.0;0.0;0.0;2010;True
1195;3948;187.33;0.0;0.0;0.0;0.0;0.0;2010;True
1196;4088;193.98;0.0;0.0;0.0;0.0;0.0;2010;True
1197;55344;2626.07;573.8;573.8;0.22;1.0;0.22;2010;True
1198;9730;461.69;0.0;0.0;0.0;0.0;0.0;2010;True
1199;5394;255.95;0.0;0.0;0.0;0.0;0.0;2010;True
1200;8738;414.62;0.0;0.0;0.0;0.0;0.0;2010;True
1201;1505;71.41;53.45;53.45;0.75;1.0;0.75;2010;True
1202;26231;1244.66;0.0;0.0;0.0;0.0;0.0;2010;True
1203;4114;195.21;0.0;0.0;0.0;0.0;0.0;2010;True
1204;20489;972.2;238.3;238.3;0.25;1.0;0.25;2010;True
1205;3446;163.51;0.0;0.0;0.0;0.0;0.0;2010;True
1206;1867;88.59;0.0;0.0;0.0;0.0;0.0;2010;True
1207;14325;679.72;1250.0;0.0;1.84;0.0;0.0;2010;True
1208;74199;3520.74;0.0;0.0;0.0;0.0;0.0;2010;True
1209;6939;329.26;0.0;0.0;0.0;0.0;0.0;2010;True
1210;17311;821.41;367.12;367.12;0.45;1.0;0.45;2010;True
1211;6260;297.04;0.0;0.0;0.0;0.0;0.0;2010;True
1212;2864;135.9;0.0;0.0;0.0;0.0;0.0;2010;True
1213;3163;150.08;0.0;0.0;0.0;0.0;0.0;2010;True
1214;2692;127.74;0.0;0.0;0.0;0.0;0.0;2010;True
1215;5699;270.42;0.0;0.0;0.0;0.0;0.0;2010;True
1216;2611;123.89;0.0;0.0;0.0;0.0;0.0;2010;True
1217;95361;4524.88;1819.76;1819.76;0.4;1.0;0.4;2010;True
1218;3221;152.84;0.0;0.0;0.0;0.0;0.0;2010;True
1219;4469;212.05;0.0;0.0;0.0;0.0;0.0;2010;True
1220;3852;182.78;0.0;0.0;0.0;0.0;0.0;2010;True
1221;2727;129.4;0.0;0.0;0.0;0.0;0.0;2010;True
1222;32350;1535.01;540.25;540.25;0.35;1.0;0.35;2010;True
1223;12609;598.3;27.71;25.98;0.05;0.94;0.04;2010;True
1224;2614;124.03;0.0;0.0;0.0;0.0;0.0;2010;True
1225;117084;5555.64;1617.91;1617.91;0.29;1.0;0.29;2010;True
1226;3375;160.14;0.0;0.0;0.0;0.0;0.0;2010;True
1227;11500;545.68;0.0;0.0;0.0;0.0;0.0;2010;True
1228;6125;290.63;0.0;0.0;0.0;0.0;0.0;2010;True
1229;4254;201.85;0.0;0.0;0.0;0.0;0.0;2010;True
1230;4764;226.05;0.0;0.0;0.0;0.0;0.0;2010;True
985;5689;269.94;50.44;50.44;0.19;1.0;0.19;2009;False
986;12078;573.1;437.0;437.0;0.76;1.0;0.76;2009;False
987;17377;824.54;0.0;0.0;0.0;0.0;0.0;2009;False
988;2354;111.7;0.0;0.0;0.0;0.0;0.0;2009;False
989;4801;227.81;0.0;0.0;0.0;0.0;0.0;2009;False
990;1906;90.44;0.0;0.0;0.0;0.0;0.0;2009;False
991;129276;6134.15;0.0;0.0;0.0;0.0;0.0;2009;False
992;18695;887.08;0.0;0.0;0.0;0.0;0.0;2009;False
993;1912;90.72;0.0;0.0;0.0;0.0;0.0;2009;False
994;3062;145.29;0.0;0.0;0.0;0.0;0.0;2009;False
995;6304;299.12;0.0;0.0;0.0;0.0;0.0;2009;False
996;7824;371.25;13.61;0.0;0.04;0.0;0.0;2009;False
997;3357;159.29;0.0;0.0;0.0;0.0;0.0;2009;False
998;4329;205.41;0.0;0.0;0.0;0.0;0.0;2009;False
999;3145;149.23;0.0;0.0;0.0;0.0;0.0;2009;False
1000;303338;14393.39;7182.57;7182.57;0.5;1.0;0.5;2009;False
1001;919;43.61;0.0;0.0;0.0;0.0;0.0;2009;False
1002;16276;772.3;303.47;303.47;0.39;1.0;0.39;2009;False
1003;461174;21882.71;3784.41;2650.22;0.17;0.7;0.12;2009;False
1004;2592;122.99;83.81;83.81;0.68;1.0;0.68;2009;False
1005;3347;158.82;0.0;0.0;0.0;0.0;0.0;2009;False
1006;3562;169.02;0.0;0.0;0.0;0.0;0.0;2009;False
1007;16146;766.13;0.0;0.0;0.0;0.0;0.0;2009;False
1008;6954;329.97;0.0;0.0;0.0;0.0;0.0;2009;False
1009;7024;333.29;139.39;139.39;0.42;1.0;0.42;2009;False
1010;3142;149.09;0.0;0.0;0.0;0.0;0.0;2009;False
1011;6370;302.26;0.0;0.0;0.0;0.0;0.0;2009;False
1012;3348;158.86;0.0;0.0;0.0;0.0;0.0;2009;False
1013;2185;103.68;0.0;0.0;0.0;0.0;0.0;2009;False
1014;3321;157.58;0.0;0.0;0.0;0.0;0.0;2009;False
1015;6062;287.64;0.0;0.0;0.0;0.0;0.0;2009;False
1016;19573;928.74;336.24;336.24;0.36;1.0;0.36;2009;False
1017;7885;374.14;0.0;0.0;0.0;0.0;0.0;2009;False
1018;19053;904.06;139.05;139.05;0.15;1.0;0.15;2009;False
1019;6623;314.26;0.0;0.0;0.0;0.0;0.0;2009;False
1020;3081;146.19;0.0;0.0;0.0;0.0;0.0;2009;False
1021;3020;143.3;0.0;0.0;0.0;0.0;0.0;2009;False
1022;4686;222.35;36.97;36.97;0.17;1.0;0.17;2009;False
1023;7633;362.19;79.84;0.0;0.22;0.0;0.0;2009;False
1024;1989;94.38;0.0;0.0;0.0;0.0;0.0;2009;False
1025;3226;153.07;0.0;0.0;0.0;0.0;0.0;2009;False
1026;6134;291.06;0.0;0.0;0.0;0.0;0.0;2009;False
1027;7435;352.79;0.0;0.0;0.0;0.0;0.0;2009;False
1028;1294;61.4;0.0;0.0;0.0;0.0;0.0;2009;False
1029;6835;324.32;188.97;188.97;0.58;1.0;0.58;2009;False
1030;10241;485.94;0.0;0.0;0.0;0.0;0.0;2009;False
1031;14951;709.42;321.62;321.62;0.45;1.0;0.45;2009;False
1032;61025;2895.64;2550.0;2550.0;0.88;1.0;0.88;2009;False
1033;3016;143.11;0.0;0.0;0.0;0.0;0.0;2009;False
1034;3242;153.83;0.0;0.0;0.0;0.0;0.0;2009;False
1035;3528;167.4;0.0;0.0;0.0;0.0;0.0;2009;False
1036;9064;430.09;0.0;0.0;0.0;0.0;0.0;2009;False
1037;5675;269.28;0.0;0.0;0.0;0.0;0.0;2009;False
1038;5437;257.99;0.0;0.0;0.0;0.0;0.0;2009;False
1039;17304;821.07;344.72;344.72;0.42;1.0;0.42;2009;False
1040;5501;261.02;0.0;0.0;0.0;0.0;0.0;2009;False
1041;8560;406.17;0.0;0.0;0.0;0.0;0.0;2009;False
1042;3211;152.36;0.0;0.0;0.0;0.0;0.0;2009;False
1043;73233;3474.91;2222.0;2222.0;0.64;1.0;0.64;2009;False
1044;4213;199.91;0.0;0.0;0.0;0.0;0.0;2009;False
1045;9388;445.46;0.0;0.0;0.0;0.0;0.0;2009;False
1046;17217;816.95;407.29;407.29;0.5;1.0;0.5;2009;False
1047;7071;335.52;0.0;0.0;0.0;0.0;0.0;2009;False
1048;5293;251.15;257.0;257.0;1.02;1.0;1.02;2009;False
1049;47293;2244.05;1029.71;1029.71;0.46;1.0;0.46;2009;False
1050;13810;655.28;0.0;0.0;0.0;0.0;0.0;2009;False
1051;3635;172.48;0.0;0.0;0.0;0.0;0.0;2009;False
1052;2376;112.74;0.0;0.0;0.0;0.0;0.0;2009;False
1053;8461;401.47;0.0;0.0;0.0;0.0;0.0;2009;False
1054;7786;369.45;0.0;0.0;0.0;0.0;0.0;2009;False
1055;34765;1649.6;120.35;0.0;0.07;0.0;0.0;2009;False
1056;2865;135.94;0.0;0.0;0.0;0.0;0.0;2009;False
1057;13548;642.85;0.0;0.0;0.0;0.0;0.0;2009;False
1058;3366;159.72;0.0;0.0;0.0;0.0;0.0;2009;False
1059;2839;134.71;0.0;0.0;0.0;0.0;0.0;2009;False
1060;3320;157.53;0.0;0.0;0.0;0.0;0.0;2009;False
1061;2536;120.33;0.0;0.0;0.0;0.0;0.0;2009;False
1062;1873;88.87;0.0;0.0;0.0;0.0;0.0;2009;False
1063;2025;96.09;0.0;0.0;0.0;0.0;0.0;2009;False
1064;5029;238.63;0.0;0.0;0.0;0.0;0.0;2009;False
1065;7737;367.12;0.0;0.0;0.0;0.0;0.0;2009;False
1066;3449;163.66;0.0;0.0;0.0;0.0;0.0;2009;False
1067;9574;454.29;0.0;0.0;0.0;0.0;0.0;2009;False
1068;2910;138.08;0.0;0.0;0.0;0.0;0.0;2009;False
1069;6338;300.74;0.0;0.0;0.0;0.0;0.0;2009;False
1070;5777;274.12;0.0;0.0;0.0;0.0;0.0;2009;False
1071;9689;459.74;0.0;0.0;0.0;0.0;0.0;2009;False
1072;10368;491.96;0.0;0.0;0.0;0.0;0.0;2009;False
1073;86934;4125.02;1294.15;1294.15;0.31;1.0;0.31;2009;False
1074;4809;228.19;0.0;0.0;0.0;0.0;0.0;2009;False
1075;3234;153.45;0.0;0.0;0.0;0.0;0.0;2009;False
1076;10530;499.65;0.0;0.0;0.0;0.0;0.0;2009;False
1077;4587;217.65;0.0;0.0;0.0;0.0;0.0;2009;False
1078;51319;2435.09;1246.88;1246.88;0.51;1.0;0.51;2009;False
1079;1157495;54923.14;59839.28;46764.82;1.09;0.78;0.85;2009;False
1080;23778;1128.27;197.92;197.92;0.18;1.0;0.18;2009;False
1081;22215;1054.1;221.4;221.4;0.21;1.0;0.21;2009;False
1082;29167;1383.97;370.3;370.3;0.27;1.0;0.27;2009;False
1083;4324;205.17;0.0;0.0;0.0;0.0;0.0;2009;False
1084;12616;598.63;264.51;264.51;0.44;1.0;0.44;2009;False
1085;2139;101.5;0.0;0.0;0.0;0.0;0.0;2009;False
1086;3695;175.33;0.0;0.0;0.0;0.0;0.0;2009;False
1087;2147;101.88;0.0;0.0;0.0;0.0;0.0;2009;False
1088;3346;158.77;0.0;0.0;0.0;0.0;0.0;2009;False
1089;13288;630.52;0.0;0.0;0.0;0.0;0.0;2009;False
1090;3787;179.69;0.0;0.0;0.0;0.0;0.0;2009;False
1091;11606;550.7;0.0;0.0;0.0;0.0;0.0;2009;False
1092;5371;254.85;0.0;0.0;0.0;0.0;0.0;2009;False
1093;12066;572.53;0.0;0.0;0.0;0.0;0.0;2009;False
1094;42243;2004.43;737.52;737.52;0.37;1.0;0.37;2009;False
1095;21688;1029.1;0.0;0.0;0.0;0.0;0.0;2009;False
1096;2623;124.46;0.0;0.0;0.0;0.0;0.0;2009;False
1097;28933;1372.87;0.0;0.0;0.0;0.0;0.0;2009;False
1098;2596;123.18;0.0;0.0;0.0;0.0;0.0;2009;False
1099;29214;1386.2;20.78;0.0;0.01;0.0;0.0;2009;False
1100;3940;186.95;0.0;0.0;0.0;0.0;0.0;2009;False
1101;5048;239.53;0.0;0.0;0.0;0.0;0.0;2009;False
1102;4991;236.82;0.0;0.0;0.0;0.0;0.0;2009;False
1103;15426;731.96;0.0;0.0;0.0;0.0;0.0;2009;False
1104;7035;333.81;0.0;0.0;0.0;0.0;0.0;2009;False
1105;22725;1078.3;690.54;690.54;0.64;1.0;0.64;2009;False
1106;4956;235.16;0.0;0.0;0.0;0.0;0.0;2009;False
1107;8231;390.56;239.88;239.88;0.61;1.0;0.61;2009;False
1108;83818;3977.16;3280.83;3267.05;0.82;1.0;0.82;2009;False
1109;2472;117.3;0.0;0.0;0.0;0.0;0.0;2009;False
1110;5955;282.56;0.0;0.0;0.0;0.0;0.0;2009;False
1111;37715;1789.58;0.0;0.0;0.0;0.0;0.0;2009;False
1112;78052;3703.57;2579.41;2545.36;0.7;0.99;0.69;2009;False
1113;2761;131.01;0.0;0.0;0.0;0.0;0.0;2009;False
1114;2073;98.36;0.0;0.0;0.0;0.0;0.0;2009;False
1115;6242;296.18;264.3;264.3;0.89;1.0;0.89;2009;False
1116;17272;819.56;556.46;556.46;0.68;1.0;0.68;2009;False
1117;1215;57.65;27.1;27.1;0.47;1.0;0.47;2009;False
1118;8593;407.74;0.0;0.0;0.0;0.0;0.0;2009;False
1119;189666;8999.65;879.8;879.8;0.1;1.0;0.1;2009;False
1120;2538;120.43;0.0;0.0;0.0;0.0;0.0;2009;False
1121;6406;303.96;0.0;0.0;0.0;0.0;0.0;2009;False
1122;9354;443.85;191.21;191.21;0.43;1.0;0.43;2009;False
1123;1947;92.39;0.0;0.0;0.0;0.0;0.0;2009;False
1124;3990;189.33;0.0;0.0;0.0;0.0;0.0;2009;False
1125;10477;497.13;0.0;0.0;0.0;0.0;0.0;2009;False
1126;2655;125.98;0.0;0.0;0.0;0.0;0.0;2009;False
1127;28366;1345.97;1520.0;560.0;1.13;0.37;0.42;2009;False
1128;43636;2070.53;3133.0;0.0;1.51;0.0;0.0;2009;False
1129;1683;79.86;0.0;0.0;0.0;0.0;0.0;2009;False
1130;6741;319.86;0.0;0.0;0.0;0.0;0.0;2009;False
1131;7286;345.72;0.0;0.0;0.0;0.0;0.0;2009;False
1132;8997;426.91;0.0;0.0;0.0;0.0;0.0;2009;False
1133;4245;201.43;0.0;0.0;0.0;0.0;0.0;2009;False
1134;36872;1749.58;902.87;902.87;0.52;1.0;0.52;2009;False
1135;2147;101.88;0.0;0.0;0.0;0.0;0.0;2009;False
1136;4425;209.97;0.0;0.0;0.0;0.0;0.0;2009;False
1137;12706;602.9;0.0;0.0;0.0;0.0;0.0;2009;False
1138;6127;290.73;0.0;0.0;0.0;0.0;0.0;2009;False
1139;3689;175.04;0.0;0.0;0.0;0.0;0.0;2009;False
1140;6881;326.5;0.0;0.0;0.0;0.0;0.0;2009;False
1141;18292;867.96;0.0;0.0;0.0;0.0;0.0;2009;False
1142;35938;1705.26;256.0;0.0;0.15;0.0;0.0;2009;False
1143;2056;97.56;0.0;0.0;0.0;0.0;0.0;2009;False
1144;1994;94.62;0.0;0.0;0.0;0.0;0.0;2009;False
1145;12127;575.43;0.0;0.0;0.0;0.0;0.0;2009;False
1146;7793;369.78;0.0;0.0;0.0;0.0;0.0;2009;False
1147;2417;114.69;0.0;0.0;0.0;0.0;0.0;2009;False
1148;3280;155.64;0.0;0.0;0.0;0.0;0.0;2009;False
1149;6536;310.13;0.0;0.0;0.0;0.0;0.0;2009;False
1150;3049;144.68;0.0;0.0;0.0;0.0;0.0;2009;False
1151;80209;3805.92;551.54;551.54;0.14;1.0;0.14;2009;False
1152;3851;182.73;0.0;0.0;0.0;0.0;0.0;2009;False
1153;13724;651.2;0.0;0.0;0.0;0.0;0.0;2009;False
1154;4152;197.01;0.0;0.0;0.0;0.0;0.0;2009;False
1155;4529;214.9;0.0;0.0;0.0;0.0;0.0;2009;False
1156;25292;1200.11;55.83;55.83;0.05;1.0;0.05;2009;False
1157;2994;142.07;0.0;0.0;0.0;0.0;0.0;2009;False
1158;20584;976.71;720.06;750.06;0.74;1.04;0.77;2009;False
1159;2098;99.55;0.0;0.0;0.0;0.0;0.0;2009;False
1160;3395;161.09;0.0;0.0;0.0;0.0;0.0;2009;False
1161;2406;114.16;0.0;0.0;0.0;0.0;0.0;2009;False
1162;7098;336.8;800.0;0.0;2.38;0.0;0.0;2009;False
1163;10219;484.89;299.47;299.47;0.62;1.0;0.62;2009;False
1164;2555;121.23;0.0;0.0;0.0;0.0;0.0;2009;False
1165;9084;431.04;0.0;0.0;0.0;0.0;0.0;2009;False
1166;2547;120.86;0.0;0.0;0.0;0.0;0.0;2009;False
1167;21699;1029.62;115.85;115.85;0.11;1.0;0.11;2009;False
1168;10126;480.48;0.0;0.0;0.0;0.0;0.0;2009;False
1169;18911;897.33;0.0;0.0;0.0;0.0;0.0;2009;False
1170;25216;1196.5;347.06;347.06;0.29;1.0;0.29;2009;False
1171;71916;3412.41;473.08;473.08;0.14;1.0;0.14;2009;False
1172;15066;714.88;270.77;270.77;0.38;1.0;0.38;2009;False
1173;36539;1733.78;0.0;0.0;0.0;0.0;0.0;2009;False
1174;2851;135.28;0.0;0.0;0.0;0.0;0.0;2009;False
1175;2998;142.26;0.0;0.0;0.0;0.0;0.0;2009;False
1176;28221;1339.09;566.1;566.1;0.42;1.0;0.42;2009;False
1177;3052;144.82;0.0;0.0;0.0;0.0;0.0;2009;False
1178;35895;1703.22;1601.43;1601.43;0.94;1.0;0.94;2009;False
1179;9851;467.43;0.0;0.0;0.0;0.0;0.0;2009;False
1180;3842;182.3;0.0;0.0;0.0;0.0;0.0;2009;False
1181;2966;140.74;0.0;0.0;0.0;0.0;0.0;2009;False
1182;147191;6984.21;3895.75;3895.75;0.56;1.0;0.56;2009;False
1183;16810;797.63;0.0;0.0;0.0;0.0;0.0;2009;False
1184;7165;339.98;0.0;0.0;0.0;0.0;0.0;2009;False
1185;5445;258.37;0.0;0.0;0.0;0.0;0.0;2009;False
1186;3322;157.63;0.0;0.0;0.0;0.0;0.0;2009;False
1187;4407;209.11;0.0;0.0;0.0;0.0;0.0;2009;False
1188;32807;1556.69;640.84;640.84;0.41;1.0;0.41;2009;False
1189;3227;153.12;0.0;0.0;0.0;0.0;0.0;2009;False
1190;5667;268.9;0.0;0.0;0.0;0.0;0.0;2009;False
1191;3228;153.17;0.0;0.0;0.0;0.0;0.0;2009;False
1192;2496;118.44;0.0;0.0;0.0;0.0;0.0;2009;False
1193;3738;177.37;0.0;0.0;0.0;0.0;0.0;2009;False
1194;10680;506.77;0.0;0.0;0.0;0.0;0.0;2009;False
1195;3877;183.96;0.0;0.0;0.0;0.0;0.0;2009;False
1196;3819;181.21;0.0;0.0;0.0;0.0;0.0;2009;False
1197;52796;2505.17;505.46;505.46;0.2;1.0;0.2;2009;False
1198;9169;435.07;0.0;0.0;0.0;0.0;0.0;2009;False
1199;5257;249.44;0.0;0.0;0.0;0.0;0.0;2009;False
1200;7972;378.27;0.0;0.0;0.0;0.0;0.0;2009;False
1201;1509;71.6;50.92;50.92;0.71;1.0;0.71;2009;False
1202;25094;1190.71;0.0;0.0;0.0;0.0;0.0;2009;False
1203;4023;190.89;0.0;0.0;0.0;0.0;0.0;2009;False
1204;20894;991.42;219.36;219.36;0.22;1.0;0.22;2009;False
1205;3481;165.17;0.0;0.0;0.0;0.0;0.0;2009;False
1206;1935;91.82;0.0;0.0;0.0;0.0;0.0;2009;False
1207;12977;615.76;1168.0;0.0;1.9;0.0;0.0;2009;False
1208;69984;3320.74;0.0;0.0;0.0;0.0;0.0;2009;False
1209;7054;334.71;0.0;0.0;0.0;0.0;0.0;2009;False
1210;17294;820.6;301.36;301.36;0.37;1.0;0.37;2009;False
1211;6619;314.07;0.0;0.0;0.0;0.0;0.0;2009;False
1212;3169;150.37;0.0;0.0;0.0;0.0;0.0;2009;False
1213;3133;148.66;0.0;0.0;0.0;0.0;0.0;2009;False
1214;2631;124.84;0.0;0.0;0.0;0.0;0.0;2009;False
1215;5373;254.95;0.0;0.0;0.0;0.0;0.0;2009;False
1216;2678;127.07;0.0;0.0;0.0;0.0;0.0;2009;False
1217;94785;4497.55;1675.64;1657.04;0.37;0.99;0.37;2009;False
1218;3325;157.77;0.0;0.0;0.0;0.0;0.0;2009;False
1219;4591;217.84;0.0;0.0;0.0;0.0;0.0;2009;False
1220;3672;174.24;0.0;0.0;0.0;0.0;0.0;2009;False
1221;2814;133.52;0.0;0.0;0.0;0.0;0.0;2009;False
1222;31122;1476.74;415.21;415.21;0.28;1.0;0.28;2009;False
1223;12744;604.7;26.3;0.0;0.04;0.0;0.0;2009;False
1224;2455;116.49;0.0;0.0;0.0;0.0;0.0;2009;False
1225;111457;5288.63;1372.04;1372.04;0.26;1.0;0.26;2009;False
1226;3436;163.04;0.0;0.0;0.0;0.0;0.0;2009;False
1227;11585;549.71;0.0;0.0;0.0;0.0;0.0;2009;False
1228;5501;261.02;0.0;0.0;0.0;0.0;0.0;2009;False
1229;4133;196.11;0.0;0.0;0.0;0.0;0.0;2009;False
1230;4838;229.56;0.0;0.0;0.0;0.0;0.0;2009;False
985;5581;264.82;27.76;27.76;0.1;1.0;0.1;2008;False
986;11926;565.89;437.12;437.12;0.77;1.0;0.77;2008;False
987;17311;821.41;0.0;0.0;0.0;0.0;0.0;2008;False
988;2343;111.18;0.0;0.0;0.0;0.0;0.0;2008;False
989;4733;224.58;0.0;0.0;0.0;0.0;0.0;2008;False
990;1915;90.87;0.0;0.0;0.0;0.0;0.0;2008;False
991;126229;5989.57;0.0;0.0;0.0;0.0;0.0;2008;False
992;18654;885.13;0.0;0.0;0.0;0.0;0.0;2008;False
993;1915;90.87;0.0;0.0;0.0;0.0;0.0;2008;False
994;2995;142.11;0.0;0.0;0.0;0.0;0.0;2008;False
995;6241;296.14;0.0;0.0;0.0;0.0;0.0;2008;False
996;7737;367.12;14.31;0.0;0.04;0.0;0.0;2008;False
997;3306;156.87;0.0;0.0;0.0;0.0;0.0;2008;False
998;4343;206.08;0.0;0.0;0.0;0.0;0.0;2008;False
999;3204;152.03;0.0;0.0;0.0;0.0;0.0;2008;False
1000;299156;14194.95;6900.01;6900.01;0.49;1.0;0.49;2008;False
1001;909;43.13;0.0;0.0;0.0;0.0;0.0;2008;False
1002;16351;775.85;313.99;313.99;0.4;1.0;0.4;2008;False
1003;446862;21203.6;3546.32;3049.83;0.17;0.86;0.14;2008;False
1004;2555;121.23;65.17;65.17;0.54;1.0;0.54;2008;False
1005;3326;157.82;0.0;0.0;0.0;0.0;0.0;2008;False
1006;3580;169.87;0.0;0.0;0.0;0.0;0.0;2008;False
1007;16050;761.57;0.0;0.0;0.0;0.0;0.0;2008;False
1008;6852;325.13;0.0;0.0;0.0;0.0;0.0;2008;False
1009;6990;331.68;141.63;141.63;0.43;1.0;0.43;2008;False
1010;3189;151.32;0.0;0.0;0.0;0.0;0.0;2008;False
1011;6211;294.71;0.0;0.0;0.0;0.0;0.0;2008;False
1012;3395;161.09;0.0;0.0;0.0;0.0;0.0;2008;False
1013;2194;104.11;0.0;0.0;0.0;0.0;0.0;2008;False
1014;3206;152.12;0.0;0.0;0.0;0.0;0.0;2008;False
1015;6027;285.98;0.0;0.0;0.0;0.0;0.0;2008;False
1016;19381;919.63;317.93;317.93;0.35;1.0;0.35;2008;False
1017;7836;371.82;0.0;0.0;0.0;0.0;0.0;2008;False
1018;18661;885.46;120.55;120.55;0.14;1.0;0.14;2008;False
1019;6462;306.62;0.0;0.0;0.0;0.0;0.0;2008;False
1020;3015;143.06;0.0;0.0;0.0;0.0;0.0;2008;False
1021;2974;141.12;0.0;0.0;0.0;0.0;0.0;2008;False
1022;4697;222.87;40.04;40.04;0.18;1.0;0.18;2008;False
1023;7661;363.51;79.1;0.0;0.22;0.0;0.0;2008;False
1024;2029;96.28;0.0;0.0;0.0;0.0;0.0;2008;False
1025;3212;152.41;0.0;0.0;0.0;0.0;0.0;2008;False
1026;6136;291.15;0.0;0.0;0.0;0.0;0.0;2008;False
1027;7476;354.74;0.0;0.0;0.0;0.0;0.0;2008;False
1028;1301;61.73;0.0;0.0;0.0;0.0;0.0;2008;False
1029;6921;328.4;190.67;190.67;0.58;1.0;0.58;2008;False
1030;10185;483.28;0.0;0.0;0.0;0.0;0.0;2008;False
1031;14804;702.45;308.18;308.18;0.44;1.0;0.44;2008;False
1032;59564;2826.31;2705.4;2459.46;0.96;0.91;0.87;2008;False
1033;2978;141.31;0.0;0.0;0.0;0.0;0.0;2008;False
1034;3208;152.22;0.0;0.0;0.0;0.0;0.0;2008;False
1035;3514;166.74;0.0;0.0;0.0;0.0;0.0;2008;False
1036;9038;428.85;0.0;0.0;0.0;0.0;0.0;2008;False
1037;5532;262.49;0.0;0.0;0.0;0.0;0.0;2008;False
1038;5329;252.86;0.0;0.0;0.0;0.0;0.0;2008;False
1039;17140;813.29;343.89;343.89;0.42;1.0;0.42;2008;False
1040;5671;269.09;0.0;0.0;0.0;0.0;0.0;2008;False
1041;8426;399.81;0.0;0.0;0.0;0.0;0.0;2008;False
1042;3241;153.79;0.0;0.0;0.0;0.0;0.0;2008;False
1043;71887;3411.04;2111.9;2111.9;0.62;1.0;0.62;2008;False
1044;4188;198.72;0.0;0.0;0.0;0.0;0.0;2008;False
1045;9290;440.81;0.0;0.0;0.0;0.0;0.0;2008;False
1046;17258;818.89;397.26;397.26;0.49;1.0;0.49;2008;False
1047;6965;330.49;0.0;0.0;0.0;0.0;0.0;2008;False
1048;5122;243.04;0.0;0.0;0.0;0.0;0.0;2008;False
1049;46321;2197.93;947.58;947.58;0.43;1.0;0.43;2008;False
1050;13765;653.15;0.0;0.0;0.0;0.0;0.0;2008;False
1051;3610;171.29;0.0;0.0;0.0;0.0;0.0;2008;False
1052;2407;114.21;0.0;0.0;0.0;0.0;0.0;2008;False
1053;8494;403.04;0.0;0.0;0.0;0.0;0.0;2008;False
1054;7626;361.85;0.0;0.0;0.0;0.0;0.0;2008;False
1055;34423;1633.37;0.0;0.0;0.0;0.0;0.0;2008;False
1056;2846;135.04;0.0;0.0;0.0;0.0;0.0;2008;False
1057;13530;642.0;0.0;0.0;0.0;0.0;0.0;2008;False
1058;3363;159.57;0.0;0.0;0.0;0.0;0.0;2008;False
1059;2837;134.62;0.0;0.0;0.0;0.0;0.0;2008;False
1060;3291;156.16;0.0;0.0;0.0;0.0;0.0;2008;False
1061;2518;119.48;0.0;0.0;0.0;0.0;0.0;2008;False
1062;1871;88.78;0.0;0.0;0.0;0.0;0.0;2008;False
1063;2048;97.18;0.0;0.0;0.0;0.0;0.0;2008;False
1064;4999;237.2;0.0;0.0;0.0;0.0;0.0;2008;False
1065;7743;367.41;0.0;0.0;0.0;0.0;0.0;2008;False
1066;3450;163.7;0.0;0.0;0.0;0.0;0.0;2008;False
1067;9549;453.1;0.0;0.0;0.0;0.0;0.0;2008;False
1068;2927;138.89;0.0;0.0;0.0;0.0;0.0;2008;False
1069;6377;302.59;0.0;0.0;0.0;0.0;0.0;2008;False
1070;5840;277.11;0.0;0.0;0.0;0.0;0.0;2008;False
1071;9628;456.85;0.0;0.0;0.0;0.0;0.0;2008;False
1072;10042;476.49;0.0;0.0;0.0;0.0;0.0;2008;False
1073;85519;4057.88;1093.36;1093.36;0.27;1.0;0.27;2008;False
1074;4835;229.42;0.0;0.0;0.0;0.0;0.0;2008;False
1075;3152;149.56;0.0;0.0;0.0;0.0;0.0;2008;False
1076;10455;496.09;0.0;0.0;0.0;0.0;0.0;2008;False
1077;4581;217.37;0.0;0.0;0.0;0.0;0.0;2008;False
1078;50714;2406.38;1095.06;1095.06;0.46;1.0;0.46;2008;False
1079;1142524;54212.76;59050.28;39563.69;1.09;0.67;0.73;2008;False
1080;23156;1098.75;174.59;174.59;0.16;1.0;0.16;2008;False
1081;22445;1065.02;202.14;202.14;0.19;1.0;0.19;2008;False
1082;29091;1380.37;364.14;364.14;0.26;1.0;0.26;2008;False
1083;4262;202.23;0.0;0.0;0.0;0.0;0.0;2008;False
1084;12617;598.68;228.22;228.22;0.38;1.0;0.38;2008;False
1085;2176;103.25;0.0;0.0;0.0;0.0;0.0;2008;False
1086;3747;177.8;0.0;0.0;0.0;0.0;0.0;2008;False
1087;2188;103.82;0.0;0.0;0.0;0.0;0.0;2008;False
1088;3326;157.82;0.0;0.0;0.0;0.0;0.0;2008;False
1089;13161;624.49;0.0;0.0;0.0;0.0;0.0;2008;False
1090;3820;181.26;0.0;0.0;0.0;0.0;0.0;2008;False
1091;11441;542.88;0.0;0.0;0.0;0.0;0.0;2008;False
1092;5315;252.2;0.0;0.0;0.0;0.0;0.0;2008;False
1093;11945;566.79;0.0;0.0;0.0;0.0;0.0;2008;False
1094;42034;1994.51;713.73;713.73;0.36;1.0;0.36;2008;False
1095;21589;1024.4;0.0;0.0;0.0;0.0;0.0;2008;False
1096;2618;124.22;0.0;0.0;0.0;0.0;0.0;2008;False
1097;28894;1371.02;0.0;0.0;0.0;0.0;0.0;2008;False
1098;2610;123.84;0.0;0.0;0.0;0.0;0.0;2008;False
1099;28861;1369.45;21.18;21.18;0.02;1.0;0.02;2008;False
1100;3944;187.14;0.0;0.0;0.0;0.0;0.0;2008;False
1101;5060;240.1;0.0;0.0;0.0;0.0;0.0;2008;False
1102;5005;237.49;0.0;0.0;0.0;0.0;0.0;2008;False
1103;15174;720.01;0.0;0.0;0.0;0.0;0.0;2008;False
1104;7299;346.34;0.0;0.0;0.0;0.0;0.0;2008;False
1105;22876;1085.47;685.84;685.84;0.63;1.0;0.63;2008;False
1106;4957;235.21;0.0;0.0;0.0;0.0;0.0;2008;False
1107;8167;387.52;227.93;227.93;0.59;1.0;0.59;2008;False
1108;82925;3934.79;3143.87;3143.87;0.8;1.0;0.8;2008;False
1109;2495;118.39;0.0;0.0;0.0;0.0;0.0;2008;False
1110;5939;281.81;0.0;0.0;0.0;0.0;0.0;2008;False
1111;37031;1757.12;0.0;0.0;0.0;0.0;0.0;2008;False
1112;77189;3662.62;2414.24;2414.24;0.66;1.0;0.66;2008;False
1113;2771;131.48;0.0;0.0;0.0;0.0;0.0;2008;False
1114;2059;97.7;0.0;0.0;0.0;0.0;0.0;2008;False
1115;6246;296.37;252.29;252.29;0.85;1.0;0.85;2008;False
1116;17361;823.78;563.77;563.77;0.68;1.0;0.68;2008;False
1117;1180;55.99;0.0;0.0;0.0;0.0;0.0;2008;False
1118;8452;401.05;0.0;0.0;0.0;0.0;0.0;2008;False
1119;184011;8731.32;820.2;820.2;0.09;1.0;0.09;2008;False
1120;2505;118.86;0.0;0.0;0.0;0.0;0.0;2008;False
1121;6221;295.19;0.0;0.0;0.0;0.0;0.0;2008;False
1122;9494;450.49;207.06;207.06;0.46;1.0;0.46;2008;False
1123;1929;91.53;0.0;0.0;0.0;0.0;0.0;2008;False
1124;4002;189.89;0.0;0.0;0.0;0.0;0.0;2008;False
1125;10263;486.98;0.0;0.0;0.0;0.0;0.0;2008;False
1126;2645;125.51;0.0;0.0;0.0;0.0;0.0;2008;False
1127;28574;1355.84;532.0;532.0;0.39;1.0;0.39;2008;False
1128;42887;2034.99;0.0;0.0;0.0;0.0;0.0;2008;False
1129;1698;80.57;0.0;0.0;0.0;0.0;0.0;2008;False
1130;6697;317.77;0.0;0.0;0.0;0.0;0.0;2008;False
1131;7285;345.67;0.0;0.0;0.0;0.0;0.0;2008;False
1132;8817;418.37;0.0;0.0;0.0;0.0;0.0;2008;False
1133;4172;197.96;0.0;0.0;0.0;0.0;0.0;2008;False
1134;36578;1735.63;862.73;862.73;0.5;1.0;0.5;2008;False
1135;2158;102.4;0.0;0.0;0.0;0.0;0.0;2008;False
1136;4503;213.67;0.0;0.0;0.0;0.0;0.0;2008;False
1137;12473;591.84;0.0;0.0;0.0;0.0;0.0;2008;False
1138;6244;296.28;0.0;0.0;0.0;0.0;0.0;2008;False
1139;3682;174.71;0.0;0.0;0.0;0.0;0.0;2008;False
1140;6804;322.85;0.0;0.0;0.0;0.0;0.0;2008;False
1141;18166;861.98;0.0;0.0;0.0;0.0;0.0;2008;False
1142;35863;1701.7;5.79;0.0;0.0;0.0;0.0;2008;False
1143;2050;97.27;0.0;0.0;0.0;0.0;0.0;2008;False
1144;1971;93.52;0.0;0.0;0.0;0.0;0.0;2008;False
1145;11937;566.41;0.0;0.0;0.0;0.0;0.0;2008;False
1146;7826;371.34;0.0;0.0;0.0;0.0;0.0;2008;False
1147;2426;115.11;0.0;0.0;0.0;0.0;0.0;2008;False
1148;3290;156.11;0.0;0.0;0.0;0.0;0.0;2008;False
1149;6471;307.05;0.0;0.0;0.0;0.0;0.0;2008;False
1150;3118;147.95;0.0;0.0;0.0;0.0;0.0;2008;False
1151;79056;3751.21;559.02;559.02;0.15;1.0;0.15;2008;False
1152;3784;179.55;0.0;0.0;0.0;0.0;0.0;2008;False
1153;13557;643.28;0.0;0.0;0.0;0.0;0.0;2008;False
1154;4135;196.21;0.0;0.0;0.0;0.0;0.0;2008;False
1155;4471;212.15;0.0;0.0;0.0;0.0;0.0;2008;False
1156;24765;1175.1;0.0;0.0;0.0;0.0;0.0;2008;False
1157;2996;142.16;0.0;0.0;0.0;0.0;0.0;2008;False
1158;20182;957.64;674.91;674.91;0.7;1.0;0.7;2008;False
1159;2098;99.55;0.0;0.0;0.0;0.0;0.0;2008;False
1160;3381;160.43;0.0;0.0;0.0;0.0;0.0;2008;False
1161;2417;114.69;0.0;0.0;0.0;0.0;0.0;2008;False
1162;7132;338.41;0.0;0.0;0.0;0.0;0.0;2008;False
1163;10187;483.37;295.35;295.35;0.61;1.0;0.61;2008;False
1164;2554;121.19;0.0;0.0;0.0;0.0;0.0;2008;False
1165;9118;432.65;0.0;0.0;0.0;0.0;0.0;2008;False
1166;2593;123.04;0.0;0.0;0.0;0.0;0.0;2008;False
1167;21676;1028.53;0.0;0.0;0.0;0.0;0.0;2008;False
1168;10224;485.13;0.0;0.0;0.0;0.0;0.0;2008;False
1169;18951;899.22;0.0;0.0;0.0;0.0;0.0;2008;False
1170;25093;1190.66;345.27;345.27;0.29;1.0;0.29;2008;False
1171;71475;3391.49;465.91;465.91;0.14;1.0;0.14;2008;False
1172;15067;714.93;262.03;262.03;0.37;1.0;0.37;2008;False
1173;36495;1731.69;0.0;0.0;0.0;0.0;0.0;2008;False
1174;2825;134.05;0.0;0.0;0.0;0.0;0.0;2008;False
1175;3032;143.87;0.0;0.0;0.0;0.0;0.0;2008;False
1176;27820;1320.06;529.07;529.07;0.4;1.0;0.4;2008;False
1177;3057;145.05;0.0;0.0;0.0;0.0;0.0;2008;False
1178;35651;1691.64;1579.95;1579.95;0.93;1.0;0.93;2008;False
1179;9800;465.01;0.0;0.0;0.0;0.0;0.0;2008;False
1180;3854;182.87;0.0;0.0;0.0;0.0;0.0;2008;False
1181;2868;136.09;0.0;0.0;0.0;0.0;0.0;2008;False
1182;143396;6804.14;3755.2;3755.2;0.55;1.0;0.55;2008;False
1183;16778;796.12;0.0;0.0;0.0;0.0;0.0;2008;False
1184;7137;338.65;0.0;0.0;0.0;0.0;0.0;2008;False
1185;5359;254.28;0.0;0.0;0.0;0.0;0.0;2008;False
1186;3307;156.92;0.0;0.0;0.0;0.0;0.0;2008;False
1187;4344;206.12;0.0;0.0;0.0;0.0;0.0;2008;False
1188;32683;1550.81;800.0;0.0;0.52;0.0;0.0;2008;False
1189;3232;153.36;0.0;0.0;0.0;0.0;0.0;2008;False
1190;5571;264.34;0.0;0.0;0.0;0.0;0.0;2008;False
1191;3185;151.13;0.0;0.0;0.0;0.0;0.0;2008;False
1192;2565;121.71;0.0;0.0;0.0;0.0;0.0;2008;False
1193;3788;179.74;0.0;0.0;0.0;0.0;0.0;2008;False
1194;10704;507.9;0.0;0.0;0.0;0.0;0.0;2008;False
1195;3860;183.16;0.0;0.0;0.0;0.0;0.0;2008;False
1196;3728;176.89;0.0;0.0;0.0;0.0;0.0;2008;False
1197;52285;2480.92;499.19;499.19;0.2;1.0;0.2;2008;False
1198;9133;433.36;0.0;0.0;0.0;0.0;0.0;2008;False
1199;5279;250.49;0.0;0.0;0.0;0.0;0.0;2008;False
1200;7802;370.2;0.0;0.0;0.0;0.0;0.0;2008;False
1201;1540;73.07;50.16;50.16;0.69;1.0;0.69;2008;False
1202;24995;1186.01;0.0;0.0;0.0;0.0;0.0;2008;False
1203;3996;189.61;0.0;0.0;0.0;0.0;0.0;2008;False
1204;20882;990.85;225.52;225.52;0.23;1.0;0.23;2008;False
1205;3452;163.8;0.0;0.0;0.0;0.0;0.0;2008;False
1206;1922;91.2;0.0;0.0;0.0;0.0;0.0;2008;False
1207;12918;612.96;0.0;0.0;0.0;0.0;0.0;2008;False
1208;67985;3225.89;0.0;0.0;0.0;0.0;0.0;2008;False
1209;6945;329.54;0.0;0.0;0.0;0.0;0.0;2008;False
1210;17189;815.62;239.17;239.17;0.29;1.0;0.29;2008;False
1211;6530;309.85;0.0;0.0;0.0;0.0;0.0;2008;False
1212;3102;147.19;0.0;0.0;0.0;0.0;0.0;2008;False
1213;3145;149.23;0.0;0.0;0.0;0.0;0.0;2008;False
1214;2606;123.65;0.0;0.0;0.0;0.0;0.0;2008;False
1215;5304;251.67;0.0;0.0;0.0;0.0;0.0;2008;False
1216;2669;126.64;0.0;0.0;0.0;0.0;0.0;2008;False
1217;92881;4407.2;1592.1;1592.1;0.36;1.0;0.36;2008;False
1218;3307;156.92;0.0;0.0;0.0;0.0;0.0;2008;False
1219;4598;218.18;0.0;0.0;0.0;0.0;0.0;2008;False
1220;3629;172.2;0.0;0.0;0.0;0.0;0.0;2008;False
1221;2809;133.29;0.0;0.0;0.0;0.0;0.0;2008;False
1222;31069;1474.22;319.05;319.05;0.22;1.0;0.22;2008;False
1223;12739;604.47;28.87;28.87;0.05;1.0;0.05;2008;False
1224;2490;118.15;0.0;0.0;0.0;0.0;0.0;2008;False
1225;109140;5178.69;1260.4;1260.4;0.24;1.0;0.24;2008;False
1226;3414;161.99;0.0;0.0;0.0;0.0;0.0;2008;False
1227;11465;544.01;0.0;0.0;0.0;0.0;0.0;2008;False
1228;5499;260.93;0.0;0.0;0.0;0.0;0.0;2008;False
1229;4027;191.08;0.0;0.0;0.0;0.0;0.0;2008;False
1230;4769;226.29;0.0;0.0;0.0;0.0;0.0;2008;False
985;5738;272.27;29.52;29.52;0.11;1.0;0.11;2007;True
986;11817;560.72;391.37;391.37;0.7;1.0;0.7;2007;True
987;18332;869.85;0.0;0.0;0.0;0.0;0.0;2007;True
988;2322;110.18;0.0;0.0;0.0;0.0;0.0;2007;True
989;4548;215.8;0.0;0.0;0.0;0.0;0.0;2007;True
990;2037;96.66;0.0;0.0;0.0;0.0;0.0;2007;True
991;139372;6613.2;0.0;0.0;0.0;0.0;0.0;2007;True
992;19570;928.6;0.0;0.0;0.0;0.0;0.0;2007;True
993;1963;93.14;0.0;0.0;0.0;0.0;0.0;2007;True
994;2794;132.58;0.0;0.0;0.0;0.0;0.0;2007;True
995;6574;311.94;0.0;0.0;0.0;0.0;0.0;2007;True
996;7337;348.14;12.53;0.0;0.04;0.0;0.0;2007;True
997;3062;145.29;0.0;0.0;0.0;0.0;0.0;2007;True
998;4422;209.82;0.0;0.0;0.0;0.0;0.0;2007;True
999;3378;160.29;0.0;0.0;0.0;0.0;0.0;2007;True
1000;293503;13926.72;6817.21;6817.21;0.49;1.0;0.49;2007;True
1001;866;41.09;0.0;0.0;0.0;0.0;0.0;2007;True
1002;16824;798.3;333.09;333.09;0.42;1.0;0.42;2007;True
1003;427984;20307.84;3358.98;2888.72;0.17;0.86;0.14;2007;True
1004;2535;120.29;48.68;48.68;0.4;1.0;0.4;2007;True
1005;3248;154.12;0.0;0.0;0.0;0.0;0.0;2007;True
1006;3798;180.22;0.0;0.0;0.0;0.0;0.0;2007;True
1007;16466;781.31;0.0;0.0;0.0;0.0;0.0;2007;True
1008;6908;327.78;0.0;0.0;0.0;0.0;0.0;2007;True
1009;6774;321.43;139.58;139.58;0.43;1.0;0.43;2007;True
1010;3350;158.96;0.0;0.0;0.0;0.0;0.0;2007;True
1011;5467;259.41;0.0;0.0;0.0;0.0;0.0;2007;True
1012;3599;170.77;0.0;0.0;0.0;0.0;0.0;2007;True
1013;2286;108.47;0.0;0.0;0.0;0.0;0.0;2007;True
1014;2008;95.28;0.0;0.0;0.0;0.0;0.0;2007;True
1015;5502;261.07;0.0;0.0;0.0;0.0;0.0;2007;True
1016;19641;931.97;316.55;316.55;0.34;1.0;0.34;2007;True
1017;7587;360.0;0.0;0.0;0.0;0.0;0.0;2007;True
1018;17472;829.05;88.48;88.48;0.11;1.0;0.11;2007;True
1019;6324;300.07;0.0;0.0;0.0;0.0;0.0;2007;True
1020;2668;126.6;0.0;0.0;0.0;0.0;0.0;2007;True
1021;2884;136.85;0.0;0.0;0.0;0.0;0.0;2007;True
1022;4929;233.88;40.33;40.33;0.17;1.0;0.17;2007;True
1023;7757;368.07;74.8;0.0;0.2;0.0;0.0;2007;True
1024;2417;114.69;0.0;0.0;0.0;0.0;0.0;2007;True
1025;3243;153.88;0.0;0.0;0.0;0.0;0.0;2007;True
1026;6216;294.95;0.0;0.0;0.0;0.0;0.0;2007;True
1027;7654;363.18;0.0;0.0;0.0;0.0;0.0;2007;True
1028;1348;63.96;0.0;0.0;0.0;0.0;0.0;2007;True
1029;7317;347.19;190.12;141.89;0.55;0.75;0.41;2007;True
1030;9648;457.8;0.0;0.0;0.0;0.0;0.0;2007;True
1031;14279;677.54;305.55;305.55;0.45;1.0;0.45;2007;True
1032;60710;2880.69;2612.8;2375.2;0.91;0.91;0.82;2007;True
1033;3087;146.48;0.0;0.0;0.0;0.0;0.0;2007;True
1034;3318;157.44;0.0;0.0;0.0;0.0;0.0;2007;True
1035;3170;150.42;0.0;0.0;0.0;0.0;0.0;2007;True
1036;9333;442.85;0.0;0.0;0.0;0.0;0.0;2007;True
1037;4807;228.09;0.0;0.0;0.0;0.0;0.0;2007;True
1038;5047;239.48;0.0;0.0;0.0;0.0;0.0;2007;True
1039;17034;808.26;364.97;364.97;0.45;1.0;0.45;2007;True
1040;3606;171.1;0.0;0.0;0.0;0.0;0.0;2007;True
1041;7620;361.57;0.0;0.0;0.0;0.0;0.0;2007;True
1042;3629;172.2;0.0;0.0;0.0;0.0;0.0;2007;True
1043;68303;3240.98;2160.59;2160.59;0.67;1.0;0.67;2007;True
1044;4114;195.21;0.0;0.0;0.0;0.0;0.0;2007;True
1045;9107;432.13;0.0;0.0;0.0;0.0;0.0;2007;True
1046;17188;815.57;274.72;274.72;0.34;1.0;0.34;2007;True
1047;6680;316.97;0.0;0.0;0.0;0.0;0.0;2007;True
1048;4970;235.83;0.0;0.0;0.0;0.0;0.0;2007;True
1049;45181;2143.84;875.46;875.46;0.41;1.0;0.41;2007;True
1050;14908;707.38;0.0;0.0;0.0;0.0;0.0;2007;True
1051;3557;168.78;0.0;0.0;0.0;0.0;0.0;2007;True
1052;2439;115.73;0.0;0.0;0.0;0.0;0.0;2007;True
1053;8741;414.76;0.0;0.0;0.0;0.0;0.0;2007;True
1054;7193;341.31;0.0;0.0;0.0;0.0;0.0;2007;True
1055;35675;1692.78;0.0;0.0;0.0;0.0;0.0;2007;True
1056;2923;138.7;0.0;0.0;0.0;0.0;0.0;2007;True
1057;11868;563.14;0.0;0.0;0.0;0.0;0.0;2007;True
1058;3420;162.28;0.0;0.0;0.0;0.0;0.0;2007;True
1059;2894;137.32;0.0;0.0;0.0;0.0;0.0;2007;True
1060;3012;142.92;0.0;0.0;0.0;0.0;0.0;2007;True
1061;2413;114.5;0.0;0.0;0.0;0.0;0.0;2007;True
1062;1851;87.83;0.0;0.0;0.0;0.0;0.0;2007;True
1063;2105;99.88;0.0;0.0;0.0;0.0;0.0;2007;True
1064;4883;231.7;0.0;0.0;0.0;0.0;0.0;2007;True
1065;7182;340.79;0.0;0.0;0.0;0.0;0.0;2007;True
1066;3363;159.57;0.0;0.0;0.0;0.0;0.0;2007;True
1067;9798;464.92;0.0;0.0;0.0;0.0;0.0;2007;True
1068;3001;142.4;0.0;0.0;0.0;0.0;0.0;2007;True
1069;6342;300.93;0.0;0.0;0.0;0.0;0.0;2007;True
1070;6098;289.35;0.0;0.0;0.0;0.0;0.0;2007;True
1071;9337;443.04;0.0;0.0;0.0;0.0;0.0;2007;True
1072;9228;437.87;0.0;0.0;0.0;0.0;0.0;2007;True
1073;84442;4006.77;0.0;0.0;0.0;0.0;0.0;2007;True
1074;4751;225.43;0.0;0.0;0.0;0.0;0.0;2007;True
1075;2847;135.09;0.0;0.0;0.0;0.0;0.0;2007;True
1076;11192;531.06;0.0;0.0;0.0;0.0;0.0;2007;True
1077;4398;208.69;0.0;0.0;0.0;0.0;0.0;2007;True
1078;49427;2345.31;1023.53;1023.53;0.44;1.0;0.44;2007;True
1079;1122217;53249.2;58494.4;39191.24;1.1;0.67;0.74;2007;True
1080;22634;1073.98;164.01;164.01;0.15;1.0;0.15;2007;True
1081;23245;1102.98;170.91;170.91;0.15;1.0;0.15;2007;True
1082;29021;1377.05;368.98;368.98;0.27;1.0;0.27;2007;True
1083;3898;184.96;0.0;0.0;0.0;0.0;0.0;2007;True
1084;13278;630.04;240.45;240.45;0.38;1.0;0.38;2007;True
1085;2371;112.5;0.0;0.0;0.0;0.0;0.0;2007;True
1086;3673;174.28;0.0;0.0;0.0;0.0;0.0;2007;True
1087;2088;99.08;0.0;0.0;0.0;0.0;0.0;2007;True
1088;3359;159.38;0.0;0.0;0.0;0.0;0.0;2007;True
1089;13433;637.4;0.0;0.0;0.0;0.0;0.0;2007;True
1090;3819;181.21;0.0;0.0;0.0;0.0;0.0;2007;True
1091;11065;525.03;0.0;0.0;0.0;0.0;0.0;2007;True
1092;5116;242.75;0.0;0.0;0.0;0.0;0.0;2007;True
1093;11965;567.74;0.0;0.0;0.0;0.0;0.0;2007;True
1094;42679;2025.12;737.97;737.97;0.36;1.0;0.36;2007;True
1095;21621;1025.92;0.0;0.0;0.0;0.0;0.0;2007;True
1096;2553;121.14;0.0;0.0;0.0;0.0;0.0;2007;True
1097;29114;1381.46;0.0;0.0;0.0;0.0;0.0;2007;True
1098;2543;120.67;0.0;0.0;0.0;0.0;0.0;2007;True
1099;28026;1329.83;21.94;0.0;0.02;0.0;0.0;2007;True
1100;4052;192.27;0.0;0.0;0.0;0.0;0.0;2007;True
1101;4850;230.13;0.0;0.0;0.0;0.0;0.0;2007;True
1102;5178;245.7;0.0;0.0;0.0;0.0;0.0;2007;True
1103;14302;678.63;0.0;0.0;0.0;0.0;0.0;2007;True
1104;9151;434.21;0.0;0.0;0.0;0.0;0.0;2007;True
1105;22927;1087.89;673.47;673.47;0.62;1.0;0.62;2007;True
1106;4799;227.71;0.0;0.0;0.0;0.0;0.0;2007;True
1107;7686;364.7;170.72;170.72;0.47;1.0;0.47;2007;True
1108;80510;3820.2;2967.54;2967.54;0.78;1.0;0.78;2007;True
1109;2591;122.94;0.0;0.0;0.0;0.0;0.0;2007;True
1110;5788;274.64;0.0;0.0;0.0;0.0;0.0;2007;True
1111;35242;1672.23;0.0;0.0;0.0;0.0;0.0;2007;True
1112;76932;3650.42;2246.31;2246.31;0.62;1.0;0.62;2007;True
1113;2809;133.29;0.0;0.0;0.0;0.0;0.0;2007;True
1114;1997;94.76;0.0;0.0;0.0;0.0;0.0;2007;True
1115;6400;303.68;215.2;162.21;0.71;0.75;0.53;2007;True
1116;17430;827.05;570.12;570.12;0.69;1.0;0.69;2007;True
1117;1025;48.64;0.0;0.0;0.0;0.0;0.0;2007;True
1118;7862;373.05;0.0;0.0;0.0;0.0;0.0;2007;True
1119;176544;8377.01;786.37;786.37;0.09;1.0;0.09;2007;True
1120;2250;106.76;0.0;0.0;0.0;0.0;0.0;2007;True
1121;5592;265.34;0.0;0.0;0.0;0.0;0.0;2007;True
1122;9853;467.52;205.0;205.0;0.44;1.0;0.44;2007;True
1123;2003;95.04;0.0;0.0;0.0;0.0;0.0;2007;True
1124;4258;202.04;0.0;0.0;0.0;0.0;0.0;2007;True
1125;9730;461.69;0.0;0.0;0.0;0.0;0.0;2007;True
1126;2270;107.71;0.0;0.0;0.0;0.0;0.0;2007;True
1127;29899;1418.71;817.32;817.32;0.58;1.0;0.58;2007;True
1128;41690;1978.19;778.0;0.0;0.39;0.0;0.0;2007;True
1129;1684;79.91;0.0;0.0;0.0;0.0;0.0;2007;True
1130;6101;289.49;0.0;0.0;0.0;0.0;0.0;2007;True
1131;7096;336.71;0.0;0.0;0.0;0.0;0.0;2007;True
1132;8615;408.78;0.0;0.0;0.0;0.0;0.0;2007;True
1133;4239;201.14;0.0;0.0;0.0;0.0;0.0;2007;True
1134;36455;1729.79;837.81;837.81;0.48;1.0;0.48;2007;True
1135;2190;103.92;0.0;0.0;0.0;0.0;0.0;2007;True
1136;4467;211.96;0.0;0.0;0.0;0.0;0.0;2007;True
1137;11656;553.08;0.0;0.0;0.0;0.0;0.0;2007;True
1138;7661;363.51;0.0;0.0;0.0;0.0;0.0;2007;True
1139;3592;170.44;0.0;0.0;0.0;0.0;0.0;2007;True
1140;6524;309.56;0.0;0.0;0.0;0.0;0.0;2007;True
1141;19335;917.45;0.0;0.0;0.0;0.0;0.0;2007;True
1142;34618;1642.62;4.25;0.0;0.0;0.0;0.0;2007;True
1143;2065;97.98;0.0;0.0;0.0;0.0;0.0;2007;True
1144;1883;89.35;0.0;0.0;0.0;0.0;0.0;2007;True
1145;10948;519.48;0.0;0.0;0.0;0.0;0.0;2007;True
1146;8097;384.2;0.0;0.0;0.0;0.0;0.0;2007;True
1147;2251;106.81;0.0;0.0;0.0;0.0;0.0;2007;True
1148;2989;141.83;0.0;0.0;0.0;0.0;0.0;2007;True
1149;6602;313.26;0.0;0.0;0.0;0.0;0.0;2007;True
1150;3240;153.74;0.0;0.0;0.0;0.0;0.0;2007;True
1151;83066;3941.48;531.59;531.59;0.13;1.0;0.13;2007;True
1152;3120;148.04;0.0;0.0;0.0;0.0;0.0;2007;True
1153;12876;610.97;0.0;0.0;0.0;0.0;0.0;2007;True
1154;4067;192.98;0.0;0.0;0.0;0.0;0.0;2007;True
1155;4352;206.5;0.0;0.0;0.0;0.0;0.0;2007;True
1156;23767;1127.74;0.0;0.0;0.0;0.0;0.0;2007;True
1157;3035;144.01;0.0;0.0;0.0;0.0;0.0;2007;True
1158;18532;879.34;604.83;604.83;0.69;1.0;0.69;2007;True
1159;2153;102.16;0.0;0.0;0.0;0.0;0.0;2007;True
1160;3275;155.4;0.0;0.0;0.0;0.0;0.0;2007;True
1161;2553;121.14;0.0;0.0;0.0;0.0;0.0;2007;True
1162;7502;355.97;709.8;0.0;1.99;0.0;0.0;2007;True
1163;10319;489.64;288.92;288.92;0.59;1.0;0.59;2007;True
1164;2988;141.78;0.0;0.0;0.0;0.0;0.0;2007;True
1165;9125;432.98;0.0;0.0;0.0;0.0;0.0;2007;True
1166;2301;109.18;0.0;0.0;0.0;0.0;0.0;2007;True
1167;21842;1036.4;0.0;0.0;0.0;0.0;0.0;2007;True
1168;10484;497.47;0.0;0.0;0.0;0.0;0.0;2007;True
1169;19064;904.59;0.0;0.0;0.0;0.0;0.0;2007;True
1170;25755;1222.07;337.25;337.25;0.28;1.0;0.28;2007;True
1171;80200;3805.49;428.87;428.87;0.11;1.0;0.11;2007;True
1172;15380;729.78;265.21;265.21;0.36;1.0;0.36;2007;True
1173;36502;1732.02;0.0;0.0;0.0;0.0;0.0;2007;True
1174;2759;130.91;0.0;0.0;0.0;0.0;0.0;2007;True
1175;3410;161.8;0.0;0.0;0.0;0.0;0.0;2007;True
1176;26519;1258.33;517.64;517.64;0.41;1.0;0.41;2007;True
1177;3257;154.54;0.0;0.0;0.0;0.0;0.0;2007;True
1178;35055;1663.36;1514.58;1514.58;0.91;1.0;0.91;2007;True
1179;9942;471.75;0.0;0.0;0.0;0.0;0.0;2007;True
1180;3922;186.1;0.0;0.0;0.0;0.0;0.0;2007;True
1181;2800;132.86;0.0;0.0;0.0;0.0;0.0;2007;True
1182;133198;6320.25;3692.73;3692.73;0.58;1.0;0.58;2007;True
1183;17021;807.65;0.0;0.0;0.0;0.0;0.0;2007;True
1184;7027;333.43;0.0;0.0;0.0;0.0;0.0;2007;True
1185;5269;250.01;0.0;0.0;0.0;0.0;0.0;2007;True
1186;3289;156.06;0.0;0.0;0.0;0.0;0.0;2007;True
1187;4202;199.38;0.0;0.0;0.0;0.0;0.0;2007;True
1188;32405;1537.62;705.35;705.35;0.46;1.0;0.46;2007;True
1189;3139;148.95;0.0;0.0;0.0;0.0;0.0;2007;True
1190;5266;249.87;0.0;0.0;0.0;0.0;0.0;2007;True
1191;3014;143.01;0.0;0.0;0.0;0.0;0.0;2007;True
1192;2739;129.97;0.0;0.0;0.0;0.0;0.0;2007;True
1193;3879;184.06;0.0;0.0;0.0;0.0;0.0;2007;True
1194;9272;439.96;0.0;0.0;0.0;0.0;0.0;2007;True
1195;4021;190.8;0.0;0.0;0.0;0.0;0.0;2007;True
1196;3638;172.62;0.0;0.0;0.0;0.0;0.0;2007;True
1197;61804;2932.6;490.41;490.41;0.17;1.0;0.17;2007;True
1198;8684;412.06;0.0;0.0;0.0;0.0;0.0;2007;True
1199;5368;254.71;0.0;0.0;0.0;0.0;0.0;2007;True
1200;7482;355.02;0.0;0.0;0.0;0.0;0.0;2007;True
1201;1732;82.18;51.95;51.95;0.63;1.0;0.63;2007;True
1202;24856;1179.42;0.0;0.0;0.0;0.0;0.0;2007;True
1203;3881;184.15;0.0;0.0;0.0;0.0;0.0;2007;True
1204;21940;1041.05;232.71;232.71;0.22;1.0;0.22;2007;True
1205;3518;166.93;0.0;0.0;0.0;0.0;0.0;2007;True
1206;1794;85.13;0.0;0.0;0.0;0.0;0.0;2007;True
1207;13396;635.64;0.0;0.0;0.0;0.0;0.0;2007;True
1208;67710;3212.84;0.0;0.0;0.0;0.0;0.0;2007;True
1209;5913;280.57;0.0;0.0;0.0;0.0;0.0;2007;True
1210;17286;820.22;20.35;20.35;0.02;1.0;0.02;2007;True
1211;6286;298.27;0.0;0.0;0.0;0.0;0.0;2007;True
1212;2738;129.92;0.0;0.0;0.0;0.0;0.0;2007;True
1213;3031;143.82;0.0;0.0;0.0;0.0;0.0;2007;True
1214;2874;136.37;0.0;0.0;0.0;0.0;0.0;2007;True
1215;5480;260.03;0.0;0.0;0.0;0.0;0.0;2007;True
1216;2803;133.0;0.0;0.0;0.0;0.0;0.0;2007;True
1217;92682;4397.76;1635.98;1635.98;0.37;1.0;0.37;2007;True
1218;3004;142.54;0.0;0.0;0.0;0.0;0.0;2007;True
1219;4532;215.04;0.0;0.0;0.0;0.0;0.0;2007;True
1220;3767;178.74;0.0;0.0;0.0;0.0;0.0;2007;True
1221;2798;132.77;0.0;0.0;0.0;0.0;0.0;2007;True
1222;30538;1449.03;415.92;415.92;0.29;1.0;0.29;2007;True
1223;12722;603.66;29.34;0.0;0.05;0.0;0.0;2007;True
1224;2736;129.82;0.0;0.0;0.0;0.0;0.0;2007;True
1225;110514;5243.89;1166.42;1166.42;0.22;1.0;0.22;2007;True
1226;3327;157.87;0.0;0.0;0.0;0.0;0.0;2007;True
1227;11578;549.38;0.0;0.0;0.0;0.0;0.0;2007;True
1228;5725;271.65;0.0;0.0;0.0;0.0;0.0;2007;True
1229;3646;173.0;0.0;0.0;0.0;0.0;0.0;2007;True
1230;4641;220.22;0.0;0.0;0.0;0.0;0.0;2007;True
985;5896;279.77;7.25;7.25;0.03;1.0;0.03;2006;False
986;11707;555.5;367.2;367.2;0.66;1.0;0.66;2006;False
987;19354;918.35;0.0;0.0;0.0;0.0;0.0;2006;False
988;2301;109.18;0.0;0.0;0.0;0.0;0.0;2006;False
989;4363;207.02;0.0;0.0;0.0;0.0;0.0;2006;False
990;2161;102.54;0.0;0.0;0.0;0.0;0.0;2006;False
991;152516;7236.88;0.0;0.0;0.0;0.0;0.0;2006;False
992;20485;972.01;0.0;0.0;0.0;0.0;0.0;2006;False
993;2012;95.47;0.0;0.0;0.0;0.0;0.0;2006;False
994;2593;123.04;0.0;0.0;0.0;0.0;0.0;2006;False
995;6908;327.78;0.0;0.0;0.0;0.0;0.0;2006;False
996;6938;329.21;9.65;0.0;0.03;0.0;0.0;2006;False
997;2819;133.76;0.0;0.0;0.0;0.0;0.0;2006;False
998;4501;213.57;0.0;0.0;0.0;0.0;0.0;2006;False
999;3553;168.59;0.0;0.0;0.0;0.0;0.0;2006;False
1000;287851;13658.53;6488.48;6488.48;0.48;1.0;0.48;2006;False
1001;825;39.15;0.0;0.0;0.0;0.0;0.0;2006;False
1002;17298;820.79;303.74;303.74;0.37;1.0;0.37;2006;False
1003;409107;19412.13;3184.36;2738.54;0.16;0.86;0.14;2006;False
1004;2515;119.34;0.0;0.0;0.0;0.0;0.0;2006;False
1005;3171;150.46;0.0;0.0;0.0;0.0;0.0;2006;False
1006;4017;190.61;0.0;0.0;0.0;0.0;0.0;2006;False
1007;16882;801.05;0.0;0.0;0.0;0.0;0.0;2006;False
1008;6965;330.49;0.0;0.0;0.0;0.0;0.0;2006;False
1009;6558;311.18;135.26;135.26;0.43;1.0;0.43;2006;False
1010;3512;166.64;0.0;0.0;0.0;0.0;0.0;2006;False
1011;4723;224.11;0.0;0.0;0.0;0.0;0.0;2006;False
1012;3803;180.45;0.0;0.0;0.0;0.0;0.0;2006;False
1013;2377;112.79;0.0;0.0;0.0;0.0;0.0;2006;False
1014;809;38.39;0.0;0.0;0.0;0.0;0.0;2006;False
1015;4977;236.16;0.0;0.0;0.0;0.0;0.0;2006;False
1016;19902;944.35;293.99;293.99;0.31;1.0;0.31;2006;False
1017;7339;348.24;0.0;0.0;0.0;0.0;0.0;2006;False
1018;16283;772.63;0.0;0.0;0.0;0.0;0.0;2006;False
1019;6187;293.57;0.0;0.0;0.0;0.0;0.0;2006;False
1020;2322;110.18;0.0;0.0;0.0;0.0;0.0;2006;False
1021;2795;132.62;0.0;0.0;0.0;0.0;0.0;2006;False
1022;5161;244.89;43.27;43.27;0.18;1.0;0.18;2006;False
1023;7855;372.72;70.6;0.0;0.19;0.0;0.0;2006;False
1024;2804;133.05;0.0;0.0;0.0;0.0;0.0;2006;False
1025;3274;155.35;0.0;0.0;0.0;0.0;0.0;2006;False
1026;6297;298.79;0.0;0.0;0.0;0.0;0.0;2006;False
1027;7833;371.68;0.0;0.0;0.0;0.0;0.0;2006;False
1028;1394;66.15;0.0;0.0;0.0;0.0;0.0;2006;False
1029;7712;365.93;0.0;0.0;0.0;0.0;0.0;2006;False
1030;9112;432.36;0.0;0.0;0.0;0.0;0.0;2006;False
1031;13753;652.58;315.45;315.45;0.48;1.0;0.48;2006;False
1032;61855;2935.02;2216.4;1994.8;0.76;0.9;0.68;2006;False
1033;3195;151.6;0.0;0.0;0.0;0.0;0.0;2006;False
1034;3427;162.61;0.0;0.0;0.0;0.0;0.0;2006;False
1035;2828;134.19;0.0;0.0;0.0;0.0;0.0;2006;False
1036;9628;456.85;0.0;0.0;0.0;0.0;0.0;2006;False
1037;4082;193.69;0.0;0.0;0.0;0.0;0.0;2006;False
1038;4764;226.05;0.0;0.0;0.0;0.0;0.0;2006;False
1039;16927;803.19;351.15;351.15;0.44;1.0;0.44;2006;False
1040;1541;73.12;0.0;0.0;0.0;0.0;0.0;2006;False
1041;6815;323.37;0.0;0.0;0.0;0.0;0.0;2006;False
1042;4018;190.65;0.0;0.0;0.0;0.0;0.0;2006;False
1043;64719;3070.92;1783.7;0.0;0.58;0.0;0.0;2006;False
1044;4040;191.7;0.0;0.0;0.0;0.0;0.0;2006;False
1045;8925;423.49;0.0;0.0;0.0;0.0;0.0;2006;False
1046;17118;812.25;77.53;27.78;0.1;0.36;0.03;2006;False
1047;6395;303.44;0.0;0.0;0.0;0.0;0.0;2006;False
1048;4819;228.66;0.0;0.0;0.0;0.0;0.0;2006;False
1049;44041;2089.75;852.53;852.53;0.41;1.0;0.41;2006;False
1050;16052;761.67;0.0;0.0;0.0;0.0;0.0;2006;False
1051;3505;166.31;0.0;0.0;0.0;0.0;0.0;2006;False
1052;2473;117.34;0.0;0.0;0.0;0.0;0.0;2006;False
1053;8990;426.58;0.0;0.0;0.0;0.0;0.0;2006;False
1054;6760;320.76;0.0;0.0;0.0;0.0;0.0;2006;False
1055;36928;1752.23;0.0;0.0;0.0;0.0;0.0;2006;False
1056;3001;142.4;0.0;0.0;0.0;0.0;0.0;2006;False
1057;10207;484.32;0.0;0.0;0.0;0.0;0.0;2006;False
1058;3477;164.98;0.0;0.0;0.0;0.0;0.0;2006;False
1059;2951;140.02;0.0;0.0;0.0;0.0;0.0;2006;False
1060;2733;129.68;0.0;0.0;0.0;0.0;0.0;2006;False
1061;2309;109.56;0.0;0.0;0.0;0.0;0.0;2006;False
1062;1831;86.88;0.0;0.0;0.0;0.0;0.0;2006;False
1063;2162;102.59;0.0;0.0;0.0;0.0;0.0;2006;False
1064;4768;226.24;0.0;0.0;0.0;0.0;0.0;2006;False
1065;6622;314.21;0.0;0.0;0.0;0.0;0.0;2006;False
1066;3276;155.45;0.0;0.0;0.0;0.0;0.0;2006;False
1067;10047;476.73;0.0;0.0;0.0;0.0;0.0;2006;False
1068;3075;145.91;0.0;0.0;0.0;0.0;0.0;2006;False
1069;6308;299.31;0.0;0.0;0.0;0.0;0.0;2006;False
1070;6356;301.59;0.0;0.0;0.0;0.0;0.0;2006;False
1071;9047;429.28;0.0;0.0;0.0;0.0;0.0;2006;False
1072;8415;399.29;0.0;0.0;0.0;0.0;0.0;2006;False
1073;83365;3955.67;0.0;0.0;0.0;0.0;0.0;2006;False
1074;4666;221.4;0.0;0.0;0.0;0.0;0.0;2006;False
1075;2542;120.62;0.0;0.0;0.0;0.0;0.0;2006;False
1076;11929;566.03;0.0;0.0;0.0;0.0;0.0;2006;False
1077;4217;200.1;0.0;0.0;0.0;0.0;0.0;2006;False
1078;48139;2284.2;938.99;938.99;0.41;1.0;0.41;2006;False
1079;1101909;52285.58;56130.87;37607.68;1.07;0.67;0.72;2006;False
1080;22113;1049.26;17.23;17.23;0.02;1.0;0.02;2006;False
1081;24045;1140.94;147.25;147.25;0.13;1.0;0.13;2006;False
1082;28952;1373.77;348.83;348.83;0.25;1.0;0.25;2006;False
1083;3534;167.69;0.0;0.0;0.0;0.0;0.0;2006;False
1084;13939;661.41;234.54;234.54;0.35;1.0;0.35;2006;False
1085;2566;121.76;0.0;0.0;0.0;0.0;0.0;2006;False
1086;3600;170.82;0.0;0.0;0.0;0.0;0.0;2006;False
1087;1989;94.38;0.0;0.0;0.0;0.0;0.0;2006;False
1088;3393;161.0;0.0;0.0;0.0;0.0;0.0;2006;False
1089;13705;650.3;0.0;0.0;0.0;0.0;0.0;2006;False
1090;3818;181.16;0.0;0.0;0.0;0.0;0.0;2006;False
1091;10691;507.29;0.0;0.0;0.0;0.0;0.0;2006;False
1092;4918;233.36;0.0;0.0;0.0;0.0;0.0;2006;False
1093;11985;568.69;0.0;0.0;0.0;0.0;0.0;2006;False
1094;43324;2055.72;710.83;710.83;0.35;1.0;0.35;2006;False
1095;21655;1027.53;0.0;0.0;0.0;0.0;0.0;2006;False
1096;2489;118.1;0.0;0.0;0.0;0.0;0.0;2006;False
1097;29336;1391.99;0.0;0.0;0.0;0.0;0.0;2006;False
1098;2477;117.53;0.0;0.0;0.0;0.0;0.0;2006;False
1099;27191;1290.21;21.73;0.0;0.02;0.0;0.0;2006;False
1100;4159;197.34;0.0;0.0;0.0;0.0;0.0;2006;False
1101;4640;220.17;0.0;0.0;0.0;0.0;0.0;2006;False
1102;5350;253.86;0.0;0.0;0.0;0.0;0.0;2006;False
1103;13431;637.3;0.0;0.0;0.0;0.0;0.0;2006;False
1104;11005;522.19;0.0;0.0;0.0;0.0;0.0;2006;False
1105;22978;1090.31;645.06;645.06;0.59;1.0;0.59;2006;False
1106;4641;220.22;0.0;0.0;0.0;0.0;0.0;2006;False
1107;7206;341.92;0.0;0.0;0.0;0.0;0.0;2006;False
1108;78097;3705.7;2726.23;470.24;0.74;0.17;0.13;2006;False
1109;2687;127.5;0.0;0.0;0.0;0.0;0.0;2006;False
1110;5637;267.48;0.0;0.0;0.0;0.0;0.0;2006;False
1111;33455;1587.44;0.0;0.0;0.0;0.0;0.0;2006;False
1112;76676;3638.28;2161.71;2161.71;0.59;1.0;0.59;2006;False
1113;2847;135.09;0.0;0.0;0.0;0.0;0.0;2006;False
1114;1935;91.82;0.0;0.0;0.0;0.0;0.0;2006;False
1115;6555;311.03;0.0;0.0;0.0;0.0;0.0;2006;False
1116;17499;830.33;0.0;0.0;0.0;0.0;0.0;2006;False
1117;871;41.33;0.0;0.0;0.0;0.0;0.0;2006;False
1118;7271;345.01;0.0;0.0;0.0;0.0;0.0;2006;False
1119;169078;8022.75;731.29;731.29;0.09;1.0;0.09;2006;False
1120;1994;94.62;0.0;0.0;0.0;0.0;0.0;2006;False
1121;4963;235.49;0.0;0.0;0.0;0.0;0.0;2006;False
1122;10212;484.56;199.75;199.75;0.41;1.0;0.41;2006;False
1123;2077;98.55;0.0;0.0;0.0;0.0;0.0;2006;False
1124;4515;214.24;0.0;0.0;0.0;0.0;0.0;2006;False
1125;9197;436.4;0.0;0.0;0.0;0.0;0.0;2006;False
1126;1896;89.97;0.0;0.0;0.0;0.0;0.0;2006;False
1127;31225;1481.63;0.0;0.0;0.0;0.0;0.0;2006;False
1128;40493;1921.39;750.0;0.0;0.39;0.0;0.0;2006;False
1129;1672;79.34;0.0;0.0;0.0;0.0;0.0;2006;False
1130;5505;261.21;0.0;0.0;0.0;0.0;0.0;2006;False
1131;6908;327.78;0.0;0.0;0.0;0.0;0.0;2006;False
1132;8413;399.2;0.0;0.0;0.0;0.0;0.0;2006;False
1133;4305;204.27;0.0;0.0;0.0;0.0;0.0;2006;False
1134;36333;1724.0;758.48;758.48;0.44;1.0;0.44;2006;False
1135;2222;105.43;0.0;0.0;0.0;0.0;0.0;2006;False
1136;4431;210.25;0.0;0.0;0.0;0.0;0.0;2006;False
1137;10839;514.31;0.0;0.0;0.0;0.0;0.0;2006;False
1138;9078;430.75;0.0;0.0;0.0;0.0;0.0;2006;False
1139;3503;166.22;0.0;0.0;0.0;0.0;0.0;2006;False
1140;6245;296.33;0.0;0.0;0.0;0.0;0.0;2006;False
1141;20504;972.91;0.0;0.0;0.0;0.0;0.0;2006;False
1142;33373;1583.55;4.0;0.0;0.0;0.0;0.0;2006;False
1143;2081;98.74;0.0;0.0;0.0;0.0;0.0;2006;False
1144;1794;85.13;0.0;0.0;0.0;0.0;0.0;2006;False
1145;9959;472.55;0.0;0.0;0.0;0.0;0.0;2006;False
1146;8368;397.06;0.0;0.0;0.0;0.0;0.0;2006;False
1147;2078;98.6;0.0;0.0;0.0;0.0;0.0;2006;False
1148;2689;127.59;0.0;0.0;0.0;0.0;0.0;2006;False
1149;6732;319.43;0.0;0.0;0.0;0.0;0.0;2006;False
1150;3363;159.57;0.0;0.0;0.0;0.0;0.0;2006;False
1151;87077;4131.8;513.75;513.75;0.12;1.0;0.12;2006;False
1152;2456;116.54;0.0;0.0;0.0;0.0;0.0;2006;False
1153;12196;578.7;0.0;0.0;0.0;0.0;0.0;2006;False
1154;4000;189.8;0.0;0.0;0.0;0.0;0.0;2006;False
1155;4235;200.95;0.0;0.0;0.0;0.0;0.0;2006;False
1156;22771;1080.48;0.0;0.0;0.0;0.0;0.0;2006;False
1157;3074;145.86;0.0;0.0;0.0;0.0;0.0;2006;False
1158;16883;801.1;563.23;563.23;0.7;1.0;0.7;2006;False
1159;2208;104.77;0.0;0.0;0.0;0.0;0.0;2006;False
1160;3170;150.42;0.0;0.0;0.0;0.0;0.0;2006;False
1161;2689;127.59;0.0;0.0;0.0;0.0;0.0;2006;False
1162;7872;373.53;960.8;0.0;2.57;0.0;0.0;2006;False
1163;10451;495.9;281.09;281.09;0.57;1.0;0.57;2006;False
1164;3423;162.42;0.0;0.0;0.0;0.0;0.0;2006;False
1165;9132;433.31;0.0;0.0;0.0;0.0;0.0;2006;False
1166;2009;95.33;0.0;0.0;0.0;0.0;0.0;2006;False
1167;22009;1044.33;0.0;0.0;0.0;0.0;0.0;2006;False
1168;10744;509.8;0.0;0.0;0.0;0.0;0.0;2006;False
1169;19177;909.95;0.0;0.0;0.0;0.0;0.0;2006;False
1170;26417;1253.49;336.74;336.74;0.27;1.0;0.27;2006;False
1171;88927;4219.59;345.0;345.0;0.08;1.0;0.08;2006;False
1172;15695;744.73;253.31;253.31;0.34;1.0;0.34;2006;False
1173;36509;1732.35;0.0;0.0;0.0;0.0;0.0;2006;False
1174;2693;127.78;0.0;0.0;0.0;0.0;0.0;2006;False
1175;3787;179.69;0.0;0.0;0.0;0.0;0.0;2006;False
1176;25219;1196.64;424.3;76.61;0.35;0.18;0.06;2006;False
1177;3458;164.08;0.0;0.0;0.0;0.0;0.0;2006;False
1178;34459;1635.08;1410.08;1410.08;0.86;1.0;0.86;2006;False
1179;10084;478.49;0.0;0.0;0.0;0.0;0.0;2006;False
1180;3989;189.28;0.0;0.0;0.0;0.0;0.0;2006;False
1181;2733;129.68;0.0;0.0;0.0;0.0;0.0;2006;False
1182;123001;5836.4;3486.43;3486.43;0.6;1.0;0.6;2006;False
1183;17265;819.22;0.0;0.0;0.0;0.0;0.0;2006;False
1184;6917;328.21;0.0;0.0;0.0;0.0;0.0;2006;False
1185;5179;245.74;0.0;0.0;0.0;0.0;0.0;2006;False
1186;3272;155.26;0.0;0.0;0.0;0.0;0.0;2006;False
1187;4060;192.65;0.0;0.0;0.0;0.0;0.0;2006;False
1188;32126;1524.38;0.0;0.0;0.0;0.0;0.0;2006;False
1189;3046;144.53;0.0;0.0;0.0;0.0;0.0;2006;False
1190;4962;235.45;0.0;0.0;0.0;0.0;0.0;2006;False
1191;2844;134.95;0.0;0.0;0.0;0.0;0.0;2006;False
1192;2913;138.22;0.0;0.0;0.0;0.0;0.0;2006;False
1193;3970;188.38;0.0;0.0;0.0;0.0;0.0;2006;False
1194;7840;372.01;0.0;0.0;0.0;0.0;0.0;2006;False
1195;4182;198.44;0.0;0.0;0.0;0.0;0.0;2006;False
1196;3550;168.45;0.0;0.0;0.0;0.0;0.0;2006;False
1197;71324;3384.32;437.34;437.34;0.13;1.0;0.13;2006;False
1198;8237;390.85;0.0;0.0;0.0;0.0;0.0;2006;False
1199;5458;258.98;0.0;0.0;0.0;0.0;0.0;2006;False
1200;7162;339.84;0.0;0.0;0.0;0.0;0.0;2006;False
1201;1924;91.29;50.46;50.46;0.55;1.0;0.55;2006;False
1202;24717;1172.82;0.0;0.0;0.0;0.0;0.0;2006;False
1203;3767;178.74;0.0;0.0;0.0;0.0;0.0;2006;False
1204;22998;1091.26;199.29;199.29;0.18;1.0;0.18;2006;False
1205;3584;170.06;0.0;0.0;0.0;0.0;0.0;2006;False
1206;1667;79.1;0.0;0.0;0.0;0.0;0.0;2006;False
1207;13874;658.32;0.0;0.0;0.0;0.0;0.0;2006;False
1208;67434;3199.74;0.0;0.0;0.0;0.0;0.0;2006;False
1209;4881;231.6;0.0;0.0;0.0;0.0;0.0;2006;False
1210;17382;824.78;0.0;0.0;0.0;0.0;0.0;2006;False
1211;6043;286.74;0.0;0.0;0.0;0.0;0.0;2006;False
1212;2375;112.69;0.0;0.0;0.0;0.0;0.0;2006;False
1213;2917;138.41;0.0;0.0;0.0;0.0;0.0;2006;False
1214;3142;149.09;0.0;0.0;0.0;0.0;0.0;2006;False
1215;5657;268.42;0.0;0.0;0.0;0.0;0.0;2006;False
1216;2937;139.36;0.0;0.0;0.0;0.0;0.0;2006;False
1217;92484;4388.37;1462.67;1462.67;0.33;1.0;0.33;2006;False
1218;2702;128.21;0.0;0.0;0.0;0.0;0.0;2006;False
1219;4467;211.96;0.0;0.0;0.0;0.0;0.0;2006;False
1220;3906;185.34;0.0;0.0;0.0;0.0;0.0;2006;False
1221;2787;132.24;0.0;0.0;0.0;0.0;0.0;2006;False
1222;30007;1423.83;0.0;0.0;0.0;0.0;0.0;2006;False
1223;12705;602.85;29.05;0.0;0.05;0.0;0.0;2006;False
1224;2983;141.54;0.0;0.0;0.0;0.0;0.0;2006;False
1225;111888;5309.09;1128.89;1128.89;0.21;1.0;0.21;2006;False
1226;3240;153.74;0.0;0.0;0.0;0.0;0.0;2006;False
1227;11692;554.79;0.0;0.0;0.0;0.0;0.0;2006;False
1228;5951;282.37;0.0;0.0;0.0;0.0;0.0;2006;False
1229;3265;154.92;0.0;0.0;0.0;0.0;0.0;2006;False
1230;4515;214.24;0.0;0.0;0.0;0.0;0.0;2006;False
985;5682;269.61;0.0;0.0;0.0;0.0;0.0;2005;False
986;11499;545.63;347.58;347.59;0.64;1.0;0.64;2005;False
987;18923;897.9;0.0;0.0;0.0;0.0;0.0;2005;False
988;2289;108.61;0.0;0.0;0.0;0.0;0.0;2005;False
989;4314;204.7;0.0;0.0;0.0;0.0;0.0;2005;False
990;2135;101.31;0.0;0.0;0.0;0.0;0.0;2005;False
991;143826;6824.54;0.0;0.0;0.0;0.0;0.0;2005;False
992;20122;954.79;0.0;0.0;0.0;0.0;0.0;2005;False
993;1998;94.81;0.0;0.0;0.0;0.0;0.0;2005;False
994;2550;121.0;0.0;0.0;0.0;0.0;0.0;2005;False
995;6706;318.2;0.0;0.0;0.0;0.0;0.0;2005;False
996;6921;328.4;10.7;0.0;0.03;0.0;0.0;2005;False
997;2812;133.43;0.0;0.0;0.0;0.0;0.0;2005;False
998;4494;213.24;0.0;0.0;0.0;0.0;0.0;2005;False
999;3582;169.97;0.0;0.0;0.0;0.0;0.0;2005;False
1000;282979;13427.35;6560.9;6560.9;0.49;1.0;0.49;2005;False
1001;822;39.0;0.0;0.0;0.0;0.0;0.0;2005;False
1002;17242;818.13;288.9;288.9;0.35;1.0;0.35;2005;False
1003;393053;18650.36;3054.2;2626.7;0.16;0.86;0.14;2005;False
1004;2462;116.82;0.0;0.0;0.0;0.0;0.0;2005;False
1005;3160;149.94;0.0;0.0;0.0;0.0;0.0;2005;False
1006;3972;188.47;0.0;0.0;0.0;0.0;0.0;2005;False
1007;16593;787.34;0.0;0.0;0.0;0.0;0.0;2005;False
1008;6788;322.09;0.0;0.0;0.0;0.0;0.0;2005;False
1009;6564;311.46;136.3;136.3;0.44;1.0;0.44;2005;False
1010;3526;167.31;0.0;0.0;0.0;0.0;0.0;2005;False
1011;4705;223.25;0.0;0.0;0.0;0.0;0.0;2005;False
1012;3806;180.59;0.0;0.0;0.0;0.0;0.0;2005;False
1013;2360;111.98;0.0;0.0;0.0;0.0;0.0;2005;False
1014;998;47.36;0.0;0.0;0.0;0.0;0.0;2005;False
1015;5078;240.95;0.0;0.0;0.0;0.0;0.0;2005;False
1016;19512;925.84;262.9;262.9;0.28;1.0;0.28;2005;False
1017;7330;347.81;0.0;0.0;0.0;0.0;0.0;2005;False
1018;16039;761.05;0.0;0.0;0.0;0.0;0.0;2005;False
1019;5980;283.75;0.0;0.0;0.0;0.0;0.0;2005;False
1020;2325;110.32;0.0;0.0;0.0;0.0;0.0;2005;False
1021;2750;130.49;0.0;0.0;0.0;0.0;0.0;2005;False
1022;5102;242.09;45.0;45.0;0.19;1.0;0.19;2005;False
1023;7857;372.81;72.8;0.0;0.2;0.0;0.0;2005;False
1024;2743;130.16;0.0;0.0;0.0;0.0;0.0;2005;False
1025;3241;153.79;0.0;0.0;0.0;0.0;0.0;2005;False
1026;6267;297.37;0.0;0.0;0.0;0.0;0.0;2005;False
1027;7829;371.49;0.0;0.0;0.0;0.0;0.0;2005;False
1028;1387;65.81;0.0;0.0;0.0;0.0;0.0;2005;False
1029;7709;365.79;0.0;0.0;0.0;0.0;0.0;2005;False
1030;9178;435.5;0.0;0.0;0.0;0.0;0.0;2005;False
1031;13677;648.97;319.0;319.0;0.49;1.0;0.49;2005;False
1032;59263;2812.03;0.0;0.0;0.0;0.0;0.0;2005;False
1033;3101;147.14;0.0;0.0;0.0;0.0;0.0;2005;False
1034;3340;158.48;0.0;0.0;0.0;0.0;0.0;2005;False
1035;2908;137.98;0.0;0.0;0.0;0.0;0.0;2005;False
1036;9487;450.16;0.0;0.0;0.0;0.0;0.0;2005;False
1037;4083;193.74;0.0;0.0;0.0;0.0;0.0;2005;False
1038;4684;222.26;0.0;0.0;0.0;0.0;0.0;2005;False
1039;16693;792.08;164.7;164.7;0.21;1.0;0.21;2005;False
1040;2415;114.59;0.0;0.0;0.0;0.0;0.0;2005;False
1041;6869;325.93;0.0;0.0;0.0;0.0;0.0;2005;False
1042;3940;186.95;0.0;0.0;0.0;0.0;0.0;2005;False
1043;63721;3023.56;0.0;0.0;0.0;0.0;0.0;2005;False
1044;4020;190.75;0.0;0.0;0.0;0.0;0.0;2005;False
1045;8824;418.7;0.0;0.0;0.0;0.0;0.0;2005;False
1046;17178;815.1;11.3;0.0;0.01;0.0;0.0;2005;False
1047;6316;299.69;0.0;0.0;0.0;0.0;0.0;2005;False
1048;4604;218.46;0.0;0.0;0.0;0.0;0.0;2005;False
1049;42886;2034.94;849.3;849.3;0.42;1.0;0.42;2005;False
1050;15619;741.12;0.0;0.0;0.0;0.0;0.0;2005;False
1051;3480;165.13;0.0;0.0;0.0;0.0;0.0;2005;False
1052;2505;118.86;0.0;0.0;0.0;0.0;0.0;2005;False
1053;8952;424.77;0.0;0.0;0.0;0.0;0.0;2005;False
1054;6645;315.31;0.0;0.0;0.0;0.0;0.0;2005;False
1055;35995;1707.96;0.0;0.0;0.0;0.0;0.0;2005;False
1056;2946;139.79;0.0;0.0;0.0;0.0;0.0;2005;False
1057;10670;506.29;0.0;0.0;0.0;0.0;0.0;2005;False
1058;3451;163.75;0.0;0.0;0.0;0.0;0.0;2005;False
1059;2929;138.98;0.0;0.0;0.0;0.0;0.0;2005;False
1060;2771;131.48;0.0;0.0;0.0;0.0;0.0;2005;False
1061;2311;109.66;0.0;0.0;0.0;0.0;0.0;2005;False
1062;1832;86.93;0.0;0.0;0.0;0.0;0.0;2005;False
1063;2176;103.25;0.0;0.0;0.0;0.0;0.0;2005;False
1064;4752;225.48;0.0;0.0;0.0;0.0;0.0;2005;False
1065;6790;322.19;0.0;0.0;0.0;0.0;0.0;2005;False
1066;3300;156.58;0.0;0.0;0.0;0.0;0.0;2005;False
1067;9922;470.8;0.0;0.0;0.0;0.0;0.0;2005;False
1068;3074;145.86;0.0;0.0;0.0;0.0;0.0;2005;False
1069;6368;302.16;0.0;0.0;0.0;0.0;0.0;2005;False
1070;6363;301.92;0.0;0.0;0.0;0.0;0.0;2005;False
1071;9032;428.57;0.0;0.0;0.0;0.0;0.0;2005;False
1072;8166;387.48;0.0;0.0;0.0;0.0;0.0;2005;False
1073;81484;3866.42;0.0;0.0;0.0;0.0;0.0;2005;False
1074;4724;224.15;0.0;0.0;0.0;0.0;0.0;2005;False
1075;2511;119.15;0.0;0.0;0.0;0.0;0.0;2005;False
1076;11579;549.42;0.0;0.0;0.0;0.0;0.0;2005;False
1077;4258;202.04;0.0;0.0;0.0;0.0;0.0;2005;False
1078;47568;2257.1;849.3;849.3;0.38;1.0;0.38;2005;False
1079;1084388;51454.21;56904.7;40580.3;1.11;0.71;0.79;2005;False
1080;21320;1011.63;0.0;0.0;0.0;0.0;0.0;2005;False
1081;24111;1144.07;126.8;126.8;0.11;1.0;0.11;2005;False
1082;28824;1367.7;322.1;322.1;0.24;1.0;0.24;2005;False
1083;3547;168.31;0.0;0.0;0.0;0.0;0.0;2005;False
1084;13723;651.16;241.2;241.2;0.37;1.0;0.37;2005;False
1085;2559;121.42;0.0;0.0;0.0;0.0;0.0;2005;False
1086;3695;175.33;0.0;0.0;0.0;0.0;0.0;2005;False
1087;2077;98.55;0.0;0.0;0.0;0.0;0.0;2005;False
1088;3350;158.96;0.0;0.0;0.0;0.0;0.0;2005;False
1089;13417;636.64;0.0;0.0;0.0;0.0;0.0;2005;False
1090;3862;183.25;0.0;0.0;0.0;0.0;0.0;2005;False
1091;10616;503.73;0.0;0.0;0.0;0.0;0.0;2005;False
1092;4890;232.03;0.0;0.0;0.0;0.0;0.0;2005;False
1093;11784;559.15;0.0;0.0;0.0;0.0;0.0;2005;False
1094;42762;2029.06;620.3;620.3;0.31;1.0;0.31;2005;False
1095;21468;1018.66;0.0;0.0;0.0;0.0;0.0;2005;False
1096;2497;118.48;0.0;0.0;0.0;0.0;0.0;2005;False
1097;29172;1384.21;0.0;0.0;0.0;0.0;0.0;2005;False
1098;2512;119.19;0.0;0.0;0.0;0.0;0.0;2005;False
1099;26883;1275.6;21.6;0.0;0.02;0.0;0.0;2005;False
1100;4128;195.87;0.0;0.0;0.0;0.0;0.0;2005;False
1101;4716;223.77;0.0;0.0;0.0;0.0;0.0;2005;False
1102;5312;252.05;0.0;0.0;0.0;0.0;0.0;2005;False
1103;13301;631.13;0.0;0.0;0.0;0.0;0.0;2005;False
1104;10822;513.5;0.0;0.0;0.0;0.0;0.0;2005;False
1105;23155;1098.7;661.3;661.3;0.6;1.0;0.6;2005;False
1106;4683;222.21;0.0;0.0;0.0;0.0;0.0;2005;False
1107;7246;343.82;0.0;0.0;0.0;0.0;0.0;2005;False
1108;77400;3672.63;2566.0;0.0;0.7;0.0;0.0;2005;False
1109;2688;127.55;0.0;0.0;0.0;0.0;0.0;2005;False
1110;5651;268.14;0.0;0.0;0.0;0.0;0.0;2005;False
1111;32936;1562.81;0.0;0.0;0.0;0.0;0.0;2005;False
1112;75373;3576.45;2208.3;2208.3;0.62;1.0;0.62;2005;False
1113;2847;135.09;0.0;0.0;0.0;0.0;0.0;2005;False
1114;1933;91.72;0.0;0.0;0.0;0.0;0.0;2005;False
1115;6505;308.66;0.0;0.0;0.0;0.0;0.0;2005;False
1116;17589;834.6;0.0;0.0;0.0;0.0;0.0;2005;False
1117;864;41.0;0.0;0.0;0.0;0.0;0.0;2005;False
1118;7232;343.16;0.0;0.0;0.0;0.0;0.0;2005;False
1119;162726;7721.35;714.4;714.4;0.09;1.0;0.09;2005;False
1120;2021;95.9;0.0;0.0;0.0;0.0;0.0;2005;False
1121;4872;231.18;0.0;0.0;0.0;0.0;0.0;2005;False
1122;10298;488.64;196.6;196.6;0.4;1.0;0.4;2005;False
1123;2025;96.09;0.0;0.0;0.0;0.0;0.0;2005;False
1124;4449;211.11;0.0;0.0;0.0;0.0;0.0;2005;False
1125;9029;428.43;0.0;0.0;0.0;0.0;0.0;2005;False
1126;1991;94.47;0.0;0.0;0.0;0.0;0.0;2005;False
1127;31091;1475.27;0.1;0.2;0.0;2.0;0.0;2005;False
1128;39692;1883.39;0.0;0.0;0.0;0.0;0.0;2005;False
1129;1695;80.43;0.0;0.0;0.0;0.0;0.0;2005;False
1130;5615;266.43;0.0;0.0;0.0;0.0;0.0;2005;False
1131;6955;330.01;0.0;0.0;0.0;0.0;0.0;2005;False
1132;8195;388.85;0.0;0.0;0.0;0.0;0.0;2005;False
1133;4171;197.91;0.0;0.0;0.0;0.0;0.0;2005;False
1134;35885;1702.74;780.2;780.2;0.46;1.0;0.46;2005;False
1135;2226;105.62;0.0;0.0;0.0;0.0;0.0;2005;False
1136;4554;216.09;0.0;0.0;0.0;0.0;0.0;2005;False
1137;10726;508.95;0.0;0.0;0.0;0.0;0.0;2005;False
1138;8811;418.08;0.0;0.0;0.0;0.0;0.0;2005;False
1139;3514;166.74;0.0;0.0;0.0;0.0;0.0;2005;False
1140;6205;294.43;0.0;0.0;0.0;0.0;0.0;2005;False
1141;19936;945.96;0.0;0.0;0.0;0.0;0.0;2005;False
1142;33595;1594.08;4.6;0.0;0.0;0.0;0.0;2005;False
1143;2064;97.94;0.0;0.0;0.0;0.0;0.0;2005;False
1144;1785;84.7;0.0;0.0;0.0;0.0;0.0;2005;False
1145;9963;472.74;0.0;0.0;0.0;0.0;0.0;2005;False
1146;8322;394.88;0.0;0.0;0.0;0.0;0.0;2005;False
1147;2138;101.45;0.0;0.0;0.0;0.0;0.0;2005;False
1148;2791;132.43;0.0;0.0;0.0;0.0;0.0;2005;False
1149;6589;312.65;0.0;0.0;0.0;0.0;0.0;2005;False
1150;3425;162.52;0.0;0.0;0.0;0.0;0.0;2005;False
1151;84042;3987.79;504.5;504.5;0.13;1.0;0.13;2005;False
1152;2554;121.19;0.0;0.0;0.0;0.0;0.0;2005;False
1153;12134;575.76;0.0;0.0;0.0;0.0;0.0;2005;False
1154;3990;189.33;0.0;0.0;0.0;0.0;0.0;2005;False
1155;4177;198.2;0.0;0.0;0.0;0.0;0.0;2005;False
1156;22260;1056.24;0.0;0.0;0.0;0.0;0.0;2005;False
1157;3060;145.2;0.0;0.0;0.0;0.0;0.0;2005;False
1158;16763;795.4;137.2;137.2;0.17;1.0;0.17;2005;False
1159;2190;103.92;0.0;0.0;0.0;0.0;0.0;2005;False
1160;3176;150.7;0.0;0.0;0.0;0.0;0.0;2005;False
1161;2661;126.26;0.0;0.0;0.0;0.0;0.0;2005;False
1162;7800;370.11;1200.0;0.0;3.24;0.0;0.0;2005;False
1163;10349;491.06;285.0;285.0;0.58;1.0;0.58;2005;False
1164;3285;155.87;0.0;0.0;0.0;0.0;0.0;2005;False
1165;9168;435.02;0.0;0.0;0.0;0.0;0.0;2005;False
1166;2162;102.59;0.0;0.0;0.0;0.0;0.0;2005;False
1167;21897;1039.01;0.0;0.0;0.0;0.0;0.0;2005;False
1168;10797;512.32;0.0;0.0;0.0;0.0;0.0;2005;False
1169;19178;910.0;0.0;0.0;0.0;0.0;0.0;2005;False
1170;25999;1233.65;341.0;341.0;0.28;1.0;0.28;2005;False
1171;85519;4057.88;0.0;0.0;0.0;0.0;0.0;2005;False
1172;15581;739.32;0.0;0.0;0.0;0.0;0.0;2005;False
1173;36393;1726.85;0.0;0.0;0.0;0.0;0.0;2005;False
1174;2671;126.74;0.0;0.0;0.0;0.0;0.0;2005;False
1175;3719;176.47;0.0;0.0;0.0;0.0;0.0;2005;False
1176;24911;1182.03;0.0;0.0;0.0;0.0;0.0;2005;False
1177;3399;161.28;0.0;0.0;0.0;0.0;0.0;2005;False
1178;34231;1624.26;1376.3;1376.3;0.85;1.0;0.85;2005;False
1179;9952;472.22;0.0;0.0;0.0;0.0;0.0;2005;False
1180;3981;188.9;0.0;0.0;0.0;0.0;0.0;2005;False
1181;2605;123.61;0.0;0.0;0.0;0.0;0.0;2005;False
1182;120294;5707.95;3508.3;3508.3;0.61;1.0;0.61;2005;False
1183;17123;812.49;0.0;0.0;0.0;0.0;0.0;2005;False
1184;6899;327.36;0.0;0.0;0.0;0.0;0.0;2005;False
1185;5073;240.71;0.0;0.0;0.0;0.0;0.0;2005;False
1186;3251;154.26;0.0;0.0;0.0;0.0;0.0;2005;False
1187;4003;189.94;0.0;0.0;0.0;0.0;0.0;2005;False
1188;31984;1517.64;0.0;0.0;0.0;0.0;0.0;2005;False
1189;3076;145.96;0.0;0.0;0.0;0.0;0.0;2005;False
1190;4905;232.74;0.0;0.0;0.0;0.0;0.0;2005;False
1191;2826;134.09;0.0;0.0;0.0;0.0;0.0;2005;False
1192;2957;140.31;0.0;0.0;0.0;0.0;0.0;2005;False
1193;4011;190.32;0.0;0.0;0.0;0.0;0.0;2005;False
1194;8298;393.74;0.0;0.0;0.0;0.0;0.0;2005;False
1195;4102;194.64;0.0;0.0;0.0;0.0;0.0;2005;False
1196;3436;163.04;0.0;0.0;0.0;0.0;0.0;2005;False
1197;67597;3207.48;38.5;38.4;0.01;1.0;0.01;2005;False
1198;8307;394.17;0.0;0.0;0.0;0.0;0.0;2005;False
1199;5457;258.93;0.0;0.0;0.0;0.0;0.0;2005;False
1200;6998;332.06;0.0;0.0;0.0;0.0;0.0;2005;False
1201;1909;90.58;0.0;0.0;0.0;0.0;0.0;2005;False
1202;24581;1166.37;0.0;0.0;0.0;0.0;0.0;2005;False
1203;3756;178.22;0.0;0.0;0.0;0.0;0.0;2005;False
1204;22629;1073.75;149.8;149.8;0.14;1.0;0.14;2005;False
1205;3516;166.83;0.0;0.0;0.0;0.0;0.0;2005;False
1206;1665;79.0;0.0;0.0;0.0;0.0;0.0;2005;False
1207;13625;646.51;0.0;0.0;0.0;0.0;0.0;2005;False
1208;64466;3058.91;0.0;0.0;0.0;0.0;0.0;2005;False
1209;5024;238.39;0.0;0.0;0.0;0.0;0.0;2005;False
1210;17174;814.91;0.0;0.0;0.0;0.0;0.0;2005;False
1211;5978;283.66;0.0;0.0;0.0;0.0;0.0;2005;False
1212;2382;113.03;0.0;0.0;0.0;0.0;0.0;2005;False
1213;2966;140.74;0.0;0.0;0.0;0.0;0.0;2005;False
1214;3019;143.25;0.0;0.0;0.0;0.0;0.0;2005;False
1215;5494;260.69;0.0;0.0;0.0;0.0;0.0;2005;False
1216;2879;136.61;0.0;0.0;0.0;0.0;0.0;2005;False
1217;89599;4251.47;1485.3;1485.3;0.35;1.0;0.35;2005;False
1218;2763;131.1;0.0;0.0;0.0;0.0;0.0;2005;False
1219;4493;213.19;0.0;0.0;0.0;0.0;0.0;2005;False
1220;3796;180.12;0.0;0.0;0.0;0.0;0.0;2005;False
1221;2781;131.96;0.0;0.0;0.0;0.0;0.0;2005;False
1222;30048;1425.78;0.0;0.0;0.0;0.0;0.0;2005;False
1223;12686;601.95;29.2;0.0;0.05;0.0;0.0;2005;False
1224;2955;140.21;0.0;0.0;0.0;0.0;0.0;2005;False
1225;107890;5119.38;1115.2;1115.2;0.22;1.0;0.22;2005;False
1226;3231;153.31;0.0;0.0;0.0;0.0;0.0;2005;False
1227;11465;544.01;0.0;0.0;0.0;0.0;0.0;2005;False
1228;5871;278.58;0.0;0.0;0.0;0.0;0.0;2005;False
1229;3220;152.79;0.0;0.0;0.0;0.0;0.0;2005;False
1230;4444;210.87;0.0;0.0;0.0;0.0;0.0;2005;False
985;5466;259.36;0.0;0.0;0.0;0.0;0.0;2004;False
986;11289;535.66;0.0;0.0;0.0;0.0;0.0;2004;False
987;18488;877.26;0.0;0.0;0.0;0.0;0.0;2004;False
988;2277;108.04;0.0;0.0;0.0;0.0;0.0;2004;False
989;4263;202.28;0.0;0.0;0.0;0.0;0.0;2004;False
990;2108;100.02;0.0;0.0;0.0;0.0;0.0;2004;False
991;135072;6409.17;0.0;0.0;0.0;0.0;0.0;2004;False
992;19756;937.42;0.0;0.0;0.0;0.0;0.0;2004;False
993;1984;94.14;0.0;0.0;0.0;0.0;0.0;2004;False
994;2508;119.0;0.0;0.0;0.0;0.0;0.0;2004;False
995;6502;308.52;0.0;0.0;0.0;0.0;0.0;2004;False
996;6904;327.59;11.1;0.0;0.03;0.0;0.0;2004;False
997;2806;133.14;0.0;0.0;0.0;0.0;0.0;2004;False
998;4487;212.91;0.0;0.0;0.0;0.0;0.0;2004;False
999;3611;171.34;0.0;0.0;0.0;0.0;0.0;2004;False
1000;278072;13194.52;6445.4;6445.4;0.49;1.0;0.49;2004;False
1001;819;38.86;0.0;0.0;0.0;0.0;0.0;2004;False
1002;17186;815.48;280.3;280.3;0.34;1.0;0.34;2004;False
1003;376878;17882.86;2978.3;2561.3;0.17;0.86;0.14;2004;False
1004;2408;114.26;0.0;0.0;0.0;0.0;0.0;2004;False
1005;3148;149.37;0.0;0.0;0.0;0.0;0.0;2004;False
1006;3928;186.38;0.0;0.0;0.0;0.0;0.0;2004;False
1007;16300;773.44;0.0;0.0;0.0;0.0;0.0;2004;False
1008;6609;313.6;0.0;0.0;0.0;0.0;0.0;2004;False
1009;6571;311.79;134.9;134.9;0.43;1.0;0.43;2004;False
1010;3542;168.07;0.0;0.0;0.0;0.0;0.0;2004;False
1011;4686;222.35;0.0;0.0;0.0;0.0;0.0;2004;False
1012;3810;180.78;0.0;0.0;0.0;0.0;0.0;2004;False
1013;2343;111.18;0.0;0.0;0.0;0.0;0.0;2004;False
1014;1189;56.42;0.0;0.0;0.0;0.0;0.0;2004;False
1015;5180;245.79;0.0;0.0;0.0;0.0;0.0;2004;False
1016;19120;907.24;245.9;245.9;0.27;1.0;0.27;2004;False
1017;7322;347.43;0.0;0.0;0.0;0.0;0.0;2004;False
1018;15792;749.33;0.0;0.0;0.0;0.0;0.0;2004;False
1019;5773;273.93;0.0;0.0;0.0;0.0;0.0;2004;False
1020;2329;110.51;0.0;0.0;0.0;0.0;0.0;2004;False
1021;2705;128.35;0.0;0.0;0.0;0.0;0.0;2004;False
1022;5040;239.15;45.1;45.1;0.19;1.0;0.19;2004;False
1023;7860;372.96;72.8;0.0;0.2;0.0;0.0;2004;False
1024;2680;127.17;0.0;0.0;0.0;0.0;0.0;2004;False
1025;3207;152.17;0.0;0.0;0.0;0.0;0.0;2004;False
1026;6238;295.99;0.0;0.0;0.0;0.0;0.0;2004;False
1027;7825;371.3;0.0;0.0;0.0;0.0;0.0;2004;False
1028;1381;65.53;0.0;0.0;0.0;0.0;0.0;2004;False
1029;7708;365.74;0.0;0.0;0.0;0.0;0.0;2004;False
1030;9245;438.68;0.0;0.0;0.0;0.0;0.0;2004;False
1031;13599;645.27;313.9;313.9;0.49;1.0;0.49;2004;False
1032;56651;2688.09;0.0;0.0;0.0;0.0;0.0;2004;False
1033;3007;142.68;0.0;0.0;0.0;0.0;0.0;2004;False
1034;3254;154.4;0.0;0.0;0.0;0.0;0.0;2004;False
1035;2987;141.73;0.0;0.0;0.0;0.0;0.0;2004;False
1036;9345;443.42;0.0;0.0;0.0;0.0;0.0;2004;False
1037;4084;193.79;0.0;0.0;0.0;0.0;0.0;2004;False
1038;4602;218.36;0.0;0.0;0.0;0.0;0.0;2004;False
1039;16458;780.93;0.0;0.0;0.0;0.0;0.0;2004;False
1040;3294;156.3;0.0;0.0;0.0;0.0;0.0;2004;False
1041;6923;328.5;0.0;0.0;0.0;0.0;0.0;2004;False
1042;3861;183.2;0.0;0.0;0.0;0.0;0.0;2004;False
1043;62714;2975.78;0.0;0.0;0.0;0.0;0.0;2004;False
1044;4000;189.8;0.0;0.0;0.0;0.0;0.0;2004;False
1045;8722;413.86;0.0;0.0;0.0;0.0;0.0;2004;False
1046;17238;817.94;0.0;0.0;0.0;0.0;0.0;2004;False
1047;6238;295.99;0.0;0.0;0.0;0.0;0.0;2004;False
1048;4388;208.21;0.0;0.0;0.0;0.0;0.0;2004;False
1049;41722;1979.71;831.0;831.0;0.42;1.0;0.42;2004;False
1050;15182;720.39;0.0;0.0;0.0;0.0;0.0;2004;False
1051;3455;163.94;0.0;0.0;0.0;0.0;0.0;2004;False
1052;2538;120.43;0.0;0.0;0.0;0.0;0.0;2004;False
1053;8913;422.92;0.0;0.0;0.0;0.0;0.0;2004;False
1054;6530;309.85;0.0;0.0;0.0;0.0;0.0;2004;False
1055;35055;1663.36;0.0;0.0;0.0;0.0;0.0;2004;False
1056;2891;137.18;0.0;0.0;0.0;0.0;0.0;2004;False
1057;11137;528.45;0.0;0.0;0.0;0.0;0.0;2004;False
1058;3424;162.47;0.0;0.0;0.0;0.0;0.0;2004;False
1059;2906;137.89;0.0;0.0;0.0;0.0;0.0;2004;False
1060;2809;133.29;0.0;0.0;0.0;0.0;0.0;2004;False
1061;2314;109.8;0.0;0.0;0.0;0.0;0.0;2004;False
1062;1833;86.98;0.0;0.0;0.0;0.0;0.0;2004;False
1063;2191;103.96;0.0;0.0;0.0;0.0;0.0;2004;False
1064;4737;224.77;0.0;0.0;0.0;0.0;0.0;2004;False
1065;6960;330.25;0.0;0.0;0.0;0.0;0.0;2004;False
1066;3324;157.72;0.0;0.0;0.0;0.0;0.0;2004;False
1067;9797;464.87;0.0;0.0;0.0;0.0;0.0;2004;False
1068;3073;145.81;0.0;0.0;0.0;0.0;0.0;2004;False
1069;6427;304.96;0.0;0.0;0.0;0.0;0.0;2004;False
1070;6370;302.26;0.0;0.0;0.0;0.0;0.0;2004;False
1071;9017;427.86;0.0;0.0;0.0;0.0;0.0;2004;False
1072;7915;375.57;0.0;0.0;0.0;0.0;0.0;2004;False
1073;79587;3776.4;0.0;0.0;0.0;0.0;0.0;2004;False
1074;4782;226.91;0.0;0.0;0.0;0.0;0.0;2004;False
1075;2481;117.72;0.0;0.0;0.0;0.0;0.0;2004;False
1076;11227;532.72;0.0;0.0;0.0;0.0;0.0;2004;False
1077;4298;203.94;0.0;0.0;0.0;0.0;0.0;2004;False
1078;46992;2229.77;743.0;743.0;0.33;1.0;0.33;2004;False
1079;1066720;50615.86;55997.0;17383.0;1.11;0.31;0.34;2004;False
1080;20520;973.67;0.0;0.0;0.0;0.0;0.0;2004;False
1081;24179;1147.29;84.5;84.5;0.07;1.0;0.07;2004;False
1082;28694;1361.53;263.1;263.1;0.19;1.0;0.19;2004;False
1083;3561;168.97;0.0;0.0;0.0;0.0;0.0;2004;False
1084;13504;640.76;217.7;217.7;0.34;1.0;0.34;2004;False
1085;2552;121.09;0.0;0.0;0.0;0.0;0.0;2004;False
1086;3791;179.88;0.0;0.0;0.0;0.0;0.0;2004;False
1087;2166;102.78;0.0;0.0;0.0;0.0;0.0;2004;False
1088;3307;156.92;0.0;0.0;0.0;0.0;0.0;2004;False
1089;13127;622.88;0.0;0.0;0.0;0.0;0.0;2004;False
1090;3906;185.34;0.0;0.0;0.0;0.0;0.0;2004;False
1091;10540;500.12;0.0;0.0;0.0;0.0;0.0;2004;False
1092;4861;230.65;0.0;0.0;0.0;0.0;0.0;2004;False
1093;11582;549.57;0.0;0.0;0.0;0.0;0.0;2004;False
1094;42196;2002.2;611.2;611.2;0.31;1.0;0.31;2004;False
1095;21280;1009.74;0.0;0.0;0.0;0.0;0.0;2004;False
1096;2506;118.91;0.0;0.0;0.0;0.0;0.0;2004;False
1097;29007;1376.38;0.0;0.0;0.0;0.0;0.0;2004;False
1098;2548;120.9;0.0;0.0;0.0;0.0;0.0;2004;False
1099;26574;1260.94;21.6;0.0;0.02;0.0;0.0;2004;False
1100;4098;194.45;0.0;0.0;0.0;0.0;0.0;2004;False
1101;4793;227.43;0.0;0.0;0.0;0.0;0.0;2004;False
1102;5274;250.25;0.0;0.0;0.0;0.0;0.0;2004;False
1103;13170;624.92;0.0;0.0;0.0;0.0;0.0;2004;False
1104;10637;504.73;0.0;0.0;0.0;0.0;0.0;2004;False
1105;23334;1107.2;656.1;656.1;0.59;1.0;0.59;2004;False
1106;4725;224.2;0.0;0.0;0.0;0.0;0.0;2004;False
1107;7287;345.77;0.0;0.0;0.0;0.0;0.0;2004;False
1108;76698;3639.32;2454.9;0.0;0.67;0.0;0.0;2004;False
1109;2691;127.69;0.0;0.0;0.0;0.0;0.0;2004;False
1110;5664;268.76;0.0;0.0;0.0;0.0;0.0;2004;False
1111;32415;1538.09;0.0;0.0;0.0;0.0;0.0;2004;False
1112;74060;3514.15;2161.8;2161.8;0.62;1.0;0.62;2004;False
1113;2847;135.09;0.0;0.0;0.0;0.0;0.0;2004;False
1114;1930;91.58;0.0;0.0;0.0;0.0;0.0;2004;False
1115;6456;306.34;0.0;0.0;0.0;0.0;0.0;2004;False
1116;17679;838.87;0.0;0.0;0.0;0.0;0.0;2004;False
1117;858;40.71;0.0;0.0;0.0;0.0;0.0;2004;False
1118;7192;341.26;0.0;0.0;0.0;0.0;0.0;2004;False
1119;156326;7417.67;666.6;566.6;0.09;0.85;0.08;2004;False
1120;2048;97.18;0.0;0.0;0.0;0.0;0.0;2004;False
1121;4781;226.86;0.0;0.0;0.0;0.0;0.0;2004;False
1122;10386;492.82;184.1;184.1;0.37;1.0;0.37;2004;False
1123;1971;93.52;0.0;0.0;0.0;0.0;0.0;2004;False
1124;4382;207.93;0.0;0.0;0.0;0.0;0.0;2004;False
1125;8861;420.45;0.0;0.0;0.0;0.0;0.0;2004;False
1126;2089;99.12;0.0;0.0;0.0;0.0;0.0;2004;False
1127;30955;1468.81;0.0;0.0;0.0;0.0;0.0;2004;False
1128;38885;1845.09;0.0;0.0;0.0;0.0;0.0;2004;False
1129;1719;81.57;0.0;0.0;0.0;0.0;0.0;2004;False
1130;5725;271.65;0.0;0.0;0.0;0.0;0.0;2004;False
1131;7002;332.24;0.0;0.0;0.0;0.0;0.0;2004;False
1132;7976;378.46;0.0;0.0;0.0;0.0;0.0;2004;False
1133;4035;191.46;0.0;0.0;0.0;0.0;0.0;2004;False
1134;35435;1681.39;752.1;752.1;0.45;1.0;0.45;2004;False
1135;2230;105.81;0.0;0.0;0.0;0.0;0.0;2004;False
1136;4677;221.92;0.0;0.0;0.0;0.0;0.0;2004;False
1137;10612;503.54;0.0;0.0;0.0;0.0;0.0;2004;False
1138;8541;405.27;0.0;0.0;0.0;0.0;0.0;2004;False
1139;3524;167.21;0.0;0.0;0.0;0.0;0.0;2004;False
1140;6166;292.58;0.0;0.0;0.0;0.0;0.0;2004;False
1141;19364;918.82;0.0;0.0;0.0;0.0;0.0;2004;False
1142;33819;1604.71;5.0;0.0;0.0;0.0;0.0;2004;False
1143;2048;97.18;0.0;0.0;0.0;0.0;0.0;2004;False
1144;1777;84.32;0.0;0.0;0.0;0.0;0.0;2004;False
1145;9968;472.98;0.0;0.0;0.0;0.0;0.0;2004;False
1146;8278;392.79;0.0;0.0;0.0;0.0;0.0;2004;False
1147;2201;104.44;0.0;0.0;0.0;0.0;0.0;2004;False
1148;2893;137.27;0.0;0.0;0.0;0.0;0.0;2004;False
1149;6444;305.77;0.0;0.0;0.0;0.0;0.0;2004;False
1150;3488;165.51;0.0;0.0;0.0;0.0;0.0;2004;False
1151;80984;3842.69;511.6;511.6;0.13;1.0;0.13;2004;False
1152;2652;125.84;0.0;0.0;0.0;0.0;0.0;2004;False
1153;12074;572.91;0.0;0.0;0.0;0.0;0.0;2004;False
1154;3980;188.85;0.0;0.0;0.0;0.0;0.0;2004;False
1155;4119;195.45;0.0;0.0;0.0;0.0;0.0;2004;False
1156;21747;1031.9;0.0;0.0;0.0;0.0;0.0;2004;False
1157;3047;144.58;0.0;0.0;0.0;0.0;0.0;2004;False
1158;16641;789.62;0.0;0.0;0.0;0.0;0.0;2004;False
1159;2170;102.97;0.0;0.0;0.0;0.0;0.0;2004;False
1160;3183;151.03;0.0;0.0;0.0;0.0;0.0;2004;False
1161;2633;124.94;0.0;0.0;0.0;0.0;0.0;2004;False
1162;7727;366.65;0.0;0.0;0.0;0.0;0.0;2004;False
1163;10246;486.17;280.5;280.5;0.58;1.0;0.58;2004;False
1164;3147;149.33;0.0;0.0;0.0;0.0;0.0;2004;False
1165;9205;436.78;0.0;0.0;0.0;0.0;0.0;2004;False
1166;2316;109.89;0.0;0.0;0.0;0.0;0.0;2004;False
1167;21783;1033.6;0.0;0.0;0.0;0.0;0.0;2004;False
1168;10851;514.88;0.0;0.0;0.0;0.0;0.0;2004;False
1169;19178;910.0;0.0;0.0;0.0;0.0;0.0;2004;False
1170;25580;1213.77;329.3;329.3;0.27;1.0;0.27;2004;False
1171;82086;3894.98;0.0;0.0;0.0;0.0;0.0;2004;False
1172;15466;733.86;0.0;0.0;0.0;0.0;0.0;2004;False
1173;36276;1721.3;0.0;0.0;0.0;0.0;0.0;2004;False
1174;2649;125.7;0.0;0.0;0.0;0.0;0.0;2004;False
1175;3649;173.15;0.0;0.0;0.0;0.0;0.0;2004;False
1176;24602;1167.36;0.0;0.0;0.0;0.0;0.0;2004;False
1177;3340;158.48;0.0;0.0;0.0;0.0;0.0;2004;False
1178;34002;1613.39;1362.2;1362.2;0.84;1.0;0.84;2004;False
1179;9819;465.91;0.0;0.0;0.0;0.0;0.0;2004;False
1180;3974;188.57;0.0;0.0;0.0;0.0;0.0;2004;False
1181;2476;117.49;0.0;0.0;0.0;0.0;0.0;2004;False
1182;117567;5578.55;3413.9;3413.9;0.61;1.0;0.61;2004;False
1183;16979;805.65;0.0;0.0;0.0;0.0;0.0;2004;False
1184;6881;326.5;0.0;0.0;0.0;0.0;0.0;2004;False
1185;4965;235.59;0.0;0.0;0.0;0.0;0.0;2004;False
1186;3229;153.22;0.0;0.0;0.0;0.0;0.0;2004;False
1187;3945;187.19;0.0;0.0;0.0;0.0;0.0;2004;False
1188;31840;1510.81;0.0;0.0;0.0;0.0;0.0;2004;False
1189;3106;147.38;0.0;0.0;0.0;0.0;0.0;2004;False
1190;4849;230.09;0.0;0.0;0.0;0.0;0.0;2004;False
1191;2809;133.29;0.0;0.0;0.0;0.0;0.0;2004;False
1192;3002;142.44;0.0;0.0;0.0;0.0;0.0;2004;False
1193;4053;192.31;0.0;0.0;0.0;0.0;0.0;2004;False
1194;8760;415.66;0.0;0.0;0.0;0.0;0.0;2004;False
1195;4022;190.84;0.0;0.0;0.0;0.0;0.0;2004;False
1196;3322;157.63;0.0;0.0;0.0;0.0;0.0;2004;False
1197;63841;3029.26;0.0;0.0;0.0;0.0;0.0;2004;False
1198;8378;397.54;0.0;0.0;0.0;0.0;0.0;2004;False
1199;5454;258.79;0.0;0.0;0.0;0.0;0.0;2004;False
1200;6832;324.18;0.0;0.0;0.0;0.0;0.0;2004;False
1201;1895;89.92;0.0;0.0;0.0;0.0;0.0;2004;False
1202;24444;1159.87;0.0;0.0;0.0;0.0;0.0;2004;False
1203;3744;177.65;0.0;0.0;0.0;0.0;0.0;2004;False
1204;22258;1056.14;0.0;0.0;0.0;0.0;0.0;2004;False
1205;3449;163.66;0.0;0.0;0.0;0.0;0.0;2004;False
1206;1664;78.96;0.0;0.0;0.0;0.0;0.0;2004;False
1207;13373;634.55;0.0;0.0;0.0;0.0;0.0;2004;False
1208;61474;2916.94;0.0;0.0;0.0;0.0;0.0;2004;False
1209;5169;245.27;0.0;0.0;0.0;0.0;0.0;2004;False
1210;16966;805.04;0.0;0.0;0.0;0.0;0.0;2004;False
1211;5912;280.52;0.0;0.0;0.0;0.0;0.0;2004;False
1212;2389;113.36;0.0;0.0;0.0;0.0;0.0;2004;False
1213;3015;143.06;0.0;0.0;0.0;0.0;0.0;2004;False
1214;2895;137.37;0.0;0.0;0.0;0.0;0.0;2004;False
1215;5330;252.91;0.0;0.0;0.0;0.0;0.0;2004;False
1216;2820;133.81;0.0;0.0;0.0;0.0;0.0;2004;False
1217;86692;4113.54;1472.7;1472.7;0.36;1.0;0.36;2004;False
1218;2824;134.0;0.0;0.0;0.0;0.0;0.0;2004;False
1219;4519;214.43;0.0;0.0;0.0;0.0;0.0;2004;False
1220;3685;174.85;0.0;0.0;0.0;0.0;0.0;2004;False
1221;2775;131.67;0.0;0.0;0.0;0.0;0.0;2004;False
1222;30089;1427.72;0.0;0.0;0.0;0.0;0.0;2004;False
1223;12668;601.1;0.0;0.0;0.0;0.0;0.0;2004;False
1224;2928;138.93;0.0;0.0;0.0;0.0;0.0;2004;False
1225;103862;4928.25;1092.8;1092.8;0.22;1.0;0.22;2004;False
1226;3221;152.84;0.0;0.0;0.0;0.0;0.0;2004;False
1227;11237;533.2;0.0;0.0;0.0;0.0;0.0;2004;False
1228;5792;274.83;0.0;0.0;0.0;0.0;0.0;2004;False
1229;3174;150.61;0.0;0.0;0.0;0.0;0.0;2004;False
1230;4374;207.55;0.0;0.0;0.0;0.0;0.0;2004;False
985;5075;240.81;0.0;0.0;0.0;0.0;0.0;2003;False
986;10910;517.68;0.0;0.0;0.0;0.0;0.0;2003;False
987;17704;840.05;0.0;0.0;0.0;0.0;0.0;2003;False
988;2254;106.95;0.0;0.0;0.0;0.0;0.0;2003;False
989;4172;197.96;0.0;0.0;0.0;0.0;0.0;2003;False
990;2059;97.7;0.0;0.0;0.0;0.0;0.0;2003;False
991;119251;5658.46;0.0;0.0;0.0;0.0;0.0;2003;False
992;19094;906.01;0.0;0.0;0.0;0.0;0.0;2003;False
993;1959;92.95;0.0;0.0;0.0;0.0;0.0;2003;False
994;2430;115.3;0.0;0.0;0.0;0.0;0.0;2003;False
995;6135;291.11;0.0;0.0;0.0;0.0;0.0;2003;False
996;6872;326.08;10.1;0.0;0.03;0.0;0.0;2003;False
997;2793;132.53;0.0;0.0;0.0;0.0;0.0;2003;False
998;4473;212.24;0.0;0.0;0.0;0.0;0.0;2003;False
999;3663;173.81;0.0;0.0;0.0;0.0;0.0;2003;False
1000;269204;12773.73;6472.3;6472.3;0.51;1.0;0.51;2003;False
1001;815;38.67;0.0;0.0;0.0;0.0;0.0;2003;False
1002;17085;810.68;230.8;230.8;0.28;1.0;0.28;2003;False
1003;347649;16495.95;2927.9;2518.0;0.18;0.86;0.15;2003;False
1004;2313;109.75;0.0;0.0;0.0;0.0;0.0;2003;False
1005;3126;148.33;0.0;0.0;0.0;0.0;0.0;2003;False
1006;3847;182.54;0.0;0.0;0.0;0.0;0.0;2003;False
1007;15773;748.43;0.0;0.0;0.0;0.0;0.0;2003;False
1008;6285;298.22;0.0;0.0;0.0;0.0;0.0;2003;False
1009;6583;312.36;142.1;142.1;0.45;1.0;0.45;2003;False
1010;3569;169.35;0.0;0.0;0.0;0.0;0.0;2003;False
1011;4651;220.69;0.0;0.0;0.0;0.0;0.0;2003;False
1012;3815;181.02;0.0;0.0;0.0;0.0;0.0;2003;False
1013;2311;109.66;0.0;0.0;0.0;0.0;0.0;2003;False
1014;1533;72.74;0.0;0.0;0.0;0.0;0.0;2003;False
1015;5365;254.57;0.0;0.0;0.0;0.0;0.0;2003;False
1016;18411;873.6;0.0;0.0;0.0;0.0;0.0;2003;False
1017;7307;346.72;0.0;0.0;0.0;0.0;0.0;2003;False
1018;15347;728.22;0.0;0.0;0.0;0.0;0.0;2003;False
1019;5397;256.09;0.0;0.0;0.0;0.0;0.0;2003;False
1020;2335;110.8;0.0;0.0;0.0;0.0;0.0;2003;False
1021;2624;124.51;0.0;0.0;0.0;0.0;0.0;2003;False
1022;4931;233.98;0.0;0.0;0.0;0.0;0.0;2003;False
1023;7865;373.19;0.0;0.0;0.0;0.0;0.0;2003;False
1024;2568;121.85;0.0;0.0;0.0;0.0;0.0;2003;False
1025;3146;149.28;0.0;0.0;0.0;0.0;0.0;2003;False
1026;6183;293.38;0.0;0.0;0.0;0.0;0.0;2003;False
1027;7818;370.96;0.0;0.0;0.0;0.0;0.0;2003;False
1028;1369;64.96;0.0;0.0;0.0;0.0;0.0;2003;False
1029;7703;365.51;0.0;0.0;0.0;0.0;0.0;2003;False
1030;9366;444.42;0.0;0.0;0.0;0.0;0.0;2003;False
1031;13459;638.63;302.9;302.9;0.47;1.0;0.47;2003;False
1032;51931;2464.13;0.0;0.0;0.0;0.0;0.0;2003;False
1033;2836;134.57;0.0;0.0;0.0;0.0;0.0;2003;False
1034;3096;146.91;0.0;0.0;0.0;0.0;0.0;2003;False
1035;3131;148.57;0.0;0.0;0.0;0.0;0.0;2003;False
1036;9089;431.27;0.0;0.0;0.0;0.0;0.0;2003;False
1037;4086;193.88;0.0;0.0;0.0;0.0;0.0;2003;False
1038;4455;211.39;0.0;0.0;0.0;0.0;0.0;2003;False
1039;16031;760.67;0.0;0.0;0.0;0.0;0.0;2003;False
1040;4884;231.75;0.0;0.0;0.0;0.0;0.0;2003;False
1041;7021;333.15;0.0;0.0;0.0;0.0;0.0;2003;False
1042;3719;176.47;0.0;0.0;0.0;0.0;0.0;2003;False
1043;60896;2889.52;384.2;384.2;0.13;1.0;0.13;2003;False
1044;3963;188.04;0.0;0.0;0.0;0.0;0.0;2003;False
1045;8537;405.08;0.0;0.0;0.0;0.0;0.0;2003;False
1046;17345;823.02;0.0;0.0;0.0;0.0;0.0;2003;False
1047;6095;289.21;0.0;0.0;0.0;0.0;0.0;2003;False
1048;3998;189.71;0.0;0.0;0.0;0.0;0.0;2003;False
1049;39618;1879.87;855.3;855.3;0.45;1.0;0.45;2003;False
1050;14392;682.9;0.0;0.0;0.0;0.0;0.0;2003;False
1051;3410;161.8;0.0;0.0;0.0;0.0;0.0;2003;False
1052;2596;123.18;0.0;0.0;0.0;0.0;0.0;2003;False
1053;8843;419.6;0.0;0.0;0.0;0.0;0.0;2003;False
1054;6322;299.98;0.0;0.0;0.0;0.0;0.0;2003;False
1055;33356;1582.74;0.0;0.0;0.0;0.0;0.0;2003;False
1056;2790;132.39;0.0;0.0;0.0;0.0;0.0;2003;False
1057;11980;568.45;0.0;0.0;0.0;0.0;0.0;2003;False
1058;3376;160.19;0.0;0.0;0.0;0.0;0.0;2003;False
1059;2864;135.9;0.0;0.0;0.0;0.0;0.0;2003;False
1060;2878;136.56;0.0;0.0;0.0;0.0;0.0;2003;False
1061;2317;109.94;0.0;0.0;0.0;0.0;0.0;2003;False
1062;1835;87.07;0.0;0.0;0.0;0.0;0.0;2003;False
1063;2216;105.15;0.0;0.0;0.0;0.0;0.0;2003;False
1064;4710;223.49;0.0;0.0;0.0;0.0;0.0;2003;False
1065;7266;344.77;0.0;0.0;0.0;0.0;0.0;2003;False
1066;3367;159.76;0.0;0.0;0.0;0.0;0.0;2003;False
1067;9570;454.1;0.0;0.0;0.0;0.0;0.0;2003;False
1068;3070;145.67;0.0;0.0;0.0;0.0;0.0;2003;False
1069;6536;310.13;0.0;0.0;0.0;0.0;0.0;2003;False
1070;6384;302.92;0.0;0.0;0.0;0.0;0.0;2003;False
1071;8989;426.53;0.0;0.0;0.0;0.0;0.0;2003;False
1072;7464;354.17;0.0;0.0;0.0;0.0;0.0;2003;False
1073;76162;3613.89;0.0;0.0;0.0;0.0;0.0;2003;False
1074;4888;231.94;0.0;0.0;0.0;0.0;0.0;2003;False
1075;2426;115.11;0.0;0.0;0.0;0.0;0.0;2003;False
1076;10591;502.54;0.0;0.0;0.0;0.0;0.0;2003;False
1077;4372;207.45;0.0;0.0;0.0;0.0;0.0;2003;False
1078;45951;2180.37;752.8;752.8;0.35;1.0;0.35;2003;False
1079;1034819;49102.16;56750.8;4533.6;1.16;0.08;0.09;2003;False
1080;19073;905.01;0.0;0.0;0.0;0.0;0.0;2003;False
1081;24302;1153.13;0.0;0.0;0.0;0.0;0.0;2003;False
1082;28459;1350.38;212.1;0.0;0.16;0.0;0.0;2003;False
1083;3584;170.06;0.0;0.0;0.0;0.0;0.0;2003;False
1084;13110;622.07;0.0;0.0;0.0;0.0;0.0;2003;False
1085;2540;120.52;0.0;0.0;0.0;0.0;0.0;2003;False
1086;3964;188.09;0.0;0.0;0.0;0.0;0.0;2003;False
1087;2326;110.37;0.0;0.0;0.0;0.0;0.0;2003;False
1088;3228;153.17;0.0;0.0;0.0;0.0;0.0;2003;False
1089;12602;597.96;0.0;0.0;0.0;0.0;0.0;2003;False
1090;3986;189.14;0.0;0.0;0.0;0.0;0.0;2003;False
1091;10404;493.67;0.0;0.0;0.0;0.0;0.0;2003;False
1092;4808;228.14;0.0;0.0;0.0;0.0;0.0;2003;False
1093;11217;532.25;0.0;0.0;0.0;0.0;0.0;2003;False
1094;41172;1953.61;616.7;616.7;0.32;1.0;0.32;2003;False
1095;20940;993.6;0.0;0.0;0.0;0.0;0.0;2003;False
1096;2521;119.62;0.0;0.0;0.0;0.0;0.0;2003;False
1097;28709;1362.24;0.0;0.0;0.0;0.0;0.0;2003;False
1098;2614;124.03;0.0;0.0;0.0;0.0;0.0;2003;False
1099;26013;1234.32;21.2;0.0;0.02;0.0;0.0;2003;False
1100;4042;191.79;0.0;0.0;0.0;0.0;0.0;2003;False
1101;4933;234.07;0.0;0.0;0.0;0.0;0.0;2003;False
1102;5206;247.02;0.0;0.0;0.0;0.0;0.0;2003;False
1103;12934;613.72;0.0;0.0;0.0;0.0;0.0;2003;False
1104;10303;488.88;0.0;0.0;0.0;0.0;0.0;2003;False
1105;23657;1122.52;0.0;0.0;0.0;0.0;0.0;2003;False
1106;4802;227.85;0.0;0.0;0.0;0.0;0.0;2003;False
1107;7361;349.28;0.0;0.0;0.0;0.0;0.0;2003;False
1108;75429;3579.11;2438.8;0.0;0.68;0.0;0.0;2003;False
1109;2695;127.88;0.0;0.0;0.0;0.0;0.0;2003;False
1110;5689;269.94;0.0;0.0;0.0;0.0;0.0;2003;False
1111;31470;1493.25;0.0;0.0;0.0;0.0;0.0;2003;False
1112;71688;3401.6;2093.6;2093.6;0.62;1.0;0.62;2003;False
1113;2847;135.09;0.0;0.0;0.0;0.0;0.0;2003;False
1114;1924;91.29;0.0;0.0;0.0;0.0;0.0;2003;False
1115;6367;302.11;0.0;0.0;0.0;0.0;0.0;2003;False
1116;17843;846.65;0.0;0.0;0.0;0.0;0.0;2003;False
1117;847;40.19;0.0;0.0;0.0;0.0;0.0;2003;False
1118;7120;337.84;0.0;0.0;0.0;0.0;0.0;2003;False
1119;144761;6868.91;344.2;0.0;0.05;0.0;0.0;2003;False
1120;2096;99.46;0.0;0.0;0.0;0.0;0.0;2003;False
1121;4616;219.03;0.0;0.0;0.0;0.0;0.0;2003;False
1122;10543;500.27;122.5;122.5;0.24;1.0;0.24;2003;False
1123;1877;89.06;0.0;0.0;0.0;0.0;0.0;2003;False
1124;4262;202.23;0.0;0.0;0.0;0.0;0.0;2003;False
1125;8556;405.98;0.0;0.0;0.0;0.0;0.0;2003;False
1126;2265;107.47;0.0;0.0;0.0;0.0;0.0;2003;False
1127;30712;1457.28;106.9;106.9;0.07;1.0;0.07;2003;False
1128;37427;1775.91;0.0;0.0;0.0;0.0;0.0;2003;False
1129;1762;83.61;0.0;0.0;0.0;0.0;0.0;2003;False
1130;5923;281.05;0.0;0.0;0.0;0.0;0.0;2003;False
1131;7087;336.28;0.0;0.0;0.0;0.0;0.0;2003;False
1132;7580;359.67;0.0;0.0;0.0;0.0;0.0;2003;False
1133;3789;179.79;0.0;0.0;0.0;0.0;0.0;2003;False
1134;34621;1642.77;612.1;612.1;0.37;1.0;0.37;2003;False
1135;2237;106.15;0.0;0.0;0.0;0.0;0.0;2003;False
1136;4900;232.51;0.0;0.0;0.0;0.0;0.0;2003;False
1137;10407;493.81;0.0;0.0;0.0;0.0;0.0;2003;False
1138;8053;382.11;0.0;0.0;0.0;0.0;0.0;2003;False
1139;3543;168.12;0.0;0.0;0.0;0.0;0.0;2003;False
1140;6094;289.16;0.0;0.0;0.0;0.0;0.0;2003;False
1141;18328;869.66;0.0;0.0;0.0;0.0;0.0;2003;False
1142;34221;1623.79;5.3;0.0;0.0;0.0;0.0;2003;False
1143;2017;95.71;0.0;0.0;0.0;0.0;0.0;2003;False
1144;1762;83.61;0.0;0.0;0.0;0.0;0.0;2003;False
1145;9975;473.31;0.0;0.0;0.0;0.0;0.0;2003;False
1146;8197;388.95;0.0;0.0;0.0;0.0;0.0;2003;False
1147;2312;109.7;0.0;0.0;0.0;0.0;0.0;2003;False
1148;3078;146.05;0.0;0.0;0.0;0.0;0.0;2003;False
1149;6183;293.38;0.0;0.0;0.0;0.0;0.0;2003;False
1150;3603;170.96;0.0;0.0;0.0;0.0;0.0;2003;False
1151;75459;3580.53;520.7;520.7;0.15;1.0;0.15;2003;False
1152;2831;134.33;0.0;0.0;0.0;0.0;0.0;2003;False
1153;11964;567.69;0.0;0.0;0.0;0.0;0.0;2003;False
1154;3961;187.95;0.0;0.0;0.0;0.0;0.0;2003;False
1155;4014;190.46;0.0;0.0;0.0;0.0;0.0;2003;False
1156;20819;987.86;0.0;0.0;0.0;0.0;0.0;2003;False
1157;3022;143.39;0.0;0.0;0.0;0.0;0.0;2003;False
1158;16421;779.18;0.0;0.0;0.0;0.0;0.0;2003;False
1159;2136;101.35;0.0;0.0;0.0;0.0;0.0;2003;False
1160;3196;151.65;0.0;0.0;0.0;0.0;0.0;2003;False
1161;2583;122.56;0.0;0.0;0.0;0.0;0.0;2003;False
1162;7595;360.38;0.0;0.0;0.0;0.0;0.0;2003;False
1163;10061;477.39;263.7;263.7;0.55;1.0;0.55;2003;False
1164;2896;137.42;0.0;0.0;0.0;0.0;0.0;2003;False
1165;9272;439.96;0.0;0.0;0.0;0.0;0.0;2003;False
1166;2595;123.13;0.0;0.0;0.0;0.0;0.0;2003;False
1167;21578;1023.88;0.0;0.0;0.0;0.0;0.0;2003;False
1168;10948;519.48;0.0;0.0;0.0;0.0;0.0;2003;False
1169;19180;910.09;0.0;0.0;0.0;0.0;0.0;2003;False
1170;24821;1177.76;324.4;324.4;0.28;1.0;0.28;2003;False
1171;75882;3600.6;0.0;0.0;0.0;0.0;0.0;2003;False
1172;15259;724.04;0.0;0.0;0.0;0.0;0.0;2003;False
1173;36065;1711.28;0.0;0.0;0.0;0.0;0.0;2003;False
1174;2609;123.8;0.0;0.0;0.0;0.0;0.0;2003;False
1175;3524;167.21;0.0;0.0;0.0;0.0;0.0;2003;False
1176;24042;1140.79;0.0;0.0;0.0;0.0;0.0;2003;False
1177;3233;153.41;0.0;0.0;0.0;0.0;0.0;2003;False
1178;33588;1593.75;1370.0;1370.0;0.86;1.0;0.86;2003;False
1179;9579;454.52;0.0;0.0;0.0;0.0;0.0;2003;False
1180;3961;187.95;0.0;0.0;0.0;0.0;0.0;2003;False
1181;2243;106.43;0.0;0.0;0.0;0.0;0.0;2003;False
1182;112639;5344.72;3195.3;3195.3;0.6;1.0;0.6;2003;False
1183;16720;793.36;0.0;0.0;0.0;0.0;0.0;2003;False
1184;6848;324.94;0.0;0.0;0.0;0.0;0.0;2003;False
1185;4772;226.43;0.0;0.0;0.0;0.0;0.0;2003;False
1186;3190;151.37;0.0;0.0;0.0;0.0;0.0;2003;False
1187;3842;182.3;0.0;0.0;0.0;0.0;0.0;2003;False
1188;31580;1498.47;0.0;0.0;0.0;0.0;0.0;2003;False
1189;3161;149.99;0.0;0.0;0.0;0.0;0.0;2003;False
1190;4746;225.2;0.0;0.0;0.0;0.0;0.0;2003;False
1191;2778;131.82;0.0;0.0;0.0;0.0;0.0;2003;False
1192;3082;146.24;0.0;0.0;0.0;0.0;0.0;2003;False
1193;4128;195.87;0.0;0.0;0.0;0.0;0.0;2003;False
1194;9595;455.28;0.0;0.0;0.0;0.0;0.0;2003;False
1195;3877;183.96;0.0;0.0;0.0;0.0;0.0;2003;False
1196;3115;147.81;0.0;0.0;0.0;0.0;0.0;2003;False
1197;57055;2707.26;0.0;0.0;0.0;0.0;0.0;2003;False
1198;8507;403.66;0.0;0.0;0.0;0.0;0.0;2003;False
1199;5449;258.56;0.0;0.0;0.0;0.0;0.0;2003;False
1200;6532;309.94;0.0;0.0;0.0;0.0;0.0;2003;False
1201;1868;88.64;0.0;0.0;0.0;0.0;0.0;2003;False
1202;24195;1148.05;0.0;0.0;0.0;0.0;0.0;2003;False
1203;3723;176.66;0.0;0.0;0.0;0.0;0.0;2003;False
1204;21587;1024.3;165.4;165.4;0.16;1.0;0.16;2003;False
1205;3327;157.87;0.0;0.0;0.0;0.0;0.0;2003;False
1206;1661;78.81;0.0;0.0;0.0;0.0;0.0;2003;False
1207;12919;613.01;0.0;0.0;0.0;0.0;0.0;2003;False
1208;56070;2660.52;0.0;0.0;0.0;0.0;0.0;2003;False
1209;5429;257.61;0.0;0.0;0.0;0.0;0.0;2003;False
1210;16588;787.1;0.0;0.0;0.0;0.0;0.0;2003;False
1211;5793;274.88;0.0;0.0;0.0;0.0;0.0;2003;False
1212;2401;113.93;0.0;0.0;0.0;0.0;0.0;2003;False
1213;3105;147.33;0.0;0.0;0.0;0.0;0.0;2003;False
1214;2670;126.69;0.0;0.0;0.0;0.0;0.0;2003;False
1215;5034;238.86;0.0;0.0;0.0;0.0;0.0;2003;False
1216;2715;128.83;0.0;0.0;0.0;0.0;0.0;2003;False
1217;81440;3864.33;1483.9;1483.9;0.38;1.0;0.38;2003;False
1218;2934;139.22;0.0;0.0;0.0;0.0;0.0;2003;False
1219;4565;216.61;0.0;0.0;0.0;0.0;0.0;2003;False
1220;3484;165.32;0.0;0.0;0.0;0.0;0.0;2003;False
1221;2763;131.1;0.0;0.0;0.0;0.0;0.0;2003;False
1222;30163;1431.23;0.0;0.0;0.0;0.0;0.0;2003;False
1223;12635;599.53;29.5;29.5;0.05;1.0;0.05;2003;False
1224;2877;136.51;0.0;0.0;0.0;0.0;0.0;2003;False
1225;96583;4582.86;1114.8;1114.8;0.24;1.0;0.24;2003;False
1226;3203;151.98;0.0;0.0;0.0;0.0;0.0;2003;False
1227;10823;513.55;0.0;0.0;0.0;0.0;0.0;2003;False
1228;5647;267.95;0.0;0.0;0.0;0.0;0.0;2003;False
1229;3092;146.72;0.0;0.0;0.0;0.0;0.0;2003;False
1230;4247;201.52;0.0;0.0;0.0;0.0;0.0;2003;False
985;4889;231.98;0.0;0.0;0.0;0.0;0.0;2002;False
986;10729;509.09;0.0;0.0;0.0;0.0;0.0;2002;False
987;17330;822.31;0.0;0.0;0.0;0.0;0.0;2002;False
988;2243;106.43;0.0;0.0;0.0;0.0;0.0;2002;False
989;4128;195.87;0.0;0.0;0.0;0.0;0.0;2002;False
990;2036;96.61;0.0;0.0;0.0;0.0;0.0;2002;False
991;111715;5300.88;0.0;0.0;0.0;0.0;0.0;2002;False
992;18779;891.06;0.0;0.0;0.0;0.0;0.0;2002;False
993;1947;92.39;0.0;0.0;0.0;0.0;0.0;2002;False
994;2394;113.6;0.0;0.0;0.0;0.0;0.0;2002;False
995;5959;282.75;0.0;0.0;0.0;0.0;0.0;2002;False
996;6858;325.41;0.0;0.0;0.0;0.0;0.0;2002;False
997;2788;132.29;0.0;0.0;0.0;0.0;0.0;2002;False
998;4467;211.96;0.0;0.0;0.0;0.0;0.0;2002;False
999;3688;175.0;0.0;0.0;0.0;0.0;0.0;2002;False
1000;264978;12573.21;6906.5;6906.5;0.55;1.0;0.55;2002;False
1001;812;38.53;0.0;0.0;0.0;0.0;0.0;2002;False
1002;17036;808.36;185.1;185.1;0.23;1.0;0.23;2002;False
1003;333727;15835.35;3031.2;2606.8;0.19;0.86;0.16;2002;False
1004;2267;107.57;0.0;0.0;0.0;0.0;0.0;2002;False
1005;3115;147.81;0.0;0.0;0.0;0.0;0.0;2002;False
1006;3809;180.74;0.0;0.0;0.0;0.0;0.0;2002;False
1007;15522;736.52;0.0;0.0;0.0;0.0;0.0;2002;False
1008;6132;290.96;0.0;0.0;0.0;0.0;0.0;2002;False
1009;6588;312.6;98.1;98.1;0.31;1.0;0.31;2002;False
1010;3582;169.97;0.0;0.0;0.0;0.0;0.0;2002;False
1011;4635;219.93;0.0;0.0;0.0;0.0;0.0;2002;False
1012;3818;181.16;0.0;0.0;0.0;0.0;0.0;2002;False
1013;2296;108.95;0.0;0.0;0.0;0.0;0.0;2002;False
1014;1696;80.48;0.0;0.0;0.0;0.0;0.0;2002;False
1015;5454;258.79;0.0;0.0;0.0;0.0;0.0;2002;False
1016;18072;857.52;0.0;0.0;0.0;0.0;0.0;2002;False
1017;7299;346.34;0.0;0.0;0.0;0.0;0.0;2002;False
1018;15135;718.16;0.0;0.0;0.0;0.0;0.0;2002;False
1019;5218;247.59;0.0;0.0;0.0;0.0;0.0;2002;False
1020;2339;110.99;0.0;0.0;0.0;0.0;0.0;2002;False
1021;2585;122.66;0.0;0.0;0.0;0.0;0.0;2002;False
1022;4879;231.51;0.0;0.0;0.0;0.0;0.0;2002;False
1023;7866;373.24;0.0;0.0;0.0;0.0;0.0;2002;False
1024;2515;119.34;0.0;0.0;0.0;0.0;0.0;2002;False
1025;3116;147.85;0.0;0.0;0.0;0.0;0.0;2002;False
1026;6157;292.15;0.0;0.0;0.0;0.0;0.0;2002;False
1027;7814;370.77;0.0;0.0;0.0;0.0;0.0;2002;False
1028;1364;64.72;0.0;0.0;0.0;0.0;0.0;2002;False
1029;7701;365.41;0.0;0.0;0.0;0.0;0.0;2002;False
1030;9424;447.17;0.0;0.0;0.0;0.0;0.0;2002;False
1031;13391;635.4;335.9;335.9;0.53;1.0;0.53;2002;False
1032;49682;2357.41;0.0;0.0;0.0;0.0;0.0;2002;False
1033;2756;130.77;0.0;0.0;0.0;0.0;0.0;2002;False
1034;3021;143.35;0.0;0.0;0.0;0.0;0.0;2002;False
1035;3199;151.79;0.0;0.0;0.0;0.0;0.0;2002;False
1036;8967;425.48;0.0;0.0;0.0;0.0;0.0;2002;False
1037;4086;193.88;0.0;0.0;0.0;0.0;0.0;2002;False
1038;4386;208.12;0.0;0.0;0.0;0.0;0.0;2002;False
1039;15828;751.04;0.0;0.0;0.0;0.0;0.0;2002;False
1040;5642;267.71;0.0;0.0;0.0;0.0;0.0;2002;False
1041;7068;335.38;0.0;0.0;0.0;0.0;0.0;2002;False
1042;3651;173.24;0.0;0.0;0.0;0.0;0.0;2002;False
1043;59965;2845.34;0.0;0.0;0.0;0.0;0.0;2002;False
1044;3946;187.24;0.0;0.0;0.0;0.0;0.0;2002;False
1045;8450;400.95;0.0;0.0;0.0;0.0;0.0;2002;False
1046;17397;825.49;0.0;0.0;0.0;0.0;0.0;2002;False
1047;6027;285.98;0.0;0.0;0.0;0.0;0.0;2002;False
1048;3812;180.88;0.0;0.0;0.0;0.0;0.0;2002;False
1049;38616;1832.33;929.4;929.4;0.51;1.0;0.51;2002;False
1050;14016;665.06;0.0;0.0;0.0;0.0;0.0;2002;False
1051;3388;160.76;0.0;0.0;0.0;0.0;0.0;2002;False
1052;2624;124.51;0.0;0.0;0.0;0.0;0.0;2002;False
1053;8810;418.03;0.0;0.0;0.0;0.0;0.0;2002;False
1054;6222;295.23;0.0;0.0;0.0;0.0;0.0;2002;False
1055;32546;1544.31;0.0;0.0;0.0;0.0;0.0;2002;False
1056;2743;130.16;0.0;0.0;0.0;0.0;0.0;2002;False
1057;12382;587.53;0.0;0.0;0.0;0.0;0.0;2002;False
1058;3354;159.15;0.0;0.0;0.0;0.0;0.0;2002;False
1059;2845;135.0;0.0;0.0;0.0;0.0;0.0;2002;False
1060;2911;138.13;0.0;0.0;0.0;0.0;0.0;2002;False
1061;2319;110.04;0.0;0.0;0.0;0.0;0.0;2002;False
1062;1902;90.25;0.0;0.0;0.0;0.0;0.0;2002;False
1063;2229;105.77;0.0;0.0;0.0;0.0;0.0;2002;False
1064;4697;222.87;0.0;0.0;0.0;0.0;0.0;2002;False
1065;7412;351.7;0.0;0.0;0.0;0.0;0.0;2002;False
1066;3388;160.76;0.0;0.0;0.0;0.0;0.0;2002;False
1067;9463;449.02;0.0;0.0;0.0;0.0;0.0;2002;False
1068;3069;145.62;0.0;0.0;0.0;0.0;0.0;2002;False
1069;6587;312.55;0.0;0.0;0.0;0.0;0.0;2002;False
1070;6390;303.21;0.0;0.0;0.0;0.0;0.0;2002;False
1071;8975;425.86;0.0;0.0;0.0;0.0;0.0;2002;False
1072;7248;343.92;0.0;0.0;0.0;0.0;0.0;2002;False
1073;74529;3536.4;0.0;0.0;0.0;0.0;0.0;2002;False
1074;4937;234.26;0.0;0.0;0.0;0.0;0.0;2002;False
1075;2399;113.83;0.0;0.0;0.0;0.0;0.0;2002;False
1076;10287;488.12;0.0;0.0;0.0;0.0;0.0;2002;False
1077;4408;209.16;0.0;0.0;0.0;0.0;0.0;2002;False
1078;45455;2156.84;809.9;809.9;0.38;1.0;0.38;2002;False
1079;1019621;48381.02;59242.7;4739.4;1.22;0.08;0.1;2002;False
1080;18384;872.32;0.0;0.0;0.0;0.0;0.0;2002;False
1081;24361;1155.93;0.0;0.0;0.0;0.0;0.0;2002;False
1082;28348;1345.11;228.6;0.0;0.17;0.0;0.0;2002;False
1083;3595;170.58;0.0;0.0;0.0;0.0;0.0;2002;False
1084;12922;613.15;0.0;0.0;0.0;0.0;0.0;2002;False
1085;2535;120.29;0.0;0.0;0.0;0.0;0.0;2002;False
1086;4046;191.98;0.0;0.0;0.0;0.0;0.0;2002;False
1087;2403;114.02;0.0;0.0;0.0;0.0;0.0;2002;False
1088;3190;151.37;0.0;0.0;0.0;0.0;0.0;2002;False
1089;12353;586.15;0.0;0.0;0.0;0.0;0.0;2002;False
1090;4024;190.94;0.0;0.0;0.0;0.0;0.0;2002;False
1091;10338;490.54;0.0;0.0;0.0;0.0;0.0;2002;False
1092;4783;226.95;0.0;0.0;0.0;0.0;0.0;2002;False
1093;11043;523.99;0.0;0.0;0.0;0.0;0.0;2002;False
1094;40684;1930.46;649.2;649.2;0.34;1.0;0.34;2002;False
1095;20779;985.96;0.0;0.0;0.0;0.0;0.0;2002;False
1096;2529;120.0;0.0;0.0;0.0;0.0;0.0;2002;False
1097;28566;1355.46;0.0;0.0;0.0;0.0;0.0;2002;False
1098;2645;125.51;0.0;0.0;0.0;0.0;0.0;2002;False
1099;25747;1221.7;23.0;0.0;0.02;0.0;0.0;2002;False
1100;4016;190.56;0.0;0.0;0.0;0.0;0.0;2002;False
1101;4999;237.2;0.0;0.0;0.0;0.0;0.0;2002;False
1102;5173;245.46;0.0;0.0;0.0;0.0;0.0;2002;False
1103;12821;608.36;0.0;0.0;0.0;0.0;0.0;2002;False
1104;10144;481.33;0.0;0.0;0.0;0.0;0.0;2002;False
1105;23812;1129.88;0.0;0.0;0.0;0.0;0.0;2002;False
1106;4838;229.56;0.0;0.0;0.0;0.0;0.0;2002;False
1107;7397;350.99;0.0;0.0;0.0;0.0;0.0;2002;False
1108;74825;3550.45;2579.5;0.0;0.73;0.0;0.0;2002;False
1109;2696;127.93;0.0;0.0;0.0;0.0;0.0;2002;False
1110;5700;270.47;0.0;0.0;0.0;0.0;0.0;2002;False
1111;31020;1471.9;0.0;0.0;0.0;0.0;0.0;2002;False
1112;70558;3347.98;2220.1;2220.1;0.66;1.0;0.66;2002;False
1113;2847;135.09;0.0;0.0;0.0;0.0;0.0;2002;False
1114;1922;91.2;0.0;0.0;0.0;0.0;0.0;2002;False
1115;6324;300.07;0.0;0.0;0.0;0.0;0.0;2002;False
1116;17920;850.3;0.0;0.0;0.0;0.0;0.0;2002;False
1117;842;39.95;0.0;0.0;0.0;0.0;0.0;2002;False
1118;7085;336.18;0.0;0.0;0.0;0.0;0.0;2002;False
1119;139252;6607.51;0.0;0.0;0.0;0.0;0.0;2002;False
1120;2120;100.59;0.0;0.0;0.0;0.0;0.0;2002;False
1121;4537;215.28;0.0;0.0;0.0;0.0;0.0;2002;False
1122;10618;503.82;97.6;97.6;0.19;1.0;0.19;2002;False
1123;1831;86.88;0.0;0.0;0.0;0.0;0.0;2002;False
1124;4204;199.48;0.0;0.0;0.0;0.0;0.0;2002;False
1125;8411;399.1;0.0;0.0;0.0;0.0;0.0;2002;False
1126;2348;111.41;0.0;0.0;0.0;0.0;0.0;2002;False
1127;30595;1451.73;140.2;140.2;0.1;1.0;0.1;2002;False
1128;36731;1742.89;0.0;0.0;0.0;0.0;0.0;2002;False
1129;1782;84.56;0.0;0.0;0.0;0.0;0.0;2002;False
1130;6018;285.55;0.0;0.0;0.0;0.0;0.0;2002;False
1131;7127;338.18;0.0;0.0;0.0;0.0;0.0;2002;False
1132;7391;350.7;0.0;0.0;0.0;0.0;0.0;2002;False
1133;3672;174.24;0.0;0.0;0.0;0.0;0.0;2002;False
1134;34233;1624.36;398.5;389.5;0.25;0.98;0.24;2002;False
1135;2240;106.29;0.0;0.0;0.0;0.0;0.0;2002;False
1136;5006;237.53;0.0;0.0;0.0;0.0;0.0;2002;False
1137;10310;489.21;0.0;0.0;0.0;0.0;0.0;2002;False
1138;7821;371.11;0.0;0.0;0.0;0.0;0.0;2002;False
1139;3553;168.59;0.0;0.0;0.0;0.0;0.0;2002;False
1140;6060;287.55;0.0;0.0;0.0;0.0;0.0;2002;False
1141;17835;846.27;0.0;0.0;0.0;0.0;0.0;2002;False
1142;34414;1632.94;5.5;0.0;0.0;0.0;0.0;2002;False
1143;2003;95.04;0.0;0.0;0.0;0.0;0.0;2002;False
1144;1755;83.27;0.0;0.0;0.0;0.0;0.0;2002;False
1145;9978;473.46;0.0;0.0;0.0;0.0;0.0;2002;False
1146;8158;387.1;0.0;0.0;0.0;0.0;0.0;2002;False
1147;2365;112.22;0.0;0.0;0.0;0.0;0.0;2002;False
1148;3166;150.23;0.0;0.0;0.0;0.0;0.0;2002;False
1149;6059;287.5;0.0;0.0;0.0;0.0;0.0;2002;False
1150;3657;173.52;0.0;0.0;0.0;0.0;0.0;2002;False
1151;72827;3455.64;0.0;0.0;0.0;0.0;0.0;2002;False
1152;2916;138.36;0.0;0.0;0.0;0.0;0.0;2002;False
1153;11911;565.18;0.0;0.0;0.0;0.0;0.0;2002;False
1154;3953;187.57;0.0;0.0;0.0;0.0;0.0;2002;False
1155;3964;188.09;0.0;0.0;0.0;0.0;0.0;2002;False
1156;20377;966.89;0.0;0.0;0.0;0.0;0.0;2002;False
1157;3011;142.87;0.0;0.0;0.0;0.0;0.0;2002;False
1158;16317;774.24;0.0;0.0;0.0;0.0;0.0;2002;False
1159;2120;100.59;0.0;0.0;0.0;0.0;0.0;2002;False
1160;3202;151.93;0.0;0.0;0.0;0.0;0.0;2002;False
1161;2558;121.38;0.0;0.0;0.0;0.0;0.0;2002;False
1162;7531;357.35;0.0;0.0;0.0;0.0;0.0;2002;False
1163;9972;473.17;0.0;0.0;0.0;0.0;0.0;2002;False
1164;2777;131.77;0.0;0.0;0.0;0.0;0.0;2002;False
1165;9304;441.47;0.0;0.0;0.0;0.0;0.0;2002;False
1166;2728;129.44;0.0;0.0;0.0;0.0;0.0;2002;False
1167;21479;1019.18;0.0;0.0;0.0;0.0;0.0;2002;False
1168;10994;521.67;0.0;0.0;0.0;0.0;0.0;2002;False
1169;19181;910.14;0.0;0.0;0.0;0.0;0.0;2002;False
1170;24460;1160.63;337.4;337.4;0.29;1.0;0.29;2002;False
1171;72927;3460.39;0.0;0.0;0.0;0.0;0.0;2002;False
1172;15160;719.34;0.0;0.0;0.0;0.0;0.0;2002;False
1173;35965;1706.54;0.0;0.0;0.0;0.0;0.0;2002;False
1174;2590;122.9;0.0;0.0;0.0;0.0;0.0;2002;False
1175;3465;164.41;0.0;0.0;0.0;0.0;0.0;2002;False
1176;23775;1128.12;0.0;0.0;0.0;0.0;0.0;2002;False
1177;3182;150.99;0.0;0.0;0.0;0.0;0.0;2002;False
1178;33391;1584.4;1510.2;1510.2;0.95;1.0;0.95;2002;False
1179;9465;449.11;0.0;0.0;0.0;0.0;0.0;2002;False
1180;3954;187.62;0.0;0.0;0.0;0.0;0.0;2002;False
1181;2132;101.16;0.0;0.0;0.0;0.0;0.0;2002;False
1182;110291;5233.31;3421.1;3421.1;0.65;1.0;0.65;2002;False
1183;16597;787.53;0.0;0.0;0.0;0.0;0.0;2002;False
1184;6832;324.18;0.0;0.0;0.0;0.0;0.0;2002;False
1185;4679;222.02;0.0;0.0;0.0;0.0;0.0;2002;False
1186;3172;150.51;0.0;0.0;0.0;0.0;0.0;2002;False
1187;3793;179.98;0.0;0.0;0.0;0.0;0.0;2002;False
1188;31457;1492.63;0.0;0.0;0.0;0.0;0.0;2002;False
1189;3187;151.22;0.0;0.0;0.0;0.0;0.0;2002;False
1190;4697;222.87;0.0;0.0;0.0;0.0;0.0;2002;False
1191;2763;131.1;0.0;0.0;0.0;0.0;0.0;2002;False
1192;3121;148.09;0.0;0.0;0.0;0.0;0.0;2002;False
1193;4164;197.58;0.0;0.0;0.0;0.0;0.0;2002;False
1194;9992;474.12;0.0;0.0;0.0;0.0;0.0;2002;False
1195;3807;180.64;0.0;0.0;0.0;0.0;0.0;2002;False
1196;3016;143.11;0.0;0.0;0.0;0.0;0.0;2002;False
1197;53822;2553.85;0.0;0.0;0.0;0.0;0.0;2002;False
1198;8568;406.55;0.0;0.0;0.0;0.0;0.0;2002;False
1199;5447;258.46;0.0;0.0;0.0;0.0;0.0;2002;False
1200;6389;303.16;0.0;0.0;0.0;0.0;0.0;2002;False
1201;1855;88.02;0.0;0.0;0.0;0.0;0.0;2002;False
1202;24076;1142.41;0.0;0.0;0.0;0.0;0.0;2002;False
1203;3713;176.18;0.0;0.0;0.0;0.0;0.0;2002;False
1204;21268;1009.17;146.7;146.7;0.15;1.0;0.15;2002;False
1205;3268;155.07;0.0;0.0;0.0;0.0;0.0;2002;False
1206;1659;78.72;0.0;0.0;0.0;0.0;0.0;2002;False
1207;12702;602.71;0.0;0.0;0.0;0.0;0.0;2002;False
1208;53495;2538.34;0.0;0.0;0.0;0.0;0.0;2002;False
1209;5553;263.49;0.0;0.0;0.0;0.0;0.0;2002;False
1210;16408;778.56;0.0;0.0;0.0;0.0;0.0;2002;False
1211;5737;272.22;0.0;0.0;0.0;0.0;0.0;2002;False
1212;2408;114.26;0.0;0.0;0.0;0.0;0.0;2002;False
1213;3147;149.33;0.0;0.0;0.0;0.0;0.0;2002;False
1214;2564;121.66;0.0;0.0;0.0;0.0;0.0;2002;False
1215;4893;232.17;0.0;0.0;0.0;0.0;0.0;2002;False
1216;2664;126.41;0.0;0.0;0.0;0.0;0.0;2002;False
1217;78937;3745.56;1597.4;1597.4;0.43;1.0;0.43;2002;False
1218;2987;141.73;0.0;0.0;0.0;0.0;0.0;2002;False
1219;4587;217.65;0.0;0.0;0.0;0.0;0.0;2002;False
1220;3388;160.76;0.0;0.0;0.0;0.0;0.0;2002;False
1221;2759;130.91;0.0;0.0;0.0;0.0;0.0;2002;False
1222;30198;1432.9;0.0;0.0;0.0;0.0;0.0;2002;False
1223;12618;598.72;33.0;0.0;0.06;0.0;0.0;2002;False
1224;2854;135.42;0.0;0.0;0.0;0.0;0.0;2002;False
1225;93116;4418.35;993.7;993.7;0.22;1.0;0.22;2002;False
1226;3195;151.6;0.0;0.0;0.0;0.0;0.0;2002;False
1227;10627;504.25;0.0;0.0;0.0;0.0;0.0;2002;False
1228;5579;264.72;0.0;0.0;0.0;0.0;0.0;2002;False
1229;3052;144.82;0.0;0.0;0.0;0.0;0.0;2002;False
1230;4186;198.63;0.0;0.0;0.0;0.0;0.0;2002;False
985;4722;224.06;0.0;0.0;0.0;0.0;0.0;2001;False
986;10533;499.79;0.0;0.0;0.0;0.0;0.0;2001;False
987;16967;805.08;0.0;0.0;0.0;0.0;0.0;2001;False
988;2258;107.14;0.0;0.0;0.0;0.0;0.0;2001;False
989;4087;193.93;0.0;0.0;0.0;0.0;0.0;2001;False
990;2015;95.61;0.0;0.0;0.0;0.0;0.0;2001;False
991;104846;4974.94;0.0;0.0;0.0;0.0;0.0;2001;False
992;18513;878.44;0.0;0.0;0.0;0.0;0.0;2001;False
993;1935;91.82;0.0;0.0;0.0;0.0;0.0;2001;False
994;2361;112.03;0.0;0.0;0.0;0.0;0.0;2001;False
995;5793;274.88;0.0;0.0;0.0;0.0;0.0;2001;False
996;6835;324.32;0.0;0.0;0.0;0.0;0.0;2001;False
997;2784;132.1;0.0;0.0;0.0;0.0;0.0;2001;False
998;4457;211.48;0.0;0.0;0.0;0.0;0.0;2001;False
999;3710;176.04;0.0;0.0;0.0;0.0;0.0;2001;False
1000;260770;12373.54;6490.2;6490.2;0.52;1.0;0.52;2001;False
1001;799;37.91;0.0;0.0;0.0;0.0;0.0;2001;False
1002;17010;807.12;179.46;179.47;0.22;1.0;0.22;2001;False
1003;320683;15216.41;2406.59;1910.53;0.16;0.79;0.13;2001;False
1004;2222;105.43;0.0;0.0;0.0;0.0;0.0;2001;False
1005;3106;147.38;0.0;0.0;0.0;0.0;0.0;2001;False
1006;3772;178.98;0.0;0.0;0.0;0.0;0.0;2001;False
1007;15269;724.51;0.0;0.0;0.0;0.0;0.0;2001;False
1008;5997;284.56;0.0;0.0;0.0;0.0;0.0;2001;False
1009;6517;309.23;0.0;0.0;0.0;0.0;0.0;2001;False
1010;3588;170.25;0.0;0.0;0.0;0.0;0.0;2001;False
1011;4534;215.14;0.0;0.0;0.0;0.0;0.0;2001;False
1012;3816;181.07;0.0;0.0;0.0;0.0;0.0;2001;False
1013;2278;108.09;0.0;0.0;0.0;0.0;0.0;2001;False
1014;1843;87.45;0.0;0.0;0.0;0.0;0.0;2001;False
1015;5393;255.9;0.0;0.0;0.0;0.0;0.0;2001;False
1016;17737;841.62;0.0;0.0;0.0;0.0;0.0;2001;False
1017;7300;346.39;0.0;0.0;0.0;0.0;0.0;2001;False
1018;14950;709.38;0.0;0.0;0.0;0.0;0.0;2001;False
1019;5041;239.2;0.0;0.0;0.0;0.0;0.0;2001;False
1020;2342;111.13;0.0;0.0;0.0;0.0;0.0;2001;False
1021;2555;121.23;0.0;0.0;0.0;0.0;0.0;2001;False
1022;4824;228.9;0.0;0.0;0.0;0.0;0.0;2001;False
1023;7866;373.24;0.0;0.0;0.0;0.0;0.0;2001;False
1024;2473;117.34;0.0;0.0;0.0;0.0;0.0;2001;False
1025;3087;146.48;0.0;0.0;0.0;0.0;0.0;2001;False
1026;6133;291.01;0.0;0.0;0.0;0.0;0.0;2001;False
1027;7802;370.2;0.0;0.0;0.0;0.0;0.0;2001;False
1028;1360;64.53;0.0;0.0;0.0;0.0;0.0;2001;False
1029;7677;364.27;0.0;0.0;0.0;0.0;0.0;2001;False
1030;9470;449.35;0.0;0.0;0.0;0.0;0.0;2001;False
1031;13306;631.37;337.23;337.23;0.53;1.0;0.53;2001;False
1032;47646;2260.8;0.0;0.0;0.0;0.0;0.0;2001;False
1033;2696;127.93;0.0;0.0;0.0;0.0;0.0;2001;False
1034;2951;140.02;0.0;0.0;0.0;0.0;0.0;2001;False
1035;3257;154.54;0.0;0.0;0.0;0.0;0.0;2001;False
1036;8856;420.22;0.0;0.0;0.0;0.0;0.0;2001;False
1037;4084;193.79;0.0;0.0;0.0;0.0;0.0;2001;False
1038;4316;204.79;0.0;0.0;0.0;0.0;0.0;2001;False
1039;15633;741.79;0.0;0.0;0.0;0.0;0.0;2001;False
1040;6331;300.41;0.0;0.0;0.0;0.0;0.0;2001;False
1041;7073;335.61;0.0;0.0;0.0;0.0;0.0;2001;False
1042;3590;170.35;0.0;0.0;0.0;0.0;0.0;2001;False
1043;59120;2805.24;1356.52;1356.52;0.48;1.0;0.48;2001;False
1044;3925;186.24;0.0;0.0;0.0;0.0;0.0;2001;False
1045;8354;396.4;0.0;0.0;0.0;0.0;0.0;2001;False
1046;17414;826.29;0.0;0.0;0.0;0.0;0.0;2001;False
1047;5942;281.95;0.0;0.0;0.0;0.0;0.0;2001;False
1048;3639;172.67;0.0;0.0;0.0;0.0;0.0;2001;False
1049;37713;1789.48;892.68;892.69;0.5;1.0;0.5;2001;False
1050;13652;647.79;0.0;0.0;0.0;0.0;0.0;2001;False
1051;3370;159.91;0.0;0.0;0.0;0.0;0.0;2001;False
1052;2660;126.22;0.0;0.0;0.0;0.0;0.0;2001;False
1053;8586;407.41;0.0;0.0;0.0;0.0;0.0;2001;False
1054;6121;290.44;0.0;0.0;0.0;0.0;0.0;2001;False
1055;31782;1508.06;0.0;0.0;0.0;0.0;0.0;2001;False
1056;2696;127.93;0.0;0.0;0.0;0.0;0.0;2001;False
1057;12714;603.28;0.0;0.0;0.0;0.0;0.0;2001;False
1058;3327;157.87;0.0;0.0;0.0;0.0;0.0;2001;False
1059;2826;134.09;0.0;0.0;0.0;0.0;0.0;2001;False
1060;2940;139.5;0.0;0.0;0.0;0.0;0.0;2001;False
1061;2315;109.85;0.0;0.0;0.0;0.0;0.0;2001;False
1062;1903;90.3;0.0;0.0;0.0;0.0;0.0;2001;False
1063;2240;106.29;0.0;0.0;0.0;0.0;0.0;2001;False
1064;4686;222.35;0.0;0.0;0.0;0.0;0.0;2001;False
1065;7536;357.58;0.0;0.0;0.0;0.0;0.0;2001;False
1066;3402;161.42;0.0;0.0;0.0;0.0;0.0;2001;False
1067;9357;443.99;0.0;0.0;0.0;0.0;0.0;2001;False
1068;3054;144.91;0.0;0.0;0.0;0.0;0.0;2001;False
1069;6624;314.31;0.0;0.0;0.0;0.0;0.0;2001;False
1070;6393;303.35;0.0;0.0;0.0;0.0;0.0;2001;False
1071;8954;424.87;0.0;0.0;0.0;0.0;0.0;2001;False
1072;7060;335.0;0.0;0.0;0.0;0.0;0.0;2001;False
1073;73061;3466.74;0.0;0.0;0.0;0.0;0.0;2001;False
1074;4974;236.02;0.0;0.0;0.0;0.0;0.0;2001;False
1075;2374;112.65;0.0;0.0;0.0;0.0;0.0;2001;False
1076;9980;473.55;0.0;0.0;0.0;0.0;0.0;2001;False
1077;4443;210.82;0.0;0.0;0.0;0.0;0.0;2001;False
1078;44895;2130.27;769.02;769.03;0.36;1.0;0.36;2001;False
1079;1003683;47624.76;56846.56;5316.09;1.19;0.09;0.11;2001;False
1080;17751;842.28;0.0;0.0;0.0;0.0;0.0;2001;False
1081;24387;1157.16;0.0;0.0;0.0;0.0;0.0;2001;False
1082;28218;1338.94;232.58;0.0;0.17;0.0;0.0;2001;False
1083;3605;171.06;0.0;0.0;0.0;0.0;0.0;2001;False
1084;12739;604.47;0.0;0.0;0.0;0.0;0.0;2001;False
1085;2527;119.91;0.0;0.0;0.0;0.0;0.0;2001;False
1086;4126;195.78;0.0;0.0;0.0;0.0;0.0;2001;False
1087;2474;117.39;0.0;0.0;0.0;0.0;0.0;2001;False
1088;3165;150.18;0.0;0.0;0.0;0.0;0.0;2001;False
1089;11736;556.87;0.0;0.0;0.0;0.0;0.0;2001;False
1090;4044;191.89;0.0;0.0;0.0;0.0;0.0;2001;False
1091;10279;487.74;0.0;0.0;0.0;0.0;0.0;2001;False
1092;4758;225.77;0.0;0.0;0.0;0.0;0.0;2001;False
1093;10869;515.73;0.0;0.0;0.0;0.0;0.0;2001;False
1094;40226;1908.72;633.22;633.21;0.33;1.0;0.33;2001;False
1095;20585;976.76;0.0;0.0;0.0;0.0;0.0;2001;False
1096;2531;120.1;0.0;0.0;0.0;0.0;0.0;2001;False
1097;28416;1348.34;0.0;0.0;0.0;0.0;0.0;2001;False
1098;2665;126.45;0.0;0.0;0.0;0.0;0.0;2001;False
1099;25483;1209.17;22.99;0.0;0.02;0.0;0.0;2001;False
1100;3887;184.44;0.0;0.0;0.0;0.0;0.0;2001;False
1101;5089;241.47;0.0;0.0;0.0;0.0;0.0;2001;False
1102;5143;244.04;0.0;0.0;0.0;0.0;0.0;2001;False
1103;12726;603.85;0.0;0.0;0.0;0.0;0.0;2001;False
1104;10061;477.39;0.0;0.0;0.0;0.0;0.0;2001;False
1105;23937;1135.81;0.0;0.0;0.0;0.0;0.0;2001;False
1106;4872;231.18;0.0;0.0;0.0;0.0;0.0;2001;False
1107;7320;347.33;0.0;0.0;0.0;0.0;0.0;2001;False
1108;74115;3516.76;2504.82;0.0;0.71;0.0;0.0;2001;False
1109;2694;127.83;0.0;0.0;0.0;0.0;0.0;2001;False
1110;5567;264.15;0.0;0.0;0.0;0.0;0.0;2001;False
1111;30600;1451.97;0.0;0.0;0.0;0.0;0.0;2001;False
1112;69510;3298.25;2142.68;2142.67;0.65;1.0;0.65;2001;False
1113;2845;135.0;0.0;0.0;0.0;0.0;0.0;2001;False
1114;1918;91.01;0.0;0.0;0.0;0.0;0.0;2001;False
1115;6283;298.13;0.0;0.0;0.0;0.0;0.0;2001;False
1116;17992;853.72;0.0;0.0;0.0;0.0;0.0;2001;False
1117;836;39.67;0.0;0.0;0.0;0.0;0.0;2001;False
1118;7030;333.57;0.0;0.0;0.0;0.0;0.0;2001;False
1119;134038;6360.1;0.0;0.0;0.0;0.0;0.0;2001;False
1120;2140;101.54;0.0;0.0;0.0;0.0;0.0;2001;False
1121;4447;211.01;0.0;0.0;0.0;0.0;0.0;2001;False
1122;10688;507.15;41.35;41.36;0.08;1.0;0.08;2001;False
1123;1791;84.98;0.0;0.0;0.0;0.0;0.0;2001;False
1124;4153;197.06;0.0;0.0;0.0;0.0;0.0;2001;False
1125;8301;393.88;0.0;0.0;0.0;0.0;0.0;2001;False
1126;2423;114.97;0.0;0.0;0.0;0.0;0.0;2001;False
1127;30484;1446.47;63.36;63.36;0.04;1.0;0.04;2001;False
1128;35963;1706.44;0.0;0.0;0.0;0.0;0.0;2001;False
1129;1801;85.46;0.0;0.0;0.0;0.0;0.0;2001;False
1130;6118;290.3;0.0;0.0;0.0;0.0;0.0;2001;False
1131;7168;340.12;0.0;0.0;0.0;0.0;0.0;2001;False
1132;7196;341.45;0.0;0.0;0.0;0.0;0.0;2001;False
1133;3566;169.21;0.0;0.0;0.0;0.0;0.0;2001;False
1134;33820;1604.76;358.44;0.0;0.22;0.0;0.0;2001;False
1135;2245;106.53;0.0;0.0;0.0;0.0;0.0;2001;False
1136;5105;242.23;0.0;0.0;0.0;0.0;0.0;2001;False
1137;10146;481.43;0.0;0.0;0.0;0.0;0.0;2001;False
1138;7636;362.33;0.0;0.0;0.0;0.0;0.0;2001;False
1139;3561;168.97;0.0;0.0;0.0;0.0;0.0;2001;False
1140;6051;287.12;0.0;0.0;0.0;0.0;0.0;2001;False
1141;17389;825.11;0.0;0.0;0.0;0.0;0.0;2001;False
1142;34595;1641.53;5.5;0.0;0.0;0.0;0.0;2001;False
1143;1989;94.38;0.0;0.0;0.0;0.0;0.0;2001;False
1144;1746;82.85;0.0;0.0;0.0;0.0;0.0;2001;False
1145;9986;473.84;0.0;0.0;0.0;0.0;0.0;2001;False
1146;8127;385.63;0.0;0.0;0.0;0.0;0.0;2001;False
1147;2416;114.64;0.0;0.0;0.0;0.0;0.0;2001;False
1148;3224;152.98;0.0;0.0;0.0;0.0;0.0;2001;False
1149;5907;280.29;0.0;0.0;0.0;0.0;0.0;2001;False
1150;3710;176.04;0.0;0.0;0.0;0.0;0.0;2001;False
1151;70382;3339.63;0.0;0.0;0.0;0.0;0.0;2001;False
1152;2984;141.59;0.0;0.0;0.0;0.0;0.0;2001;False
1153;11849;562.24;0.0;0.0;0.0;0.0;0.0;2001;False
1154;3930;186.48;0.0;0.0;0.0;0.0;0.0;2001;False
1155;3905;185.29;0.0;0.0;0.0;0.0;0.0;2001;False
1156;19961;947.15;0.0;0.0;0.0;0.0;0.0;2001;False
1157;3003;142.49;0.0;0.0;0.0;0.0;0.0;2001;False
1158;16133;765.51;0.0;0.0;0.0;0.0;0.0;2001;False
1159;2106;99.93;0.0;0.0;0.0;0.0;0.0;2001;False
1160;3217;152.65;0.0;0.0;0.0;0.0;0.0;2001;False
1161;2538;120.43;0.0;0.0;0.0;0.0;0.0;2001;False
1162;7465;354.21;0.0;0.0;0.0;0.0;0.0;2001;False
1163;9865;468.09;0.0;0.0;0.0;0.0;0.0;2001;False
1164;2662;126.31;0.0;0.0;0.0;0.0;0.0;2001;False
1165;9333;442.85;0.0;0.0;0.0;0.0;0.0;2001;False
1166;2850;135.23;0.0;0.0;0.0;0.0;0.0;2001;False
1167;21374;1014.2;0.0;0.0;0.0;0.0;0.0;2001;False
1168;11029;523.33;0.0;0.0;0.0;0.0;0.0;2001;False
1169;19155;908.9;0.0;0.0;0.0;0.0;0.0;2001;False
1170;24017;1139.61;290.52;290.52;0.25;1.0;0.25;2001;False
1171;70319;3336.64;0.0;0.0;0.0;0.0;0.0;2001;False
1172;15080;715.55;0.0;0.0;0.0;0.0;0.0;2001;False
1173;35841;1700.66;0.0;0.0;0.0;0.0;0.0;2001;False
1174;2572;122.04;0.0;0.0;0.0;0.0;0.0;2001;False
1175;3410;161.8;0.0;0.0;0.0;0.0;0.0;2001;False
1176;23529;1116.45;0.0;0.0;0.0;0.0;0.0;2001;False
1177;3131;148.57;0.0;0.0;0.0;0.0;0.0;2001;False
1178;33213;1575.96;1403.9;1403.9;0.89;1.0;0.89;2001;False
1179;9357;443.99;0.0;0.0;0.0;0.0;0.0;2001;False
1180;3955;187.66;0.0;0.0;0.0;0.0;0.0;2001;False
1181;2033;96.47;0.0;0.0;0.0;0.0;0.0;2001;False
1182;108193;5133.76;3093.39;3093.39;0.6;1.0;0.6;2001;False
1183;16482;782.07;0.0;0.0;0.0;0.0;0.0;2001;False
1184;6766;321.05;0.0;0.0;0.0;0.0;0.0;2001;False
1185;4587;217.65;0.0;0.0;0.0;0.0;0.0;2001;False
1186;3152;149.56;0.0;0.0;0.0;0.0;0.0;2001;False
1187;3747;177.8;0.0;0.0;0.0;0.0;0.0;2001;False
1188;31327;1486.47;0.0;0.0;0.0;0.0;0.0;2001;False
1189;3208;152.22;0.0;0.0;0.0;0.0;0.0;2001;False
1190;4647;220.5;0.0;0.0;0.0;0.0;0.0;2001;False
1191;2763;131.1;0.0;0.0;0.0;0.0;0.0;2001;False
1192;3151;149.51;0.0;0.0;0.0;0.0;0.0;2001;False
1193;4193;198.96;0.0;0.0;0.0;0.0;0.0;2001;False
1194;10325;489.92;0.0;0.0;0.0;0.0;0.0;2001;False
1195;3747;177.8;0.0;0.0;0.0;0.0;0.0;2001;False
1196;2925;138.79;0.0;0.0;0.0;0.0;0.0;2001;False
1197;50895;2414.97;0.0;0.0;0.0;0.0;0.0;2001;False
1198;8591;407.64;0.0;0.0;0.0;0.0;0.0;2001;False
1199;5419;257.13;0.0;0.0;0.0;0.0;0.0;2001;False
1200;6421;304.68;0.0;0.0;0.0;0.0;0.0;2001;False
1201;1843;87.45;0.0;0.0;0.0;0.0;0.0;2001;False
1202;23946;1136.24;0.0;0.0;0.0;0.0;0.0;2001;False
1203;3705;175.8;0.0;0.0;0.0;0.0;0.0;2001;False
1204;20943;993.75;0.0;0.0;0.0;0.0;0.0;2001;False
1205;3209;152.27;0.0;0.0;0.0;0.0;0.0;2001;False
1206;1660;78.77;0.0;0.0;0.0;0.0;0.0;2001;False
1207;12469;591.65;0.0;0.0;0.0;0.0;0.0;2001;False
1208;51116;2425.45;0.0;0.0;0.0;0.0;0.0;2001;False
1209;5666;268.85;0.0;0.0;0.0;0.0;0.0;2001;False
1210;16240;770.59;0.0;0.0;0.0;0.0;0.0;2001;False
1211;5681;269.56;0.0;0.0;0.0;0.0;0.0;2001;False
1212;2413;114.5;0.0;0.0;0.0;0.0;0.0;2001;False
1213;3153;149.61;0.0;0.0;0.0;0.0;0.0;2001;False
1214;2473;117.34;0.0;0.0;0.0;0.0;0.0;2001;False
1215;4758;225.77;0.0;0.0;0.0;0.0;0.0;2001;False
1216;2612;123.94;0.0;0.0;0.0;0.0;0.0;2001;False
1217;76967;3652.08;1467.8;1467.81;0.4;1.0;0.4;2001;False
1218;3028;143.68;0.0;0.0;0.0;0.0;0.0;2001;False
1219;4600;218.27;0.0;0.0;0.0;0.0;0.0;2001;False
1220;3304;156.77;0.0;0.0;0.0;0.0;0.0;2001;False
1221;2743;130.16;0.0;0.0;0.0;0.0;0.0;2001;False
1222;30214;1433.65;0.0;0.0;0.0;0.0;0.0;2001;False
1223;12608;598.25;31.64;0.0;0.05;0.0;0.0;2001;False
1224;2832;134.38;0.0;0.0;0.0;0.0;0.0;2001;False
1225;89921;4266.75;907.92;907.91;0.21;1.0;0.21;2001;False
1226;3162;150.04;0.0;0.0;0.0;0.0;0.0;2001;False
1227;10442;495.47;0.0;0.0;0.0;0.0;0.0;2001;False
1228;5510;261.45;0.0;0.0;0.0;0.0;0.0;2001;False
1229;3016;143.11;0.0;0.0;0.0;0.0;0.0;2001;False
1230;4128;195.87;0.0;0.0;0.0;0.0;0.0;2001;False
985;4007;190.13;0.0;0.0;0.0;0.0;0.0;2000;True
986;10034;476.11;0.0;0.0;0.0;0.0;0.0;2000;True
987;15681;744.06;0.0;0.0;0.0;0.0;0.0;2000;True
988;2478;117.58;0.0;0.0;0.0;0.0;0.0;2000;True
989;3634;172.43;0.0;0.0;0.0;0.0;0.0;2000;True
990;1979;93.9;0.0;0.0;0.0;0.0;0.0;2000;True
991;92692;4398.24;0.0;0.0;0.0;0.0;0.0;2000;True
992;18848;894.34;0.0;0.0;0.0;0.0;0.0;2000;True
993;1893;89.82;0.0;0.0;0.0;0.0;0.0;2000;True
994;2456;116.54;0.0;0.0;0.0;0.0;0.0;2000;True
995;5590;265.25;0.0;0.0;0.0;0.0;0.0;2000;True
996;6900;327.41;0.0;0.0;0.0;0.0;0.0;2000;True
997;2573;122.09;0.0;0.0;0.0;0.0;0.0;2000;True
998;4655;220.88;0.0;0.0;0.0;0.0;0.0;2000;True
999;3668;174.05;0.0;0.0;0.0;0.0;0.0;2000;True
1000;257782;12231.76;6703.0;6703.0;0.55;1.0;0.55;2000;True
1001;784;37.2;0.0;0.0;0.0;0.0;0.0;2000;True
1002;16549;785.25;0.0;0.0;0.0;0.0;0.0;2000;True
1003;306910;14562.88;2449.0;1837.0;0.17;0.75;0.13;2000;True
1004;2244;106.48;0.0;0.0;0.0;0.0;0.0;2000;True
1005;3106;147.38;0.0;0.0;0.0;0.0;0.0;2000;True
1006;3536;167.78;0.0;0.0;0.0;0.0;0.0;2000;True
1007;15853;752.22;0.0;0.0;0.0;0.0;0.0;2000;True
1008;5835;276.87;0.0;0.0;0.0;0.0;0.0;2000;True
1009;6927;328.69;0.0;0.0;0.0;0.0;0.0;2000;True
1010;3472;164.75;0.0;0.0;0.0;0.0;0.0;2000;True
1011;4782;226.91;0.0;0.0;0.0;0.0;0.0;2000;True
1012;4081;193.64;0.0;0.0;0.0;0.0;0.0;2000;True
1013;2328;110.46;0.0;0.0;0.0;0.0;0.0;2000;True
1014;2742;130.11;0.0;0.0;0.0;0.0;0.0;2000;True
1015;6284;298.18;0.0;0.0;0.0;0.0;0.0;2000;True
1016;18030;855.52;0.0;0.0;0.0;0.0;0.0;2000;True
1017;7338;348.19;0.0;0.0;0.0;0.0;0.0;2000;True
1018;14338;680.34;0.0;0.0;0.0;0.0;0.0;2000;True
1019;4662;221.21;0.0;0.0;0.0;0.0;0.0;2000;True
1020;2377;112.79;0.0;0.0;0.0;0.0;0.0;2000;True
1021;2607;123.7;0.0;0.0;0.0;0.0;0.0;2000;True
1022;5072;240.67;0.0;0.0;0.0;0.0;0.0;2000;True
1023;8083;383.54;0.0;0.0;0.0;0.0;0.0;2000;True
1024;2477;117.53;0.0;0.0;0.0;0.0;0.0;2000;True
1025;3268;155.07;0.0;0.0;0.0;0.0;0.0;2000;True
1026;5585;265.01;0.0;0.0;0.0;0.0;0.0;2000;True
1027;7389;350.61;0.0;0.0;0.0;0.0;0.0;2000;True
1028;1248;59.22;0.0;0.0;0.0;0.0;0.0;2000;True
1029;7306;346.67;0.0;0.0;0.0;0.0;0.0;2000;True
1030;9124;432.93;0.0;0.0;0.0;0.0;0.0;2000;True
1031;13146;623.78;0.0;0.0;0.0;0.0;0.0;2000;True
1032;44238;2099.09;0.0;0.0;0.0;0.0;0.0;2000;True
1033;2693;127.78;0.0;0.0;0.0;0.0;0.0;2000;True
1034;2618;124.22;0.0;0.0;0.0;0.0;0.0;2000;True
1035;3252;154.31;0.0;0.0;0.0;0.0;0.0;2000;True
1036;8502;403.42;0.0;0.0;0.0;0.0;0.0;2000;True
1037;4156;197.2;0.0;0.0;0.0;0.0;0.0;2000;True
1038;2157;102.35;0.0;0.0;0.0;0.0;0.0;2000;True
1039;15044;713.84;0.0;0.0;0.0;0.0;0.0;2000;True
1040;8669;411.34;0.0;0.0;0.0;0.0;0.0;2000;True
1041;6821;323.66;0.0;0.0;0.0;0.0;0.0;2000;True
1042;3613;171.44;0.0;0.0;0.0;0.0;0.0;2000;True
1043;57032;2706.17;1395.0;1395.0;0.52;1.0;0.52;2000;True
1044;3804;180.5;0.0;0.0;0.0;0.0;0.0;2000;True
1045;8898;422.21;0.0;0.0;0.0;0.0;0.0;2000;True
1046;17867;847.79;0.0;0.0;0.0;0.0;0.0;2000;True
1047;5902;280.05;0.0;0.0;0.0;0.0;0.0;2000;True
1048;3161;149.99;0.0;0.0;0.0;0.0;0.0;2000;True
1049;35930;1704.88;958.0;958.0;0.56;1.0;0.56;2000;True
1050;13172;625.01;0.0;0.0;0.0;0.0;0.0;2000;True
1051;3272;155.26;0.0;0.0;0.0;0.0;0.0;2000;True
1052;2657;126.07;0.0;0.0;0.0;0.0;0.0;2000;True
1053;7937;376.61;0.0;0.0;0.0;0.0;0.0;2000;True
1054;5867;278.39;0.0;0.0;0.0;0.0;0.0;2000;True
1055;30447;1444.71;0.0;0.0;0.0;0.0;0.0;2000;True
1056;2708;128.49;0.0;0.0;0.0;0.0;0.0;2000;True
1057;13038;618.65;0.0;0.0;0.0;0.0;0.0;2000;True
1058;3409;161.76;0.0;0.0;0.0;0.0;0.0;2000;True
1059;2867;136.04;0.0;0.0;0.0;0.0;0.0;2000;True
1060;2962;140.55;0.0;0.0;0.0;0.0;0.0;2000;True
1061;2361;112.03;0.0;0.0;0.0;0.0;0.0;2000;True
1062;1881;89.25;0.0;0.0;0.0;0.0;0.0;2000;True
1063;2373;112.6;0.0;0.0;0.0;0.0;0.0;2000;True
1064;4593;217.94;0.0;0.0;0.0;0.0;0.0;2000;True
1065;6918;328.26;0.0;0.0;0.0;0.0;0.0;2000;True
1066;3296;156.4;0.0;0.0;0.0;0.0;0.0;2000;True
1067;9821;466.01;0.0;0.0;0.0;0.0;0.0;2000;True
1068;3134;148.71;0.0;0.0;0.0;0.0;0.0;2000;True
1069;6577;312.08;0.0;0.0;0.0;0.0;0.0;2000;True
1070;6732;319.43;0.0;0.0;0.0;0.0;0.0;2000;True
1071;8813;418.18;0.0;0.0;0.0;0.0;0.0;2000;True
1072;6052;287.17;0.0;0.0;0.0;0.0;0.0;2000;True
1073;71918;3412.51;0.0;0.0;0.0;0.0;0.0;2000;True
1074;4989;236.73;0.0;0.0;0.0;0.0;0.0;2000;True
1075;1187;56.32;0.0;0.0;0.0;0.0;0.0;2000;True
1076;10050;476.87;0.0;0.0;0.0;0.0;0.0;2000;True
1077;4397;208.64;0.0;0.0;0.0;0.0;0.0;2000;True
1078;44191;2096.86;0.0;0.0;0.0;0.0;0.0;2000;True
1079;978721;46440.31;59118.0;4729.0;1.27;0.08;0.1;2000;True
1080;16701;792.46;0.0;0.0;0.0;0.0;0.0;2000;True
1081;24911;1182.03;0.0;0.0;0.0;0.0;0.0;2000;True
1082;27838;1320.91;0.0;0.0;0.0;0.0;0.0;2000;True
1083;3510;166.55;0.0;0.0;0.0;0.0;0.0;2000;True
1084;12203;579.03;0.0;0.0;0.0;0.0;0.0;2000;True
1085;2633;124.94;0.0;0.0;0.0;0.0;0.0;2000;True
1086;4057;192.5;0.0;0.0;0.0;0.0;0.0;2000;True
1087;2557;121.33;0.0;0.0;0.0;0.0;0.0;2000;True
1088;2908;137.98;0.0;0.0;0.0;0.0;0.0;2000;True
1089;11131;528.17;0.0;0.0;0.0;0.0;0.0;2000;True
1090;3868;183.54;0.0;0.0;0.0;0.0;0.0;2000;True
1091;9727;461.55;0.0;0.0;0.0;0.0;0.0;2000;True
1092;4665;221.35;0.0;0.0;0.0;0.0;0.0;2000;True
1093;11176;530.3;0.0;0.0;0.0;0.0;0.0;2000;True
1094;38950;1848.18;0.0;0.0;0.0;0.0;0.0;2000;True
1095;20610;977.94;0.0;0.0;0.0;0.0;0.0;2000;True
1096;1265;60.02;0.0;0.0;0.0;0.0;0.0;2000;True
1097;28897;1371.16;0.0;0.0;0.0;0.0;0.0;2000;True
1098;2892;137.23;0.0;0.0;0.0;0.0;0.0;2000;True
1099;25141;1192.94;0.0;0.0;0.0;0.0;0.0;2000;True
1100;3983;188.99;0.0;0.0;0.0;0.0;0.0;2000;True
1101;4821;228.76;0.0;0.0;0.0;0.0;0.0;2000;True
1102;5018;238.1;0.0;0.0;0.0;0.0;0.0;2000;True
1103;12655;600.48;0.0;0.0;0.0;0.0;0.0;2000;True
1104;9213;437.16;0.0;0.0;0.0;0.0;0.0;2000;True
1105;24463;1160.77;0.0;0.0;0.0;0.0;0.0;2000;True
1106;5167;245.17;0.0;0.0;0.0;0.0;0.0;2000;True
1107;7237;343.4;0.0;0.0;0.0;0.0;0.0;2000;True
1108;73996;3511.11;2572.0;0.0;0.73;0.0;0.0;2000;True
1109;2784;132.1;0.0;0.0;0.0;0.0;0.0;2000;True
1110;5874;278.72;0.0;0.0;0.0;0.0;0.0;2000;True
1111;29137;1382.55;0.0;0.0;0.0;0.0;0.0;2000;True
1112;70394;3340.2;2176.0;2176.0;0.65;1.0;0.65;2000;True
1113;2615;124.08;0.0;0.0;0.0;0.0;0.0;2000;True
1114;1893;89.82;0.0;0.0;0.0;0.0;0.0;2000;True
1115;6180;293.24;0.0;0.0;0.0;0.0;0.0;2000;True
1116;17444;827.72;0.0;0.0;0.0;0.0;0.0;2000;True
1117;418;19.83;0.0;0.0;0.0;0.0;0.0;2000;True
1118;7164;339.93;0.0;0.0;0.0;0.0;0.0;2000;True
1119;123719;5870.47;0.0;0.0;0.0;0.0;0.0;2000;True
1120;2245;106.53;0.0;0.0;0.0;0.0;0.0;2000;True
1121;4472;212.2;0.0;0.0;0.0;0.0;0.0;2000;True
1122;10366;491.87;0.0;0.0;0.0;0.0;0.0;2000;True
1123;1841;87.36;0.0;0.0;0.0;0.0;0.0;2000;True
1124;4243;201.33;0.0;0.0;0.0;0.0;0.0;2000;True
1125;8532;404.84;0.0;0.0;0.0;0.0;0.0;2000;True
1126;2281;108.23;0.0;0.0;0.0;0.0;0.0;2000;True
1127;31965;1516.74;0.0;0.0;0.0;0.0;0.0;2000;True
1128;33825;1605.0;0.0;0.0;0.0;0.0;0.0;2000;True
1129;1757;83.37;0.0;0.0;0.0;0.0;0.0;2000;True
1130;5962;282.9;0.0;0.0;0.0;0.0;0.0;2000;True
1131;7039;334.0;0.0;0.0;0.0;0.0;0.0;2000;True
1132;6725;319.1;0.0;0.0;0.0;0.0;0.0;2000;True
1133;3009;142.78;0.0;0.0;0.0;0.0;0.0;2000;True
1134;32224;1529.03;378.0;0.0;0.25;0.0;0.0;2000;True
1135;2100;99.65;0.0;0.0;0.0;0.0;0.0;2000;True
1136;5272;250.16;0.0;0.0;0.0;0.0;0.0;2000;True
1137;9739;462.12;0.0;0.0;0.0;0.0;0.0;2000;True
1138;6350;301.31;0.0;0.0;0.0;0.0;0.0;2000;True
1139;3829;181.69;0.0;0.0;0.0;0.0;0.0;2000;True
1140;6202;294.28;0.0;0.0;0.0;0.0;0.0;2000;True
1141;16544;785.01;0.0;0.0;0.0;0.0;0.0;2000;True
1142;32350;1535.01;0.0;0.0;0.0;0.0;0.0;2000;True
1143;2019;95.8;0.0;0.0;0.0;0.0;0.0;2000;True
1144;1741;82.61;0.0;0.0;0.0;0.0;0.0;2000;True
1145;9345;443.42;0.0;0.0;0.0;0.0;0.0;2000;True
1146;8346;396.02;0.0;0.0;0.0;0.0;0.0;2000;True
1147;2381;112.98;0.0;0.0;0.0;0.0;0.0;2000;True
1148;3297;156.44;0.0;0.0;0.0;0.0;0.0;2000;True
1149;5844;277.3;0.0;0.0;0.0;0.0;0.0;2000;True
1150;3779;179.31;0.0;0.0;0.0;0.0;0.0;2000;True
1151;67313;3194.0;0.0;0.0;0.0;0.0;0.0;2000;True
1152;3068;145.58;0.0;0.0;0.0;0.0;0.0;2000;True
1153;12060;572.25;0.0;0.0;0.0;0.0;0.0;2000;True
1154;4092;194.17;0.0;0.0;0.0;0.0;0.0;2000;True
1155;3844;182.4;0.0;0.0;0.0;0.0;0.0;2000;True
1156;17686;839.2;0.0;0.0;0.0;0.0;0.0;2000;True
1157;3079;146.1;0.0;0.0;0.0;0.0;0.0;2000;True
1158;16362;776.38;0.0;0.0;0.0;0.0;0.0;2000;True
1159;2049;97.23;0.0;0.0;0.0;0.0;0.0;2000;True
1160;3091;146.67;0.0;0.0;0.0;0.0;0.0;2000;True
1161;2494;118.34;0.0;0.0;0.0;0.0;0.0;2000;True
1162;7862;373.05;0.0;0.0;0.0;0.0;0.0;2000;True
1163;10489;497.7;0.0;0.0;0.0;0.0;0.0;2000;True
1164;2254;106.95;0.0;0.0;0.0;0.0;0.0;2000;True
1165;8999;427.0;0.0;0.0;0.0;0.0;0.0;2000;True
1166;3033;143.92;0.0;0.0;0.0;0.0;0.0;2000;True
1167;21048;998.73;0.0;0.0;0.0;0.0;0.0;2000;True
1168;10670;506.29;0.0;0.0;0.0;0.0;0.0;2000;True
1169;18971;900.17;0.0;0.0;0.0;0.0;0.0;2000;True
1170;24933;1183.07;204.0;204.0;0.17;1.0;0.17;2000;True
1171;65331;3099.96;0.0;0.0;0.0;0.0;0.0;2000;True
1172;15134;718.11;0.0;0.0;0.0;0.0;0.0;2000;True
1173;35531;1685.95;0.0;0.0;0.0;0.0;0.0;2000;True
1174;2483;117.82;0.0;0.0;0.0;0.0;0.0;2000;True
1175;3145;149.23;0.0;0.0;0.0;0.0;0.0;2000;True
1176;23395;1110.09;0.0;0.0;0.0;0.0;0.0;2000;True
1177;3245;153.98;0.0;0.0;0.0;0.0;0.0;2000;True
1178;32794;1556.08;1377.0;1377.0;0.88;1.0;0.88;2000;True
1179;9588;454.95;0.0;0.0;0.0;0.0;0.0;2000;True
1180;4017;190.61;0.0;0.0;0.0;0.0;0.0;2000;True
1181;1949;92.48;0.0;0.0;0.0;0.0;0.0;2000;True
1182;102742;4875.11;3098.0;0.0;0.64;0.0;0.0;2000;True
1183;16117;764.75;0.0;0.0;0.0;0.0;0.0;2000;True
1184;6991;331.72;0.0;0.0;0.0;0.0;0.0;2000;True
1185;4540;215.42;0.0;0.0;0.0;0.0;0.0;2000;True
1186;2865;135.94;0.0;0.0;0.0;0.0;0.0;2000;True
1187;3443;163.37;0.0;0.0;0.0;0.0;0.0;2000;True
1188;30443;1444.52;0.0;0.0;0.0;0.0;0.0;2000;True
1189;3139;148.95;0.0;0.0;0.0;0.0;0.0;2000;True
1190;4881;231.6;0.0;0.0;0.0;0.0;0.0;2000;True
1191;2778;131.82;0.0;0.0;0.0;0.0;0.0;2000;True
1192;3141;149.04;0.0;0.0;0.0;0.0;0.0;2000;True
1193;4473;212.24;0.0;0.0;0.0;0.0;0.0;2000;True
1194;10674;506.48;0.0;0.0;0.0;0.0;0.0;2000;True
1195;3833;181.88;0.0;0.0;0.0;0.0;0.0;2000;True
1196;2706;128.4;0.0;0.0;0.0;0.0;0.0;2000;True
1197;55705;2643.2;0.0;0.0;0.0;0.0;0.0;2000;True
1198;8294;393.55;0.0;0.0;0.0;0.0;0.0;2000;True
1199;5363;254.47;0.0;0.0;0.0;0.0;0.0;2000;True
1200;6171;292.81;0.0;0.0;0.0;0.0;0.0;2000;True
1201;1890;89.68;0.0;0.0;0.0;0.0;0.0;2000;True
1202;23568;1118.3;0.0;0.0;0.0;0.0;0.0;2000;True
1203;3462;164.27;0.0;0.0;0.0;0.0;0.0;2000;True
1204;20394;967.7;0.0;0.0;0.0;0.0;0.0;2000;True
1205;3004;142.54;0.0;0.0;0.0;0.0;0.0;2000;True
1206;1535;72.84;0.0;0.0;0.0;0.0;0.0;2000;True
1207;12320;584.58;0.0;0.0;0.0;0.0;0.0;2000;True
1208;48358;2294.59;0.0;0.0;0.0;0.0;0.0;2000;True
1209;5661;268.61;0.0;0.0;0.0;0.0;0.0;2000;True
1210;16929;803.28;0.0;0.0;0.0;0.0;0.0;2000;True
1211;5685;269.75;0.0;0.0;0.0;0.0;0.0;2000;True
1212;2566;121.76;0.0;0.0;0.0;0.0;0.0;2000;True
1213;3170;150.42;0.0;0.0;0.0;0.0;0.0;2000;True
1214;2286;108.47;0.0;0.0;0.0;0.0;0.0;2000;True
1215;4579;217.27;0.0;0.0;0.0;0.0;0.0;2000;True
1216;2664;126.41;0.0;0.0;0.0;0.0;0.0;2000;True
1217;73796;3501.62;1386.0;1386.0;0.4;1.0;0.4;2000;True
1218;3032;143.87;0.0;0.0;0.0;0.0;0.0;2000;True
1219;4816;228.52;0.0;0.0;0.0;0.0;0.0;2000;True
1220;3191;151.41;0.0;0.0;0.0;0.0;0.0;2000;True
1221;2737;129.87;0.0;0.0;0.0;0.0;0.0;2000;True
1222;30237;1434.75;0.0;0.0;0.0;0.0;0.0;2000;True
1223;13265;629.42;0.0;0.0;0.0;0.0;0.0;2000;True
1224;2729;129.49;0.0;0.0;0.0;0.0;0.0;2000;True
1225;85019;4034.15;0.0;0.0;0.0;0.0;0.0;2000;True
1226;3161;149.99;0.0;0.0;0.0;0.0;0.0;2000;True
1227;9695;460.03;0.0;0.0;0.0;0.0;0.0;2000;True
1228;5676;269.33;0.0;0.0;0.0;0.0;0.0;2000;True
1229;2634;124.98;0.0;0.0;0.0;0.0;0.0;2000;True
1230;3746;177.75;0.0;0.0;0.0;0.0;0.0;2000;True
985;3292;156.21;0.0;0.0;0.0;0.0;0.0;1999;False
986;9536;452.48;0.0;0.0;0.0;0.0;0.0;1999;False
987;14396;683.09;0.0;0.0;0.0;0.0;0.0;1999;False
988;2699;128.07;0.0;0.0;0.0;0.0;0.0;1999;False
989;3181;150.94;0.0;0.0;0.0;0.0;0.0;1999;False
990;1943;92.2;0.0;0.0;0.0;0.0;0.0;1999;False
991;80538;3821.53;0.0;0.0;0.0;0.0;0.0;1999;False
992;19184;910.28;0.0;0.0;0.0;0.0;0.0;1999;False
993;1850;87.78;0.0;0.0;0.0;0.0;0.0;1999;False
994;2552;121.09;0.0;0.0;0.0;0.0;0.0;1999;False
995;5388;255.66;0.0;0.0;0.0;0.0;0.0;1999;False
996;6965;330.49;0.0;0.0;0.0;0.0;0.0;1999;False
997;2362;112.08;0.0;0.0;0.0;0.0;0.0;1999;False
998;4853;230.27;0.0;0.0;0.0;0.0;0.0;1999;False
999;3627;172.1;0.0;0.0;0.0;0.0;0.0;1999;False
1000;254795;12090.02;6860.0;6860.0;0.57;1.0;0.57;1999;False
1001;770;36.54;0.0;0.0;0.0;0.0;0.0;1999;False
1002;16087;763.33;0.0;0.0;0.0;0.0;0.0;1999;False
1003;293137;13909.35;0.0;0.0;0.0;0.0;0.0;1999;False
1004;2267;107.57;0.0;0.0;0.0;0.0;0.0;1999;False
1005;3107;147.43;0.0;0.0;0.0;0.0;0.0;1999;False
1006;3301;156.63;0.0;0.0;0.0;0.0;0.0;1999;False
1007;16437;779.94;0.0;0.0;0.0;0.0;0.0;1999;False
1008;5673;269.18;0.0;0.0;0.0;0.0;0.0;1999;False
1009;7339;348.24;0.0;0.0;0.0;0.0;0.0;1999;False
1010;3357;159.29;0.0;0.0;0.0;0.0;0.0;1999;False
1011;5031;238.72;0.0;0.0;0.0;0.0;0.0;1999;False
1012;4346;206.22;0.0;0.0;0.0;0.0;0.0;1999;False
1013;2379;112.88;0.0;0.0;0.0;0.0;0.0;1999;False
1014;3641;172.77;0.0;0.0;0.0;0.0;0.0;1999;False
1015;7175;340.45;0.0;0.0;0.0;0.0;0.0;1999;False
1016;18322;869.38;0.0;0.0;0.0;0.0;0.0;1999;False
1017;7376;349.99;0.0;0.0;0.0;0.0;0.0;1999;False
1018;13727;651.35;0.0;0.0;0.0;0.0;0.0;1999;False
1019;4283;203.23;0.0;0.0;0.0;0.0;0.0;1999;False
1020;2412;114.45;0.0;0.0;0.0;0.0;0.0;1999;False
1021;2660;126.22;0.0;0.0;0.0;0.0;0.0;1999;False
1022;5320;252.43;0.0;0.0;0.0;0.0;0.0;1999;False
1023;8301;393.88;0.0;0.0;0.0;0.0;0.0;1999;False
1024;2482;117.77;0.0;0.0;0.0;0.0;0.0;1999;False
1025;3449;163.66;0.0;0.0;0.0;0.0;0.0;1999;False
1026;5037;239.01;0.0;0.0;0.0;0.0;0.0;1999;False
1027;6975;330.96;0.0;0.0;0.0;0.0;0.0;1999;False
1028;1136;53.9;0.0;0.0;0.0;0.0;0.0;1999;False
1029;6936;329.11;0.0;0.0;0.0;0.0;0.0;1999;False
1030;8779;416.56;0.0;0.0;0.0;0.0;0.0;1999;False
1031;12985;616.14;0.0;0.0;0.0;0.0;0.0;1999;False
1032;40830;1937.38;0.0;0.0;0.0;0.0;0.0;1999;False
1033;2690;127.64;0.0;0.0;0.0;0.0;0.0;1999;False
1034;2285;108.42;0.0;0.0;0.0;0.0;0.0;1999;False
1035;3246;154.02;0.0;0.0;0.0;0.0;0.0;1999;False
1036;8149;386.67;0.0;0.0;0.0;0.0;0.0;1999;False
1037;4229;200.67;0.0;0.0;0.0;0.0;0.0;1999;False
1038;0;0.0;0.0;0.0;0.0;0.0;0.0;1999;False
1039;14454;685.84;0.0;0.0;0.0;0.0;0.0;1999;False
1040;11009;522.38;0.0;0.0;0.0;0.0;0.0;1999;False
1041;6569;311.7;0.0;0.0;0.0;0.0;0.0;1999;False
1042;3635;172.48;0.0;0.0;0.0;0.0;0.0;1999;False
1043;54944;2607.09;0.0;0.0;0.0;0.0;0.0;1999;False
1044;3683;174.76;0.0;0.0;0.0;0.0;0.0;1999;False
1045;9444;448.12;0.0;0.0;0.0;0.0;0.0;1999;False
1046;18321;869.33;0.0;0.0;0.0;0.0;0.0;1999;False
1047;5862;278.15;0.0;0.0;0.0;0.0;0.0;1999;False
1048;2685;127.4;0.0;0.0;0.0;0.0;0.0;1999;False
1049;34146;1620.23;998.0;998.0;0.62;1.0;0.62;1999;False
1050;12692;602.24;0.0;0.0;0.0;0.0;0.0;1999;False
1051;3174;150.61;0.0;0.0;0.0;0.0;0.0;1999;False
1052;2653;125.88;0.0;0.0;0.0;0.0;0.0;1999;False
1053;7288;345.82;0.0;0.0;0.0;0.0;0.0;1999;False
1054;5612;266.29;0.0;0.0;0.0;0.0;0.0;1999;False
1055;29114;1381.46;0.0;0.0;0.0;0.0;0.0;1999;False
1056;2721;129.11;0.0;0.0;0.0;0.0;0.0;1999;False
1057;13363;634.07;0.0;0.0;0.0;0.0;0.0;1999;False
1058;3491;165.65;0.0;0.0;0.0;0.0;0.0;1999;False
1059;2909;138.03;0.0;0.0;0.0;0.0;0.0;1999;False
1060;2984;141.59;0.0;0.0;0.0;0.0;0.0;1999;False
1061;2406;114.16;0.0;0.0;0.0;0.0;0.0;1999;False
1062;1859;88.21;0.0;0.0;0.0;0.0;0.0;1999;False
1063;2508;119.0;0.0;0.0;0.0;0.0;0.0;1999;False
1064;4500;213.53;0.0;0.0;0.0;0.0;0.0;1999;False
1065;6301;298.98;0.0;0.0;0.0;0.0;0.0;1999;False
1066;3191;151.41;0.0;0.0;0.0;0.0;0.0;1999;False
1067;10285;488.02;0.0;0.0;0.0;0.0;0.0;1999;False
1068;3215;152.55;0.0;0.0;0.0;0.0;0.0;1999;False
1069;6531;309.9;0.0;0.0;0.0;0.0;0.0;1999;False
1070;7071;335.52;0.0;0.0;0.0;0.0;0.0;1999;False
1071;8672;411.49;0.0;0.0;0.0;0.0;0.0;1999;False
1072;5044;239.34;0.0;0.0;0.0;0.0;0.0;1999;False
1073;70776;3358.32;0.0;0.0;0.0;0.0;0.0;1999;False
1074;5003;237.39;0.0;0.0;0.0;0.0;0.0;1999;False
1075;0;0.0;0.0;0.0;0.0;0.0;0.0;1999;False
1076;10120;480.19;0.0;0.0;0.0;0.0;0.0;1999;False
1077;4351;206.45;0.0;0.0;0.0;0.0;0.0;1999;False
1078;43488;2063.51;0.0;0.0;0.0;0.0;0.0;1999;False
1079;953760;45255.91;59282.0;4445.0;1.31;0.07;0.1;1999;False
1080;15652;742.69;0.0;0.0;0.0;0.0;0.0;1999;False
1081;25434;1206.84;0.0;0.0;0.0;0.0;0.0;1999;False
1082;27458;1302.88;0.0;0.0;0.0;0.0;0.0;1999;False
1083;3415;162.04;0.0;0.0;0.0;0.0;0.0;1999;False
1084;11669;553.69;0.0;0.0;0.0;0.0;0.0;1999;False
1085;2741;130.06;0.0;0.0;0.0;0.0;0.0;1999;False
1086;3989;189.28;0.0;0.0;0.0;0.0;0.0;1999;False
1087;2640;125.27;0.0;0.0;0.0;0.0;0.0;1999;False
1088;2650;125.74;0.0;0.0;0.0;0.0;0.0;1999;False
1089;10527;499.51;0.0;0.0;0.0;0.0;0.0;1999;False
1090;3693;175.23;0.0;0.0;0.0;0.0;0.0;1999;False
1091;9176;435.4;0.0;0.0;0.0;0.0;0.0;1999;False
1092;4573;216.99;0.0;0.0;0.0;0.0;0.0;1999;False
1093;11483;544.87;0.0;0.0;0.0;0.0;0.0;1999;False
1094;37674;1787.63;0.0;0.0;0.0;0.0;0.0;1999;False
1095;20636;979.18;0.0;0.0;0.0;0.0;0.0;1999;False
1096;0;0.0;0.0;0.0;0.0;0.0;0.0;1999;False
1097;29377;1393.94;0.0;0.0;0.0;0.0;0.0;1999;False
1098;3121;148.09;0.0;0.0;0.0;0.0;0.0;1999;False
1099;24799;1176.71;0.0;0.0;0.0;0.0;0.0;1999;False
1100;4080;193.6;0.0;0.0;0.0;0.0;0.0;1999;False
1101;4554;216.09;0.0;0.0;0.0;0.0;0.0;1999;False
1102;4893;232.17;0.0;0.0;0.0;0.0;0.0;1999;False
1103;12586;597.21;0.0;0.0;0.0;0.0;0.0;1999;False
1104;8364;396.87;0.0;0.0;0.0;0.0;0.0;1999;False
1105;24989;1185.73;0.0;0.0;0.0;0.0;0.0;1999;False
1106;5462;259.17;0.0;0.0;0.0;0.0;0.0;1999;False
1107;7155;339.5;0.0;0.0;0.0;0.0;0.0;1999;False
1108;73877;3505.46;2702.0;0.0;0.77;0.0;0.0;1999;False
1109;2874;136.37;0.0;0.0;0.0;0.0;0.0;1999;False
1110;6182;293.34;0.0;0.0;0.0;0.0;0.0;1999;False
1111;27674;1313.13;0.0;0.0;0.0;0.0;0.0;1999;False
1112;71279;3382.19;2085.0;2085.0;0.62;1.0;0.62;1999;False
1113;2386;113.22;0.0;0.0;0.0;0.0;0.0;1999;False
1114;1868;88.64;0.0;0.0;0.0;0.0;0.0;1999;False
1115;6078;288.4;0.0;0.0;0.0;0.0;0.0;1999;False
1116;16895;801.67;0.0;0.0;0.0;0.0;0.0;1999;False
1117;0;0.0;0.0;0.0;0.0;0.0;0.0;1999;False
1118;7298;346.29;0.0;0.0;0.0;0.0;0.0;1999;False
1119;113401;5380.88;0.0;0.0;0.0;0.0;0.0;1999;False
1120;2351;111.55;0.0;0.0;0.0;0.0;0.0;1999;False
1121;4499;213.48;0.0;0.0;0.0;0.0;0.0;1999;False
1122;10044;476.59;0.0;0.0;0.0;0.0;0.0;1999;False
1123;1893;89.82;0.0;0.0;0.0;0.0;0.0;1999;False
1124;4334;205.65;0.0;0.0;0.0;0.0;0.0;1999;False
1125;8763;415.8;0.0;0.0;0.0;0.0;0.0;1999;False
1126;2139;101.5;0.0;0.0;0.0;0.0;0.0;1999;False
1127;33447;1587.06;0.0;0.0;0.0;0.0;0.0;1999;False
1128;31688;1503.6;0.0;0.0;0.0;0.0;0.0;1999;False
1129;1714;81.33;0.0;0.0;0.0;0.0;0.0;1999;False
1130;5808;275.59;0.0;0.0;0.0;0.0;0.0;1999;False
1131;6911;327.93;0.0;0.0;0.0;0.0;0.0;1999;False
1132;6256;296.85;0.0;0.0;0.0;0.0;0.0;1999;False
1133;2453;116.39;0.0;0.0;0.0;0.0;0.0;1999;False
1134;30628;1453.3;405.0;0.0;0.28;0.0;0.0;1999;False
1135;1955;92.76;0.0;0.0;0.0;0.0;0.0;1999;False
1136;5438;258.03;0.0;0.0;0.0;0.0;0.0;1999;False
1137;9332;442.8;0.0;0.0;0.0;0.0;0.0;1999;False
1138;5064;240.29;0.0;0.0;0.0;0.0;0.0;1999;False
1139;4097;194.4;0.0;0.0;0.0;0.0;0.0;1999;False
1140;6352;301.4;0.0;0.0;0.0;0.0;0.0;1999;False
1141;15700;744.97;0.0;0.0;0.0;0.0;0.0;1999;False
1142;30105;1428.48;0.0;0.0;0.0;0.0;0.0;1999;False
1143;2051;97.32;0.0;0.0;0.0;0.0;0.0;1999;False
1144;1737;82.42;0.0;0.0;0.0;0.0;0.0;1999;False
1145;8704;413.0;0.0;0.0;0.0;0.0;0.0;1999;False
1146;8564;406.36;0.0;0.0;0.0;0.0;0.0;1999;False
1147;2348;111.41;0.0;0.0;0.0;0.0;0.0;1999;False
1148;3370;159.91;0.0;0.0;0.0;0.0;0.0;1999;False
1149;5782;274.36;0.0;0.0;0.0;0.0;0.0;1999;False
1150;3848;182.59;0.0;0.0;0.0;0.0;0.0;1999;False
1151;64245;3048.43;0.0;0.0;0.0;0.0;0.0;1999;False
1152;3154;149.66;0.0;0.0;0.0;0.0;0.0;1999;False
1153;12272;582.31;0.0;0.0;0.0;0.0;0.0;1999;False
1154;4255;201.9;0.0;0.0;0.0;0.0;0.0;1999;False
1155;3784;179.55;0.0;0.0;0.0;0.0;0.0;1999;False
1156;15410;731.2;0.0;0.0;0.0;0.0;0.0;1999;False
1157;3155;149.7;0.0;0.0;0.0;0.0;0.0;1999;False
1158;16592;787.29;0.0;0.0;0.0;0.0;0.0;1999;False
1159;1992;94.52;0.0;0.0;0.0;0.0;0.0;1999;False
1160;2965;140.69;0.0;0.0;0.0;0.0;0.0;1999;False
1161;2450;116.25;0.0;0.0;0.0;0.0;0.0;1999;False
1162;8259;391.89;0.0;0.0;0.0;0.0;0.0;1999;False
1163;11113;527.31;0.0;0.0;0.0;0.0;0.0;1999;False
1164;1846;87.59;0.0;0.0;0.0;0.0;0.0;1999;False
1165;8666;411.2;0.0;0.0;0.0;0.0;0.0;1999;False
1166;3217;152.65;0.0;0.0;0.0;0.0;0.0;1999;False
1167;20722;983.26;0.0;0.0;0.0;0.0;0.0;1999;False
1168;10312;489.3;0.0;0.0;0.0;0.0;0.0;1999;False
1169;18787;891.44;0.0;0.0;0.0;0.0;0.0;1999;False
1170;25850;1226.58;0.0;0.0;0.0;0.0;0.0;1999;False
1171;60342;2863.23;0.0;0.0;0.0;0.0;0.0;1999;False
1172;15188;720.67;0.0;0.0;0.0;0.0;0.0;1999;False
1173;35223;1671.33;0.0;0.0;0.0;0.0;0.0;1999;False
1174;2395;113.64;0.0;0.0;0.0;0.0;0.0;1999;False
1175;2881;136.7;0.0;0.0;0.0;0.0;0.0;1999;False
1176;23262;1103.78;0.0;0.0;0.0;0.0;0.0;1999;False
1177;3361;159.48;0.0;0.0;0.0;0.0;0.0;1999;False
1178;32375;1536.19;0.0;0.0;0.0;0.0;0.0;1999;False
1179;9820;465.96;0.0;0.0;0.0;0.0;0.0;1999;False
1180;4078;193.5;0.0;0.0;0.0;0.0;0.0;1999;False
1181;1866;88.54;0.0;0.0;0.0;0.0;0.0;1999;False
1182;97291;4616.46;0.0;0.0;0.0;0.0;0.0;1999;False
1183;15752;747.43;0.0;0.0;0.0;0.0;0.0;1999;False
1184;7216;342.4;0.0;0.0;0.0;0.0;0.0;1999;False
1185;4493;213.19;0.0;0.0;0.0;0.0;0.0;1999;False
1186;2578;122.33;0.0;0.0;0.0;0.0;0.0;1999;False
1187;3139;148.95;0.0;0.0;0.0;0.0;0.0;1999;False
1188;29560;1402.62;0.0;0.0;0.0;0.0;0.0;1999;False
1189;3069;145.62;0.0;0.0;0.0;0.0;0.0;1999;False
1190;5116;242.75;0.0;0.0;0.0;0.0;0.0;1999;False
1191;2793;132.53;0.0;0.0;0.0;0.0;0.0;1999;False
1192;3132;148.61;0.0;0.0;0.0;0.0;0.0;1999;False
1193;4754;225.58;0.0;0.0;0.0;0.0;0.0;1999;False
1194;11022;522.99;0.0;0.0;0.0;0.0;0.0;1999;False
1195;3920;186.0;0.0;0.0;0.0;0.0;0.0;1999;False
1196;2488;118.06;0.0;0.0;0.0;0.0;0.0;1999;False
1197;60515;2871.44;0.0;0.0;0.0;0.0;0.0;1999;False
1198;7997;379.46;0.0;0.0;0.0;0.0;0.0;1999;False
1199;5307;251.82;0.0;0.0;0.0;0.0;0.0;1999;False
1200;5921;280.95;0.0;0.0;0.0;0.0;0.0;1999;False
1201;1938;91.96;0.0;0.0;0.0;0.0;0.0;1999;False
1202;23190;1100.37;0.0;0.0;0.0;0.0;0.0;1999;False
1203;3219;152.74;0.0;0.0;0.0;0.0;0.0;1999;False
1204;19845;941.65;0.0;0.0;0.0;0.0;0.0;1999;False
1205;2800;132.86;0.0;0.0;0.0;0.0;0.0;1999;False
1206;1411;66.95;0.0;0.0;0.0;0.0;0.0;1999;False
1207;12172;577.56;0.0;0.0;0.0;0.0;0.0;1999;False
1208;45600;2163.72;0.0;0.0;0.0;0.0;0.0;1999;False
1209;5655;268.33;0.0;0.0;0.0;0.0;0.0;1999;False
1210;17618;835.97;0.0;0.0;0.0;0.0;0.0;1999;False
1211;5690;269.99;0.0;0.0;0.0;0.0;0.0;1999;False
1212;2718;128.97;0.0;0.0;0.0;0.0;0.0;1999;False
1213;3188;151.27;0.0;0.0;0.0;0.0;0.0;1999;False
1214;2099;99.6;0.0;0.0;0.0;0.0;0.0;1999;False
1215;4401;208.83;0.0;0.0;0.0;0.0;0.0;1999;False
1216;2715;128.83;0.0;0.0;0.0;0.0;0.0;1999;False
1217;70626;3351.2;1153.0;1153.0;0.34;1.0;0.34;1999;False
1218;3038;144.15;0.0;0.0;0.0;0.0;0.0;1999;False
1219;5033;238.82;0.0;0.0;0.0;0.0;0.0;1999;False
1220;3079;146.1;0.0;0.0;0.0;0.0;0.0;1999;False
1221;2733;129.68;0.0;0.0;0.0;0.0;0.0;1999;False
1222;30259;1435.79;0.0;0.0;0.0;0.0;0.0;1999;False
1223;13922;660.6;0.0;0.0;0.0;0.0;0.0;1999;False
1224;2626;124.6;0.0;0.0;0.0;0.0;0.0;1999;False
1225;80117;3801.55;0.0;0.0;0.0;0.0;0.0;1999;False
1226;3161;149.99;0.0;0.0;0.0;0.0;0.0;1999;False
1227;8948;424.58;0.0;0.0;0.0;0.0;0.0;1999;False
1228;5843;277.25;0.0;0.0;0.0;0.0;0.0;1999;False
1229;2252;106.86;0.0;0.0;0.0;0.0;0.0;1999;False
1230;3363;159.57;0.0;0.0;0.0;0.0;0.0;1999;False
985;3208;152.22;0.0;0.0;0.0;0.0;0.0;1998;False
986;9418;446.88;0.0;0.0;0.0;0.0;0.0;1998;False
987;14222;674.83;0.0;0.0;0.0;0.0;0.0;1998;False
988;2602;123.46;0.0;0.0;0.0;0.0;0.0;1998;False
989;3251;154.26;0.0;0.0;0.0;0.0;0.0;1998;False
990;1918;91.01;0.0;0.0;0.0;0.0;0.0;1998;False
991;72697;3449.47;0.0;0.0;0.0;0.0;0.0;1998;False
992;18442;875.07;0.0;0.0;0.0;0.0;0.0;1998;False
993;1843;87.45;0.0;0.0;0.0;0.0;0.0;1998;False
994;2460;116.73;0.0;0.0;0.0;0.0;0.0;1998;False
995;5232;248.26;0.0;0.0;0.0;0.0;0.0;1998;False
996;6933;328.97;0.0;0.0;0.0;0.0;0.0;1998;False
997;2423;114.97;0.0;0.0;0.0;0.0;0.0;1998;False
998;4789;227.24;0.0;0.0;0.0;0.0;0.0;1998;False
999;3708;175.94;0.0;0.0;0.0;0.0;0.0;1998;False
1000;249924;11858.89;7086.4;7086.4;0.6;1.0;0.6;1998;False
1001;771;36.58;0.0;0.0;0.0;0.0;0.0;1998;False
1002;16124;765.08;0.0;0.0;0.0;0.0;0.0;1998;False
1003;276507;13120.26;0.0;0.0;0.0;0.0;0.0;1998;False
1004;2185;103.68;0.0;0.0;0.0;0.0;0.0;1998;False
1005;3095;146.86;0.0;0.0;0.0;0.0;0.0;1998;False
1006;3307;156.92;0.0;0.0;0.0;0.0;0.0;1998;False
1007;15800;749.71;0.0;0.0;0.0;0.0;0.0;1998;False
1008;5512;261.54;0.0;0.0;0.0;0.0;0.0;1998;False
1009;7249;343.97;0.0;0.0;0.0;0.0;0.0;1998;False
1010;3431;162.8;0.0;0.0;0.0;0.0;0.0;1998;False
1011;4965;235.59;0.0;0.0;0.0;0.0;0.0;1998;False
1012;4287;203.42;0.0;0.0;0.0;0.0;0.0;1998;False
1013;2349;111.46;0.0;0.0;0.0;0.0;0.0;1998;False
1014;3648;173.1;0.0;0.0;0.0;0.0;0.0;1998;False
1015;7086;336.23;0.0;0.0;0.0;0.0;0.0;1998;False
1016;17613;835.74;0.0;0.0;0.0;0.0;0.0;1998;False
1017;7342;348.38;0.0;0.0;0.0;0.0;0.0;1998;False
1018;13561;643.47;0.0;0.0;0.0;0.0;0.0;1998;False
1019;4158;197.3;0.0;0.0;0.0;0.0;0.0;1998;False
1020;2403;114.02;0.0;0.0;0.0;0.0;0.0;1998;False
1021;2564;121.66;0.0;0.0;0.0;0.0;0.0;1998;False
1022;5166;245.13;0.0;0.0;0.0;0.0;0.0;1998;False
1023;8262;392.03;0.0;0.0;0.0;0.0;0.0;1998;False
1024;2393;113.55;0.0;0.0;0.0;0.0;0.0;1998;False
1025;3325;157.77;0.0;0.0;0.0;0.0;0.0;1998;False
1026;5148;244.27;0.0;0.0;0.0;0.0;0.0;1998;False
1027;7130;338.32;0.0;0.0;0.0;0.0;0.0;1998;False
1028;1168;55.42;0.0;0.0;0.0;0.0;0.0;1998;False
1029;7089;336.37;0.0;0.0;0.0;0.0;0.0;1998;False
1030;8973;425.77;0.0;0.0;0.0;0.0;0.0;1998;False
1031;12940;614.0;0.0;0.0;0.0;0.0;0.0;1998;False
1032;39250;1862.41;0.0;0.0;0.0;0.0;0.0;1998;False
1033;2593;123.04;0.0;0.0;0.0;0.0;0.0;1998;False
1034;2257;107.09;0.0;0.0;0.0;0.0;0.0;1998;False
1035;3318;157.44;0.0;0.0;0.0;0.0;0.0;1998;False
1036;8048;381.88;0.0;0.0;0.0;0.0;0.0;1998;False
1037;4211;199.81;0.0;0.0;0.0;0.0;0.0;1998;False
1038;0;0.0;0.0;0.0;0.0;0.0;0.0;1998;False
1039;14280;677.59;0.0;0.0;0.0;0.0;0.0;1998;False
1040;11252;533.91;0.0;0.0;0.0;0.0;0.0;1998;False
1041;6715;318.63;0.0;0.0;0.0;0.0;0.0;1998;False
1042;3530;167.5;0.0;0.0;0.0;0.0;0.0;1998;False
1043;54280;2575.59;0.0;0.0;0.0;0.0;0.0;1998;False
1044;3691;175.14;0.0;0.0;0.0;0.0;0.0;1998;False
1045;9176;435.4;0.0;0.0;0.0;0.0;0.0;1998;False
1046;18791;891.63;0.0;0.0;0.0;0.0;0.0;1998;False
1047;5789;274.69;0.0;0.0;0.0;0.0;0.0;1998;False
1048;2587;122.75;0.0;0.0;0.0;0.0;0.0;1998;False
1049;32824;1557.5;1021.1;1021.1;0.66;1.0;0.66;1998;False
1050;12330;585.06;0.0;0.0;0.0;0.0;0.0;1998;False
1051;3161;149.99;0.0;0.0;0.0;0.0;0.0;1998;False
1052;2728;129.44;0.0;0.0;0.0;0.0;0.0;1998;False
1053;7449;353.46;0.0;0.0;0.0;0.0;0.0;1998;False
1054;5542;262.97;0.0;0.0;0.0;0.0;0.0;1998;False
1055;27988;1328.03;0.0;0.0;0.0;0.0;0.0;1998;False
1056;2622;124.41;0.0;0.0;0.0;0.0;0.0;1998;False
1057;13706;650.35;0.0;0.0;0.0;0.0;0.0;1998;False
1058;3445;163.47;0.0;0.0;0.0;0.0;0.0;1998;False
1059;2873;136.32;0.0;0.0;0.0;0.0;0.0;1998;False
1060;3050;144.72;0.0;0.0;0.0;0.0;0.0;1998;False
1061;2395;113.64;0.0;0.0;0.0;0.0;0.0;1998;False
1062;1865;88.49;0.0;0.0;0.0;0.0;0.0;1998;False
1063;2498;118.53;0.0;0.0;0.0;0.0;0.0;1998;False
1064;4509;213.95;0.0;0.0;0.0;0.0;0.0;1998;False
1065;6440;305.58;0.0;0.0;0.0;0.0;0.0;1998;False
1066;3262;154.78;0.0;0.0;0.0;0.0;0.0;1998;False
1067;9993;474.17;0.0;0.0;0.0;0.0;0.0;1998;False
1068;3201;151.89;0.0;0.0;0.0;0.0;0.0;1998;False
1069;6676;316.78;0.0;0.0;0.0;0.0;0.0;1998;False
1070;6983;331.34;0.0;0.0;0.0;0.0;0.0;1998;False
1071;8689;412.29;0.0;0.0;0.0;0.0;0.0;1998;False
1072;4977;236.16;0.0;0.0;0.0;0.0;0.0;1998;False
1073;68037;3228.36;0.0;0.0;0.0;0.0;0.0;1998;False
1074;5114;242.66;0.0;0.0;0.0;0.0;0.0;1998;False
1075;0;0.0;0.0;0.0;0.0;0.0;0.0;1998;False
1076;9832;466.53;0.0;0.0;0.0;0.0;0.0;1998;False
1077;4446;210.96;0.0;0.0;0.0;0.0;0.0;1998;False
1078;42962;2038.55;0.0;0.0;0.0;0.0;0.0;1998;False
1079;938320;44523.28;59488.9;4461.0;1.34;0.07;0.1;1998;False
1080;15046;713.93;0.0;0.0;0.0;0.0;0.0;1998;False
1081;25346;1202.67;0.0;0.0;0.0;0.0;0.0;1998;False
1082;27362;1298.33;0.0;0.0;0.0;0.0;0.0;1998;False
1083;3490;165.6;0.0;0.0;0.0;0.0;0.0;1998;False
1084;11524;546.81;0.0;0.0;0.0;0.0;0.0;1998;False
1085;2707;128.45;0.0;0.0;0.0;0.0;0.0;1998;False
1086;4076;193.41;0.0;0.0;0.0;0.0;0.0;1998;False
1087;2715;128.83;0.0;0.0;0.0;0.0;0.0;1998;False
1088;2659;126.17;0.0;0.0;0.0;0.0;0.0;1998;False
1089;10397;493.34;0.0;0.0;0.0;0.0;0.0;1998;False
1090;3775;179.12;0.0;0.0;0.0;0.0;0.0;1998;False
1091;9133;433.36;0.0;0.0;0.0;0.0;0.0;1998;False
1092;4554;216.09;0.0;0.0;0.0;0.0;0.0;1998;False
1093;11156;529.35;0.0;0.0;0.0;0.0;0.0;1998;False
1094;37220;1766.09;0.0;0.0;0.0;0.0;0.0;1998;False
1095;20387;967.36;0.0;0.0;0.0;0.0;0.0;1998;False
1096;0;0.0;0.0;0.0;0.0;0.0;0.0;1998;False
1097;29022;1377.09;0.0;0.0;0.0;0.0;0.0;1998;False
1098;3108;147.47;0.0;0.0;0.0;0.0;0.0;1998;False
1099;24499;1162.48;0.0;0.0;0.0;0.0;0.0;1998;False
1100;4026;191.03;0.0;0.0;0.0;0.0;0.0;1998;False
1101;4654;220.83;0.0;0.0;0.0;0.0;0.0;1998;False
1102;5001;237.3;0.0;0.0;0.0;0.0;0.0;1998;False
1103;12434;589.99;0.0;0.0;0.0;0.0;0.0;1998;False
1104;8325;395.02;0.0;0.0;0.0;0.0;0.0;1998;False
1105;25048;1188.53;0.0;0.0;0.0;0.0;0.0;1998;False
1106;5437;257.99;0.0;0.0;0.0;0.0;0.0;1998;False
1107;7313;347.0;0.0;0.0;0.0;0.0;0.0;1998;False
1108;72985;3463.14;2779.7;0.0;0.8;0.0;0.0;1998;False
1109;2862;135.8;0.0;0.0;0.0;0.0;0.0;1998;False
1110;6153;291.96;0.0;0.0;0.0;0.0;0.0;1998;False
1111;27340;1297.28;0.0;0.0;0.0;0.0;0.0;1998;False
1112;68521;3251.32;1722.2;0.0;0.53;0.0;0.0;1998;False
1113;2453;116.39;0.0;0.0;0.0;0.0;0.0;1998;False
1114;1873;88.87;0.0;0.0;0.0;0.0;0.0;1998;False
1115;6050;287.07;0.0;0.0;0.0;0.0;0.0;1998;False
1116;17328;822.21;0.0;0.0;0.0;0.0;0.0;1998;False
1117;0;0.0;0.0;0.0;0.0;0.0;0.0;1998;False
1118;7206;341.92;0.0;0.0;0.0;0.0;0.0;1998;False
1119;108055;5127.21;0.0;0.0;0.0;0.0;0.0;1998;False
1120;2357;111.84;0.0;0.0;0.0;0.0;0.0;1998;False
1121;4368;207.26;0.0;0.0;0.0;0.0;0.0;1998;False
1122;10302;488.83;0.0;0.0;0.0;0.0;0.0;1998;False
1123;1824;86.55;0.0;0.0;0.0;0.0;0.0;1998;False
1124;4208;199.67;0.0;0.0;0.0;0.0;0.0;1998;False
1125;8513;403.94;0.0;0.0;0.0;0.0;0.0;1998;False
1126;2200;104.39;0.0;0.0;0.0;0.0;0.0;1998;False
1127;33043;1567.89;0.0;0.0;0.0;0.0;0.0;1998;False
1128;31305;1485.42;0.0;0.0;0.0;0.0;0.0;1998;False
1129;1762;83.61;0.0;0.0;0.0;0.0;0.0;1998;False
1130;5937;281.71;0.0;0.0;0.0;0.0;0.0;1998;False
1131;7064;335.19;0.0;0.0;0.0;0.0;0.0;1998;False
1132;6078;288.4;0.0;0.0;0.0;0.0;0.0;1998;False
1133;2422;114.92;0.0;0.0;0.0;0.0;0.0;1998;False
1134;30522;1448.27;438.7;0.0;0.3;0.0;0.0;1998;False
1135;2010;95.37;0.0;0.0;0.0;0.0;0.0;1998;False
1136;5559;263.77;0.0;0.0;0.0;0.0;0.0;1998;False
1137;9289;440.76;0.0;0.0;0.0;0.0;0.0;1998;False
1138;5043;239.29;0.0;0.0;0.0;0.0;0.0;1998;False
1139;4042;191.79;0.0;0.0;0.0;0.0;0.0;1998;False
1140;6274;297.7;0.0;0.0;0.0;0.0;0.0;1998;False
1141;15092;716.12;0.0;0.0;0.0;0.0;0.0;1998;False
1142;30876;1465.07;0.0;0.0;0.0;0.0;0.0;1998;False
1143;2026;96.13;0.0;0.0;0.0;0.0;0.0;1998;False
1144;1729;82.04;0.0;0.0;0.0;0.0;0.0;1998;False
1145;8898;422.21;0.0;0.0;0.0;0.0;0.0;1998;False
1146;8459;401.38;0.0;0.0;0.0;0.0;0.0;1998;False
1147;2414;114.54;0.0;0.0;0.0;0.0;0.0;1998;False
1148;3444;163.42;0.0;0.0;0.0;0.0;0.0;1998;False
1149;5614;266.38;0.0;0.0;0.0;0.0;0.0;1998;False
1150;3933;186.62;0.0;0.0;0.0;0.0;0.0;1998;False
1151;61217;2904.75;0.0;0.0;0.0;0.0;0.0;1998;False
1152;3224;152.98;0.0;0.0;0.0;0.0;0.0;1998;False
1153;12124;575.28;0.0;0.0;0.0;0.0;0.0;1998;False
1154;4199;199.24;0.0;0.0;0.0;0.0;0.0;1998;False
1155;3733;177.13;0.0;0.0;0.0;0.0;0.0;1998;False
1156;15357;728.69;0.0;0.0;0.0;0.0;0.0;1998;False
1157;3116;147.85;0.0;0.0;0.0;0.0;0.0;1998;False
1158;16392;777.8;0.0;0.0;0.0;0.0;0.0;1998;False
1159;1983;94.09;0.0;0.0;0.0;0.0;0.0;1998;False
1160;3030;143.77;0.0;0.0;0.0;0.0;0.0;1998;False
1161;2419;114.78;0.0;0.0;0.0;0.0;0.0;1998;False
1162;8024;380.74;0.0;0.0;0.0;0.0;0.0;1998;False
1163;10797;512.32;0.0;0.0;0.0;0.0;0.0;1998;False
1164;1779;84.41;0.0;0.0;0.0;0.0;0.0;1998;False
1165;8858;420.31;0.0;0.0;0.0;0.0;0.0;1998;False
1166;3288;156.02;0.0;0.0;0.0;0.0;0.0;1998;False
1167;20650;979.84;0.0;0.0;0.0;0.0;0.0;1998;False
1168;10539;500.08;0.0;0.0;0.0;0.0;0.0;1998;False
1169;18831;893.53;0.0;0.0;0.0;0.0;0.0;1998;False
1170;24850;1179.13;0.0;0.0;0.0;0.0;0.0;1998;False
1171;58007;2752.43;0.0;0.0;0.0;0.0;0.0;1998;False
1172;15005;711.99;0.0;0.0;0.0;0.0;0.0;1998;False
1173;35102;1665.59;0.0;0.0;0.0;0.0;0.0;1998;False
1174;2387;113.26;0.0;0.0;0.0;0.0;0.0;1998;False
1175;2868;136.09;0.0;0.0;0.0;0.0;0.0;1998;False
1176;22981;1090.45;0.0;0.0;0.0;0.0;0.0;1998;False
1177;3239;153.69;0.0;0.0;0.0;0.0;0.0;1998;False
1178;32263;1530.88;0.0;0.0;0.0;0.0;0.0;1998;False
1179;9541;452.72;0.0;0.0;0.0;0.0;0.0;1998;False
1180;4061;192.69;0.0;0.0;0.0;0.0;0.0;1998;False
1181;1798;85.32;0.0;0.0;0.0;0.0;0.0;1998;False
1182;95264;4520.28;0.0;0.0;0.0;0.0;0.0;1998;False
1183;15698;744.87;0.0;0.0;0.0;0.0;0.0;1998;False
1184;7127;338.18;0.0;0.0;0.0;0.0;0.0;1998;False
1185;4363;207.02;0.0;0.0;0.0;0.0;0.0;1998;False
1186;2651;125.79;0.0;0.0;0.0;0.0;0.0;1998;False
1187;3144;149.18;0.0;0.0;0.0;0.0;0.0;1998;False
1188;29630;1405.94;0.0;0.0;0.0;0.0;0.0;1998;False
1189;3136;148.8;0.0;0.0;0.0;0.0;0.0;1998;False
1190;4968;235.73;0.0;0.0;0.0;0.0;0.0;1998;False
1191;2763;131.1;0.0;0.0;0.0;0.0;0.0;1998;False
1192;3200;151.84;0.0;0.0;0.0;0.0;0.0;1998;False
1193;4733;224.58;0.0;0.0;0.0;0.0;0.0;1998;False
1194;11304;536.37;0.0;0.0;0.0;0.0;0.0;1998;False
1195;3806;180.59;0.0;0.0;0.0;0.0;0.0;1998;False
1196;2398;113.79;0.0;0.0;0.0;0.0;0.0;1998;False
1197;54624;2591.91;0.0;0.0;0.0;0.0;0.0;1998;False
1198;8174;387.86;0.0;0.0;0.0;0.0;0.0;1998;False
1199;5317;252.29;0.0;0.0;0.0;0.0;0.0;1998;False
1200;5752;272.93;0.0;0.0;0.0;0.0;0.0;1998;False
1201;1915;90.87;0.0;0.0;0.0;0.0;0.0;1998;False
1202;23109;1096.52;0.0;0.0;0.0;0.0;0.0;1998;False
1203;3290;156.11;0.0;0.0;0.0;0.0;0.0;1998;False
1204;19606;930.3;0.0;0.0;0.0;0.0;0.0;1998;False
1205;2766;131.25;0.0;0.0;0.0;0.0;0.0;1998;False
1206;1441;68.38;0.0;0.0;0.0;0.0;0.0;1998;False
1207;11826;561.14;0.0;0.0;0.0;0.0;0.0;1998;False
1208;43836;2080.02;0.0;0.0;0.0;0.0;0.0;1998;False
1209;5781;274.31;0.0;0.0;0.0;0.0;0.0;1998;False
1210;17406;825.91;0.0;0.0;0.0;0.0;0.0;1998;False
1211;5619;266.62;0.0;0.0;0.0;0.0;0.0;1998;False
1212;2685;127.4;0.0;0.0;0.0;0.0;0.0;1998;False
1213;3258;154.59;0.0;0.0;0.0;0.0;0.0;1998;False
1214;2023;95.99;0.0;0.0;0.0;0.0;0.0;1998;False
1215;4273;202.75;0.0;0.0;0.0;0.0;0.0;1998;False
1216;2617;124.18;0.0;0.0;0.0;0.0;0.0;1998;False
1217;67892;3221.48;917.1;917.1;0.28;1.0;0.28;1998;False
1218;3105;147.33;0.0;0.0;0.0;0.0;0.0;1998;False
1219;5011;237.77;0.0;0.0;0.0;0.0;0.0;1998;False
1220;2967;140.78;0.0;0.0;0.0;0.0;0.0;1998;False
1221;2721;129.11;0.0;0.0;0.0;0.0;0.0;1998;False
1222;30331;1439.21;0.0;0.0;0.0;0.0;0.0;1998;False
1223;13754;652.63;0.0;0.0;0.0;0.0;0.0;1998;False
1224;2615;124.08;0.0;0.0;0.0;0.0;0.0;1998;False
1225;76341;3622.38;0.0;0.0;0.0;0.0;0.0;1998;False
1226;3148;149.37;0.0;0.0;0.0;0.0;0.0;1998;False
1227;8837;419.32;0.0;0.0;0.0;0.0;0.0;1998;False
1228;5673;269.18;0.0;0.0;0.0;0.0;0.0;1998;False
1229;2315;109.85;0.0;0.0;0.0;0.0;0.0;1998;False
1230;3371;159.95;0.0;0.0;0.0;0.0;0.0;1998;False
985;3121;148.09;0.0;0.0;0.0;0.0;0.0;1997;False
986;9298;441.19;0.0;0.0;0.0;0.0;0.0;1997;False
987;14048;666.58;0.0;0.0;0.0;0.0;0.0;1997;False
988;2502;118.72;0.0;0.0;0.0;0.0;0.0;1997;False
989;3321;157.58;0.0;0.0;0.0;0.0;0.0;1997;False
990;1894;89.87;0.0;0.0;0.0;0.0;0.0;1997;False
991;64784;3074.0;0.0;0.0;0.0;0.0;0.0;1997;False
992;17693;839.53;0.0;0.0;0.0;0.0;0.0;1997;False
993;1835;87.07;0.0;0.0;0.0;0.0;0.0;1997;False
994;2366;112.27;0.0;0.0;0.0;0.0;0.0;1997;False
995;5073;240.71;0.0;0.0;0.0;0.0;0.0;1997;False
996;6900;327.41;0.0;0.0;0.0;0.0;0.0;1997;False
997;2484;117.87;0.0;0.0;0.0;0.0;0.0;1997;False
998;4724;224.15;0.0;0.0;0.0;0.0;0.0;1997;False
999;3788;179.74;0.0;0.0;0.0;0.0;0.0;1997;False
1000;245009;11625.68;7712.45;7712.45;0.66;1.0;0.66;1997;False
1001;774;36.73;0.0;0.0;0.0;0.0;0.0;1997;False
1002;16163;766.93;0.0;0.0;0.0;0.0;0.0;1997;False
1003;259725;12323.95;0.0;0.0;0.0;0.0;0.0;1997;False
1004;2101;99.69;0.0;0.0;0.0;0.0;0.0;1997;False
1005;3081;146.19;0.0;0.0;0.0;0.0;0.0;1997;False
1006;3313;157.2;0.0;0.0;0.0;0.0;0.0;1997;False
1007;15159;719.29;0.0;0.0;0.0;0.0;0.0;1997;False
1008;5348;253.76;0.0;0.0;0.0;0.0;0.0;1997;False
1009;7157;339.6;0.0;0.0;0.0;0.0;0.0;1997;False
1010;3505;166.31;0.0;0.0;0.0;0.0;0.0;1997;False
1011;4897;232.36;0.0;0.0;0.0;0.0;0.0;1997;False
1012;4230;200.71;0.0;0.0;0.0;0.0;0.0;1997;False
1013;2319;110.04;0.0;0.0;0.0;0.0;0.0;1997;False
1014;3655;173.43;0.0;0.0;0.0;0.0;0.0;1997;False
1015;6996;331.96;0.0;0.0;0.0;0.0;0.0;1997;False
1016;16897;801.76;0.0;0.0;0.0;0.0;0.0;1997;False
1017;7307;346.72;0.0;0.0;0.0;0.0;0.0;1997;False
1018;13396;635.64;0.0;0.0;0.0;0.0;0.0;1997;False
1019;4032;191.32;0.0;0.0;0.0;0.0;0.0;1997;False
1020;2395;113.64;0.0;0.0;0.0;0.0;0.0;1997;False
1021;2466;117.01;0.0;0.0;0.0;0.0;0.0;1997;False
1022;5010;237.72;0.0;0.0;0.0;0.0;0.0;1997;False
1023;8223;390.18;0.0;0.0;0.0;0.0;0.0;1997;False
1024;2302;109.23;0.0;0.0;0.0;0.0;0.0;1997;False
1025;3198;151.75;0.0;0.0;0.0;0.0;0.0;1997;False
1026;5261;249.63;0.0;0.0;0.0;0.0;0.0;1997;False
1027;7286;345.72;0.0;0.0;0.0;0.0;0.0;1997;False
1028;1200;56.94;0.0;0.0;0.0;0.0;0.0;1997;False
1029;7244;343.73;0.0;0.0;0.0;0.0;0.0;1997;False
1030;9169;435.07;0.0;0.0;0.0;0.0;0.0;1997;False
1031;12895;611.87;0.0;0.0;0.0;0.0;0.0;1997;False
1032;37655;1786.73;0.0;0.0;0.0;0.0;0.0;1997;False
1033;2494;118.34;0.0;0.0;0.0;0.0;0.0;1997;False
1034;2229;105.77;0.0;0.0;0.0;0.0;0.0;1997;False
1035;3390;160.86;0.0;0.0;0.0;0.0;0.0;1997;False
1036;7946;377.04;0.0;0.0;0.0;0.0;0.0;1997;False
1037;4193;198.96;0.0;0.0;0.0;0.0;0.0;1997;False
1038;0;0.0;0.0;0.0;0.0;0.0;0.0;1997;False
1039;14105;669.28;0.0;0.0;0.0;0.0;0.0;1997;False
1040;11499;545.63;0.0;0.0;0.0;0.0;0.0;1997;False
1041;6862;325.6;0.0;0.0;0.0;0.0;0.0;1997;False
1042;3423;162.42;0.0;0.0;0.0;0.0;0.0;1997;False
1043;53616;2544.08;0.0;0.0;0.0;0.0;0.0;1997;False
1044;3698;175.47;0.0;0.0;0.0;0.0;0.0;1997;False
1045;8905;422.54;0.0;0.0;0.0;0.0;0.0;1997;False
1046;19264;914.08;0.0;0.0;0.0;0.0;0.0;1997;False
1047;5716;271.22;0.0;0.0;0.0;0.0;0.0;1997;False
1048;2490;118.15;0.0;0.0;0.0;0.0;0.0;1997;False
1049;31492;1494.3;1394.3;1394.3;0.93;1.0;0.93;1997;False
1050;11966;567.79;0.0;0.0;0.0;0.0;0.0;1997;False
1051;3147;149.33;0.0;0.0;0.0;0.0;0.0;1997;False
1052;2804;133.05;0.0;0.0;0.0;0.0;0.0;1997;False
1053;7612;361.19;0.0;0.0;0.0;0.0;0.0;1997;False
1054;5472;259.65;0.0;0.0;0.0;0.0;0.0;1997;False
1055;26850;1274.03;0.0;0.0;0.0;0.0;0.0;1997;False
1056;2522;119.67;0.0;0.0;0.0;0.0;0.0;1997;False
1057;14050;666.67;0.0;0.0;0.0;0.0;0.0;1997;False
1058;3398;161.24;0.0;0.0;0.0;0.0;0.0;1997;False
1059;2836;134.57;0.0;0.0;0.0;0.0;0.0;1997;False
1060;3116;147.85;0.0;0.0;0.0;0.0;0.0;1997;False
1061;2385;113.17;0.0;0.0;0.0;0.0;0.0;1997;False
1062;1870;88.73;0.0;0.0;0.0;0.0;0.0;1997;False
1063;2487;118.01;0.0;0.0;0.0;0.0;0.0;1997;False
1064;4518;214.38;0.0;0.0;0.0;0.0;0.0;1997;False
1065;6581;312.27;0.0;0.0;0.0;0.0;0.0;1997;False
1066;3332;158.1;0.0;0.0;0.0;0.0;0.0;1997;False
1067;9698;460.17;0.0;0.0;0.0;0.0;0.0;1997;False
1068;3188;151.27;0.0;0.0;0.0;0.0;0.0;1997;False
1069;6821;323.66;0.0;0.0;0.0;0.0;0.0;1997;False
1070;6895;327.17;0.0;0.0;0.0;0.0;0.0;1997;False
1071;8706;413.1;0.0;0.0;0.0;0.0;0.0;1997;False
1072;4909;232.93;0.0;0.0;0.0;0.0;0.0;1997;False
1073;65273;3097.2;0.0;0.0;0.0;0.0;0.0;1997;False
1074;5226;247.97;0.0;0.0;0.0;0.0;0.0;1997;False
1075;0;0.0;0.0;0.0;0.0;0.0;0.0;1997;False
1076;9541;452.72;0.0;0.0;0.0;0.0;0.0;1997;False
1077;4543;215.57;0.0;0.0;0.0;0.0;0.0;1997;False
1078;42437;2013.64;0.0;0.0;0.0;0.0;0.0;1997;False
1079;923449;43817.66;59535.15;4098.95;1.36;0.07;0.09;1997;False
1080;14435;684.94;0.0;0.0;0.0;0.0;0.0;1997;False
1081;25257;1198.44;0.0;0.0;0.0;0.0;0.0;1997;False
1082;27266;1293.77;0.0;0.0;0.0;0.0;0.0;1997;False
1083;3566;169.21;0.0;0.0;0.0;0.0;0.0;1997;False
1084;11378;539.89;0.0;0.0;0.0;0.0;0.0;1997;False
1085;2673;126.83;0.0;0.0;0.0;0.0;0.0;1997;False
1086;4165;197.63;0.0;0.0;0.0;0.0;0.0;1997;False
1087;2790;132.39;0.0;0.0;0.0;0.0;0.0;1997;False
1088;2667;126.55;0.0;0.0;0.0;0.0;0.0;1997;False
1089;10265;487.07;0.0;0.0;0.0;0.0;0.0;1997;False
1090;3857;183.01;0.0;0.0;0.0;0.0;0.0;1997;False
1091;9090;431.32;0.0;0.0;0.0;0.0;0.0;1997;False
1092;4534;215.14;0.0;0.0;0.0;0.0;0.0;1997;False
1093;10826;513.69;0.0;0.0;0.0;0.0;0.0;1997;False
1094;37016;1756.41;0.0;0.0;0.0;0.0;0.0;1997;False
1095;20138;955.55;0.0;0.0;0.0;0.0;0.0;1997;False
1096;0;0.0;0.0;0.0;0.0;0.0;0.0;1997;False
1097;28667;1360.25;0.0;0.0;0.0;0.0;0.0;1997;False
1098;3095;146.86;0.0;0.0;0.0;0.0;0.0;1997;False
1099;24199;1148.24;0.0;0.0;0.0;0.0;0.0;1997;False
1100;3970;188.38;0.0;0.0;0.0;0.0;0.0;1997;False
1101;4755;225.62;0.0;0.0;0.0;0.0;0.0;1997;False
1102;5109;242.42;0.0;0.0;0.0;0.0;0.0;1997;False
1103;12283;582.83;0.0;0.0;0.0;0.0;0.0;1997;False
1104;8285;393.12;0.0;0.0;0.0;0.0;0.0;1997;False
1105;25106;1191.28;0.0;0.0;0.0;0.0;0.0;1997;False
1106;5411;256.75;0.0;0.0;0.0;0.0;0.0;1997;False
1107;7473;354.59;0.0;0.0;0.0;0.0;0.0;1997;False
1108;72092;3420.77;2788.6;0.0;0.82;0.0;0.0;1997;False
1109;2850;135.23;0.0;0.0;0.0;0.0;0.0;1997;False
1110;6124;290.58;0.0;0.0;0.0;0.0;0.0;1997;False
1111;27006;1281.43;0.0;0.0;0.0;0.0;0.0;1997;False
1112;65741;3119.41;1624.25;0.0;0.52;0.0;0.0;1997;False
1113;2521;119.62;0.0;0.0;0.0;0.0;0.0;1997;False
1114;1878;89.11;0.0;0.0;0.0;0.0;0.0;1997;False
1115;6021;285.7;0.0;0.0;0.0;0.0;0.0;1997;False
1116;17765;842.95;0.0;0.0;0.0;0.0;0.0;1997;False
1117;0;0.0;0.0;0.0;0.0;0.0;0.0;1997;False
1118;7115;337.61;0.0;0.0;0.0;0.0;0.0;1997;False
1119;102659;4871.17;0.0;0.0;0.0;0.0;0.0;1997;False
1120;2364;112.17;0.0;0.0;0.0;0.0;0.0;1997;False
1121;4236;201.0;0.0;0.0;0.0;0.0;0.0;1997;False
1122;10562;501.17;0.0;0.0;0.0;0.0;0.0;1997;False
1123;1755;83.27;0.0;0.0;0.0;0.0;0.0;1997;False
1124;4081;193.64;0.0;0.0;0.0;0.0;0.0;1997;False
1125;8262;392.03;0.0;0.0;0.0;0.0;0.0;1997;False
1126;2261;107.28;0.0;0.0;0.0;0.0;0.0;1997;False
1127;32638;1548.67;0.0;0.0;0.0;0.0;0.0;1997;False
1128;30922;1467.25;0.0;0.0;0.0;0.0;0.0;1997;False
1129;1812;85.98;0.0;0.0;0.0;0.0;0.0;1997;False
1130;6066;287.83;0.0;0.0;0.0;0.0;0.0;1997;False
1131;7218;342.49;0.0;0.0;0.0;0.0;0.0;1997;False
1132;5898;279.86;0.0;0.0;0.0;0.0;0.0;1997;False
1133;2392;113.5;0.0;0.0;0.0;0.0;0.0;1997;False
1134;30415;1443.19;503.7;0.0;0.35;0.0;0.0;1997;False
1135;2066;98.03;0.0;0.0;0.0;0.0;0.0;1997;False
1136;5680;269.52;0.0;0.0;0.0;0.0;0.0;1997;False
1137;9244;438.63;0.0;0.0;0.0;0.0;0.0;1997;False
1138;5021;238.25;0.0;0.0;0.0;0.0;0.0;1997;False
1139;3987;189.18;0.0;0.0;0.0;0.0;0.0;1997;False
1140;6194;293.91;0.0;0.0;0.0;0.0;0.0;1997;False
1141;14479;687.03;0.0;0.0;0.0;0.0;0.0;1997;False
1142;31654;1501.98;0.0;0.0;0.0;0.0;0.0;1997;False
1143;2000;94.9;0.0;0.0;0.0;0.0;0.0;1997;False
1144;1722;81.71;0.0;0.0;0.0;0.0;0.0;1997;False
1145;9092;431.42;0.0;0.0;0.0;0.0;0.0;1997;False
1146;8351;396.25;0.0;0.0;0.0;0.0;0.0;1997;False
1147;2481;117.72;0.0;0.0;0.0;0.0;0.0;1997;False
1148;3519;166.98;0.0;0.0;0.0;0.0;0.0;1997;False
1149;5443;258.27;0.0;0.0;0.0;0.0;0.0;1997;False
1150;4017;190.61;0.0;0.0;0.0;0.0;0.0;1997;False
1151;58161;2759.74;0.0;0.0;0.0;0.0;0.0;1997;False
1152;3293;156.25;0.0;0.0;0.0;0.0;0.0;1997;False
1153;11976;568.26;0.0;0.0;0.0;0.0;0.0;1997;False
1154;4141;196.49;0.0;0.0;0.0;0.0;0.0;1997;False
1155;3682;174.71;0.0;0.0;0.0;0.0;0.0;1997;False
1156;15303;726.13;0.0;0.0;0.0;0.0;0.0;1997;False
1157;3077;146.0;0.0;0.0;0.0;0.0;0.0;1997;False
1158;16191;768.26;0.0;0.0;0.0;0.0;0.0;1997;False
1159;1975;93.71;0.0;0.0;0.0;0.0;0.0;1997;False
1160;3096;146.91;0.0;0.0;0.0;0.0;0.0;1997;False
1161;2389;113.36;0.0;0.0;0.0;0.0;0.0;1997;False
1162;7787;369.49;0.0;0.0;0.0;0.0;0.0;1997;False
1163;10478;497.18;0.0;0.0;0.0;0.0;0.0;1997;False
1164;1711;81.19;0.0;0.0;0.0;0.0;0.0;1997;False
1165;9051;429.47;0.0;0.0;0.0;0.0;0.0;1997;False
1166;3359;159.38;0.0;0.0;0.0;0.0;0.0;1997;False
1167;20577;976.38;0.0;0.0;0.0;0.0;0.0;1997;False
1168;10770;511.04;0.0;0.0;0.0;0.0;0.0;1997;False
1169;18876;895.67;0.0;0.0;0.0;0.0;0.0;1997;False
1170;23841;1131.26;0.0;0.0;0.0;0.0;0.0;1997;False
1171;55651;2640.64;0.0;0.0;0.0;0.0;0.0;1997;False
1172;14822;703.3;0.0;0.0;0.0;0.0;0.0;1997;False
1173;34978;1659.71;0.0;0.0;0.0;0.0;0.0;1997;False
1174;2379;112.88;0.0;0.0;0.0;0.0;0.0;1997;False
1175;2856;135.52;0.0;0.0;0.0;0.0;0.0;1997;False
1176;22700;1077.12;0.0;0.0;0.0;0.0;0.0;1997;False
1177;3116;147.85;0.0;0.0;0.0;0.0;0.0;1997;False
1178;32149;1525.47;0.0;0.0;0.0;0.0;0.0;1997;False
1179;9259;439.34;0.0;0.0;0.0;0.0;0.0;1997;False
1180;4043;191.84;0.0;0.0;0.0;0.0;0.0;1997;False
1181;1730;82.09;0.0;0.0;0.0;0.0;0.0;1997;False
1182;93218;4423.19;0.0;0.0;0.0;0.0;0.0;1997;False
1183;15643;742.26;0.0;0.0;0.0;0.0;0.0;1997;False
1184;7037;333.91;0.0;0.0;0.0;0.0;0.0;1997;False
1185;4230;200.71;0.0;0.0;0.0;0.0;0.0;1997;False
1186;2725;129.3;0.0;0.0;0.0;0.0;0.0;1997;False
1187;3151;149.51;0.0;0.0;0.0;0.0;0.0;1997;False
1188;29699;1409.22;0.0;0.0;0.0;0.0;0.0;1997;False
1189;3205;152.08;0.0;0.0;0.0;0.0;0.0;1997;False
1190;4817;228.57;0.0;0.0;0.0;0.0;0.0;1997;False
1191;2734;129.73;0.0;0.0;0.0;0.0;0.0;1997;False
1192;3270;155.16;0.0;0.0;0.0;0.0;0.0;1997;False
1193;4714;223.68;0.0;0.0;0.0;0.0;0.0;1997;False
1194;11589;549.9;0.0;0.0;0.0;0.0;0.0;1997;False
1195;3691;175.14;0.0;0.0;0.0;0.0;0.0;1997;False
1196;2306;109.42;0.0;0.0;0.0;0.0;0.0;1997;False
1197;48678;2309.77;0.0;0.0;0.0;0.0;0.0;1997;False
1198;8353;396.35;0.0;0.0;0.0;0.0;0.0;1997;False
1199;5328;252.81;0.0;0.0;0.0;0.0;0.0;1997;False
1200;5582;264.87;0.0;0.0;0.0;0.0;0.0;1997;False
1201;1890;89.68;0.0;0.0;0.0;0.0;0.0;1997;False
1202;23028;1092.68;0.0;0.0;0.0;0.0;0.0;1997;False
1203;3361;159.48;0.0;0.0;0.0;0.0;0.0;1997;False
1204;19366;918.92;0.0;0.0;0.0;0.0;0.0;1997;False
1205;2731;129.59;0.0;0.0;0.0;0.0;0.0;1997;False
1206;1473;69.89;0.0;0.0;0.0;0.0;0.0;1997;False
1207;11476;544.54;0.0;0.0;0.0;0.0;0.0;1997;False
1208;42055;1995.51;0.0;0.0;0.0;0.0;0.0;1997;False
1209;5907;280.29;0.0;0.0;0.0;0.0;0.0;1997;False
1210;17193;815.81;0.0;0.0;0.0;0.0;0.0;1997;False
1211;5548;263.25;0.0;0.0;0.0;0.0;0.0;1997;False
1212;2651;125.79;0.0;0.0;0.0;0.0;0.0;1997;False
1213;3328;157.91;0.0;0.0;0.0;0.0;0.0;1997;False
1214;1946;92.34;0.0;0.0;0.0;0.0;0.0;1997;False
1215;4144;196.63;0.0;0.0;0.0;0.0;0.0;1997;False
1216;2518;119.48;0.0;0.0;0.0;0.0;0.0;1997;False
1217;65134;3090.61;963.6;963.6;0.31;1.0;0.31;1997;False
1218;3172;150.51;0.0;0.0;0.0;0.0;0.0;1997;False
1219;4991;236.82;0.0;0.0;0.0;0.0;0.0;1997;False
1220;2854;135.42;0.0;0.0;0.0;0.0;0.0;1997;False
1221;2709;128.54;0.0;0.0;0.0;0.0;0.0;1997;False
1222;30402;1442.57;0.0;0.0;0.0;0.0;0.0;1997;False
1223;13586;644.66;0.0;0.0;0.0;0.0;0.0;1997;False
1224;2603;123.51;0.0;0.0;0.0;0.0;0.0;1997;False
1225;72529;3441.5;0.0;0.0;0.0;0.0;0.0;1997;False
1226;3134;148.71;0.0;0.0;0.0;0.0;0.0;1997;False
1227;8725;414.0;0.0;0.0;0.0;0.0;0.0;1997;False
1228;5502;261.07;0.0;0.0;0.0;0.0;0.0;1997;False
1229;2380;112.93;0.0;0.0;0.0;0.0;0.0;1997;False
1230;3379;160.33;0.0;0.0;0.0;0.0;0.0;1997;False
985;1560;74.02;0.0;0.0;0.0;0.0;0.0;1996;True
986;8925;423.49;0.0;0.0;0.0;0.0;0.0;1996;True
987;14143;671.09;0.0;0.0;0.0;0.0;0.0;1996;True
988;2315;109.85;0.0;0.0;0.0;0.0;0.0;1996;True
989;3473;164.79;0.0;0.0;0.0;0.0;0.0;1996;True
990;1763;83.65;0.0;0.0;0.0;0.0;0.0;1996;True
991;32392;1537.0;0.0;0.0;0.0;0.0;0.0;1996;True
992;17187;815.52;0.0;0.0;0.0;0.0;0.0;1996;True
993;1757;83.37;0.0;0.0;0.0;0.0;0.0;1996;True
994;2147;101.88;0.0;0.0;0.0;0.0;0.0;1996;True
995;4597;218.13;0.0;0.0;0.0;0.0;0.0;1996;True
996;6928;328.73;0.0;0.0;0.0;0.0;0.0;1996;True
997;1242;58.93;0.0;0.0;0.0;0.0;0.0;1996;True
998;4527;214.81;0.0;0.0;0.0;0.0;0.0;1996;True
999;3770;178.89;0.0;0.0;0.0;0.0;0.0;1996;True
1000;239209;11350.47;6347.35;6347.35;0.56;1.0;0.56;1996;True
1001;794;37.68;0.0;0.0;0.0;0.0;0.0;1996;True
1002;16361;776.33;0.0;0.0;0.0;0.0;0.0;1996;True
1003;230212;10923.56;0.0;0.0;0.0;0.0;0.0;1996;True
1004;1941;92.1;0.0;0.0;0.0;0.0;0.0;1996;True
1005;3167;150.27;0.0;0.0;0.0;0.0;0.0;1996;True
1006;3300;156.58;0.0;0.0;0.0;0.0;0.0;1996;True
1007;14429;684.66;0.0;0.0;0.0;0.0;0.0;1996;True
1008;5086;241.33;0.0;0.0;0.0;0.0;0.0;1996;True
1009;7048;334.43;0.0;0.0;0.0;0.0;0.0;1996;True
1010;3510;166.55;0.0;0.0;0.0;0.0;0.0;1996;True
1011;4861;230.65;0.0;0.0;0.0;0.0;0.0;1996;True
1012;3922;186.1;0.0;0.0;0.0;0.0;0.0;1996;True
1013;2144;101.73;0.0;0.0;0.0;0.0;0.0;1996;True
1014;3856;182.97;0.0;0.0;0.0;0.0;0.0;1996;True
1015;7744;367.45;0.0;0.0;0.0;0.0;0.0;1996;True
1016;15720;745.91;0.0;0.0;0.0;0.0;0.0;1996;True
1017;7411;351.65;0.0;0.0;0.0;0.0;0.0;1996;True
1018;13216;627.1;0.0;0.0;0.0;0.0;0.0;1996;True
1019;3654;173.38;0.0;0.0;0.0;0.0;0.0;1996;True
1020;1197;56.8;0.0;0.0;0.0;0.0;0.0;1996;True
1021;2294;108.85;0.0;0.0;0.0;0.0;0.0;1996;True
1022;4807;228.09;0.0;0.0;0.0;0.0;0.0;1996;True
1023;8021;380.6;0.0;0.0;0.0;0.0;0.0;1996;True
1024;2030;96.32;0.0;0.0;0.0;0.0;0.0;1996;True
1025;3121;148.09;0.0;0.0;0.0;0.0;0.0;1996;True
1026;5807;275.54;0.0;0.0;0.0;0.0;0.0;1996;True
1027;7326;347.62;0.0;0.0;0.0;0.0;0.0;1996;True
1028;1273;60.4;0.0;0.0;0.0;0.0;0.0;1996;True
1029;7623;361.71;0.0;0.0;0.0;0.0;0.0;1996;True
1030;9690;459.79;0.0;0.0;0.0;0.0;0.0;1996;True
1031;12404;588.57;0.0;0.0;0.0;0.0;0.0;1996;True
1032;31060;1473.8;0.0;0.0;0.0;0.0;0.0;1996;True
1033;2164;102.68;0.0;0.0;0.0;0.0;0.0;1996;True
1034;2146;101.83;0.0;0.0;0.0;0.0;0.0;1996;True
1035;3594;170.54;0.0;0.0;0.0;0.0;0.0;1996;True
1036;7727;366.65;0.0;0.0;0.0;0.0;0.0;1996;True
1037;4164;197.58;0.0;0.0;0.0;0.0;0.0;1996;True
1038;0;0.0;0.0;0.0;0.0;0.0;0.0;1996;True
1039;14519;688.93;0.0;0.0;0.0;0.0;0.0;1996;True
1040;14180;672.84;0.0;0.0;0.0;0.0;0.0;1996;True
1041;8111;384.87;0.0;0.0;0.0;0.0;0.0;1996;True
1042;3287;155.97;0.0;0.0;0.0;0.0;0.0;1996;True
1043;54418;2582.13;0.0;0.0;0.0;0.0;0.0;1996;True
1044;3789;179.79;0.0;0.0;0.0;0.0;0.0;1996;True
1045;8161;387.24;0.0;0.0;0.0;0.0;0.0;1996;True
1046;20034;950.61;0.0;0.0;0.0;0.0;0.0;1996;True
1047;5681;269.56;0.0;0.0;0.0;0.0;0.0;1996;True
1048;2064;97.94;0.0;0.0;0.0;0.0;0.0;1996;True
1049;31456;1492.59;1018.35;1018.35;0.68;1.0;0.68;1996;True
1050;10632;504.49;0.0;0.0;0.0;0.0;0.0;1996;True
1051;3277;155.49;0.0;0.0;0.0;0.0;0.0;1996;True
1052;2788;132.29;0.0;0.0;0.0;0.0;0.0;1996;True
1053;7981;378.7;0.0;0.0;0.0;0.0;0.0;1996;True
1054;5078;240.95;0.0;0.0;0.0;0.0;0.0;1996;True
1055;26052;1236.17;0.0;0.0;0.0;0.0;0.0;1996;True
1056;2435;115.54;0.0;0.0;0.0;0.0;0.0;1996;True
1057;16119;764.85;0.0;0.0;0.0;0.0;0.0;1996;True
1058;3245;153.98;0.0;0.0;0.0;0.0;0.0;1996;True
1059;2633;124.94;0.0;0.0;0.0;0.0;0.0;1996;True
1060;3229;153.22;0.0;0.0;0.0;0.0;0.0;1996;True
1061;2409;114.31;0.0;0.0;0.0;0.0;0.0;1996;True
1062;1828;86.74;0.0;0.0;0.0;0.0;0.0;1996;True
1063;2354;111.7;0.0;0.0;0.0;0.0;0.0;1996;True
1064;4617;219.08;0.0;0.0;0.0;0.0;0.0;1996;True
1065;8381;397.68;0.0;0.0;0.0;0.0;0.0;1996;True
1066;3651;173.24;0.0;0.0;0.0;0.0;0.0;1996;True
1067;8873;421.02;0.0;0.0;0.0;0.0;0.0;1996;True
1068;3183;151.03;0.0;0.0;0.0;0.0;0.0;1996;True
1069;6835;324.32;0.0;0.0;0.0;0.0;0.0;1996;True
1070;6514;309.09;0.0;0.0;0.0;0.0;0.0;1996;True
1071;8717;413.62;0.0;0.0;0.0;0.0;0.0;1996;True
1072;4946;234.69;0.0;0.0;0.0;0.0;0.0;1996;True
1073;63091;2993.67;0.0;0.0;0.0;0.0;0.0;1996;True
1074;5222;247.78;0.0;0.0;0.0;0.0;0.0;1996;True
1075;0;0.0;0.0;0.0;0.0;0.0;0.0;1996;True
1076;8376;397.44;0.0;0.0;0.0;0.0;0.0;1996;True
1077;4661;221.16;0.0;0.0;0.0;0.0;0.0;1996;True
1078;43263;2052.83;0.0;0.0;0.0;0.0;0.0;1996;True
1079;908337;43100.59;0.0;0.0;0.0;0.0;0.0;1996;True
1080;12654;600.43;0.0;0.0;0.0;0.0;0.0;1996;True
1081;25263;1198.73;0.0;0.0;0.0;0.0;0.0;1996;True
1082;28987;1375.43;0.0;0.0;0.0;0.0;0.0;1996;True
1083;3535;167.74;0.0;0.0;0.0;0.0;0.0;1996;True
1084;11234;533.05;0.0;0.0;0.0;0.0;0.0;1996;True
1085;2577;122.28;0.0;0.0;0.0;0.0;0.0;1996;True
1086;4839;229.61;0.0;0.0;0.0;0.0;0.0;1996;True
1087;3136;148.8;0.0;0.0;0.0;0.0;0.0;1996;True
1088;2606;123.65;0.0;0.0;0.0;0.0;0.0;1996;True
1089;9958;472.51;0.0;0.0;0.0;0.0;0.0;1996;True
1090;4198;199.2;0.0;0.0;0.0;0.0;0.0;1996;True
1091;9113;432.41;0.0;0.0;0.0;0.0;0.0;1996;True
1092;4611;218.79;0.0;0.0;0.0;0.0;0.0;1996;True
1093;10319;489.64;0.0;0.0;0.0;0.0;0.0;1996;True
1094;36652;1739.14;0.0;0.0;0.0;0.0;0.0;1996;True
1095;19525;926.46;0.0;0.0;0.0;0.0;0.0;1996;True
1096;0;0.0;0.0;0.0;0.0;0.0;0.0;1996;True
1097;28373;1346.3;0.0;0.0;0.0;0.0;0.0;1996;True
1098;2962;140.55;0.0;0.0;0.0;0.0;0.0;1996;True
1099;23253;1103.35;0.0;0.0;0.0;0.0;0.0;1996;True
1100;3716;176.32;0.0;0.0;0.0;0.0;0.0;1996;True
1101;5111;242.52;0.0;0.0;0.0;0.0;0.0;1996;True
1102;5289;250.96;0.0;0.0;0.0;0.0;0.0;1996;True
1103;12095;573.91;0.0;0.0;0.0;0.0;0.0;1996;True
1104;8017;380.41;0.0;0.0;0.0;0.0;0.0;1996;True
1105;25507;1210.31;0.0;0.0;0.0;0.0;0.0;1996;True
1106;5375;255.04;0.0;0.0;0.0;0.0;0.0;1996;True
1107;7450;353.5;0.0;0.0;0.0;0.0;0.0;1996;True
1108;71314;3383.85;0.0;0.0;0.0;0.0;0.0;1996;True
1109;2695;127.88;0.0;0.0;0.0;0.0;0.0;1996;True
1110;5944;282.04;0.0;0.0;0.0;0.0;0.0;1996;True
1111;25673;1218.18;0.0;0.0;0.0;0.0;0.0;1996;True
1112;62492;2965.25;1522.05;0.0;0.51;0.0;0.0;1996;True
1113;2741;130.06;0.0;0.0;0.0;0.0;0.0;1996;True
1114;1835;87.07;0.0;0.0;0.0;0.0;0.0;1996;True
1115;5938;281.76;0.0;0.0;0.0;0.0;0.0;1996;True
1116;18773;890.78;0.0;0.0;0.0;0.0;0.0;1996;True
1117;0;0.0;0.0;0.0;0.0;0.0;0.0;1996;True
1118;7234;343.25;0.0;0.0;0.0;0.0;0.0;1996;True
1119;148086;7026.68;0.0;0.0;0.0;0.0;0.0;1996;True
1120;2369;112.41;0.0;0.0;0.0;0.0;0.0;1996;True
1121;4084;193.79;0.0;0.0;0.0;0.0;0.0;1996;True
1122;12370;586.96;0.0;0.0;0.0;0.0;0.0;1996;True
1123;1569;74.45;0.0;0.0;0.0;0.0;0.0;1996;True
1124;3856;182.97;0.0;0.0;0.0;0.0;0.0;1996;True
1125;7780;369.16;0.0;0.0;0.0;0.0;0.0;1996;True
1126;2711;128.64;0.0;0.0;0.0;0.0;0.0;1996;True
1127;31588;1498.85;0.0;0.0;0.0;0.0;0.0;1996;True
1128;31231;1481.91;0.0;0.0;0.0;0.0;0.0;1996;True
1129;1856;88.07;0.0;0.0;0.0;0.0;0.0;1996;True
1130;6781;321.76;0.0;0.0;0.0;0.0;0.0;1996;True
1131;7225;342.83;0.0;0.0;0.0;0.0;0.0;1996;True
1132;5575;264.53;0.0;0.0;0.0;0.0;0.0;1996;True
1133;2240;106.29;0.0;0.0;0.0;0.0;0.0;1996;True
1134;30029;1424.88;397.85;0.0;0.28;0.0;0.0;1996;True
1135;2098;99.55;0.0;0.0;0.0;0.0;0.0;1996;True
1136;5837;276.97;0.0;0.0;0.0;0.0;0.0;1996;True
1137;9364;444.32;0.0;0.0;0.0;0.0;0.0;1996;True
1138;4949;234.83;0.0;0.0;0.0;0.0;0.0;1996;True
1139;3715;176.28;0.0;0.0;0.0;0.0;0.0;1996;True
1140;6028;286.03;0.0;0.0;0.0;0.0;0.0;1996;True
1141;13713;650.68;0.0;0.0;0.0;0.0;0.0;1996;True
1142;35098;1665.4;0.0;0.0;0.0;0.0;0.0;1996;True
1143;1852;87.88;0.0;0.0;0.0;0.0;0.0;1996;True
1144;1683;79.86;0.0;0.0;0.0;0.0;0.0;1996;True
1145;10079;478.25;0.0;0.0;0.0;0.0;0.0;1996;True
1146;7816;370.87;0.0;0.0;0.0;0.0;0.0;1996;True
1147;2742;130.11;0.0;0.0;0.0;0.0;0.0;1996;True
1148;3972;188.47;0.0;0.0;0.0;0.0;0.0;1996;True
1149;4949;234.83;0.0;0.0;0.0;0.0;0.0;1996;True
1150;4145;196.68;0.0;0.0;0.0;0.0;0.0;1996;True
1151;29080;1379.85;0.0;0.0;0.0;0.0;0.0;1996;True
1152;3805;180.55;0.0;0.0;0.0;0.0;0.0;1996;True
1153;11659;553.22;0.0;0.0;0.0;0.0;0.0;1996;True
1154;4070;193.12;0.0;0.0;0.0;0.0;0.0;1996;True
1155;3579;169.82;0.0;0.0;0.0;0.0;0.0;1996;True
1156;16006;759.48;0.0;0.0;0.0;0.0;0.0;1996;True
1157;2876;136.47;0.0;0.0;0.0;0.0;0.0;1996;True
1158;15561;738.37;0.0;0.0;0.0;0.0;0.0;1996;True
1159;1983;94.09;0.0;0.0;0.0;0.0;0.0;1996;True
1160;3077;146.0;0.0;0.0;0.0;0.0;0.0;1996;True
1161;2249;106.72;0.0;0.0;0.0;0.0;0.0;1996;True
1162;7412;351.7;0.0;0.0;0.0;0.0;0.0;1996;True
1163;9447;448.26;0.0;0.0;0.0;0.0;0.0;1996;True
1164;1534;72.79;0.0;0.0;0.0;0.0;0.0;1996;True
1165;9123;432.89;0.0;0.0;0.0;0.0;0.0;1996;True
1166;3732;177.08;0.0;0.0;0.0;0.0;0.0;1996;True
1167;20497;972.58;0.0;0.0;0.0;0.0;0.0;1996;True
1168;11413;541.55;0.0;0.0;0.0;0.0;0.0;1996;True
1169;20256;961.15;0.0;0.0;0.0;0.0;0.0;1996;True
1170;22386;1062.22;0.0;0.0;0.0;0.0;0.0;1996;True
1171;48182;2286.24;0.0;0.0;0.0;0.0;0.0;1996;True
1172;14431;684.75;0.0;0.0;0.0;0.0;0.0;1996;True
1173;36918;1751.76;0.0;0.0;0.0;0.0;0.0;1996;True
1174;1189;56.42;0.0;0.0;0.0;0.0;0.0;1996;True
1175;2916;138.36;0.0;0.0;0.0;0.0;0.0;1996;True
1176;23258;1103.59;0.0;0.0;0.0;0.0;0.0;1996;True
1177;2843;134.9;0.0;0.0;0.0;0.0;0.0;1996;True
1178;32284;1531.88;0.0;0.0;0.0;0.0;0.0;1996;True
1179;8823;418.65;0.0;0.0;0.0;0.0;0.0;1996;True
1180;4035;191.46;0.0;0.0;0.0;0.0;0.0;1996;True
1181;1218;57.79;0.0;0.0;0.0;0.0;0.0;1996;True
1182;92147;4372.38;0.0;0.0;0.0;0.0;0.0;1996;True
1183;15310;726.46;0.0;0.0;0.0;0.0;0.0;1996;True
1184;6666;316.3;0.0;0.0;0.0;0.0;0.0;1996;True
1185;3952;187.52;0.0;0.0;0.0;0.0;0.0;1996;True
1186;2892;137.23;0.0;0.0;0.0;0.0;0.0;1996;True
1187;3143;149.14;0.0;0.0;0.0;0.0;0.0;1996;True
1188;31632;1500.94;0.0;0.0;0.0;0.0;0.0;1996;True
1189;3240;153.74;0.0;0.0;0.0;0.0;0.0;1996;True
1190;4537;215.28;0.0;0.0;0.0;0.0;0.0;1996;True
1191;1366;64.82;0.0;0.0;0.0;0.0;0.0;1996;True
1192;3408;161.71;0.0;0.0;0.0;0.0;0.0;1996;True
1193;4629;219.65;0.0;0.0;0.0;0.0;0.0;1996;True
1194;14161;671.94;0.0;0.0;0.0;0.0;0.0;1996;True
1195;3499;166.03;0.0;0.0;0.0;0.0;0.0;1996;True
1196;2144;101.73;0.0;0.0;0.0;0.0;0.0;1996;True
1197;42319;2008.04;0.0;0.0;0.0;0.0;0.0;1996;True
1198;9038;428.85;0.0;0.0;0.0;0.0;0.0;1996;True
1199;5233;248.31;0.0;0.0;0.0;0.0;0.0;1996;True
1200;5192;246.36;0.0;0.0;0.0;0.0;0.0;1996;True
1201;1736;82.37;0.0;0.0;0.0;0.0;0.0;1996;True
1202;22752;1079.58;0.0;0.0;0.0;0.0;0.0;1996;True
1203;3726;176.8;0.0;0.0;0.0;0.0;0.0;1996;True
1204;18286;867.67;0.0;0.0;0.0;0.0;0.0;1996;True
1205;2688;127.55;0.0;0.0;0.0;0.0;0.0;1996;True
1206;736;34.92;0.0;0.0;0.0;0.0;0.0;1996;True
1207;10701;507.76;0.0;0.0;0.0;0.0;0.0;1996;True
1208;33132;1572.11;0.0;0.0;0.0;0.0;0.0;1996;True
1209;6869;325.93;0.0;0.0;0.0;0.0;0.0;1996;True
1210;16782;796.31;0.0;0.0;0.0;0.0;0.0;1996;True
1211;5514;261.64;0.0;0.0;0.0;0.0;0.0;1996;True
1212;2575;122.18;0.0;0.0;0.0;0.0;0.0;1996;True
1213;3388;160.76;0.0;0.0;0.0;0.0;0.0;1996;True
1214;1617;76.73;0.0;0.0;0.0;0.0;0.0;1996;True
1215;3807;180.64;0.0;0.0;0.0;0.0;0.0;1996;True
1216;2287;108.52;0.0;0.0;0.0;0.0;0.0;1996;True
1217;59948;2844.53;0.0;0.0;0.0;0.0;0.0;1996;True
1218;3293;156.25;0.0;0.0;0.0;0.0;0.0;1996;True
1219;4777;226.67;0.0;0.0;0.0;0.0;0.0;1996;True
1220;2512;119.19;0.0;0.0;0.0;0.0;0.0;1996;True
1221;2764;131.15;0.0;0.0;0.0;0.0;0.0;1996;True
1222;32381;1536.48;0.0;0.0;0.0;0.0;0.0;1996;True
1223;13267;629.52;0.0;0.0;0.0;0.0;0.0;1996;True
1224;2496;118.44;0.0;0.0;0.0;0.0;0.0;1996;True
1225;36264;1720.73;0.0;0.0;0.0;0.0;0.0;1996;True
1226;3010;142.82;0.0;0.0;0.0;0.0;0.0;1996;True
1227;8629;409.45;0.0;0.0;0.0;0.0;0.0;1996;True
1228;5324;252.62;0.0;0.0;0.0;0.0;0.0;1996;True
1229;2628;124.7;0.0;0.0;0.0;0.0;0.0;1996;True
1230;1689;80.14;0.0;0.0;0.0;0.0;0.0;1996;True
985;0;0.0;0.0;0.0;0.0;0.0;0.0;1995;False
986;8552;405.79;0.0;0.0;0.0;0.0;0.0;1995;False
987;14238;675.59;0.0;0.0;0.0;0.0;0.0;1995;False
988;2127;100.93;0.0;0.0;0.0;0.0;0.0;1995;False
989;3625;172.01;0.0;0.0;0.0;0.0;0.0;1995;False
990;1633;77.49;0.0;0.0;0.0;0.0;0.0;1995;False
991;0;0.0;0.0;0.0;0.0;0.0;0.0;1995;False
992;16681;791.51;0.0;0.0;0.0;0.0;0.0;1995;False
993;1679;79.67;0.0;0.0;0.0;0.0;0.0;1995;False
994;1927;91.44;0.0;0.0;0.0;0.0;0.0;1995;False
995;4121;195.54;0.0;0.0;0.0;0.0;0.0;1995;False
996;6956;330.06;0.0;0.0;0.0;0.0;0.0;1995;False
997;0;0.0;0.0;0.0;0.0;0.0;0.0;1995;False
998;4329;205.41;0.0;0.0;0.0;0.0;0.0;1995;False
999;3753;178.08;0.0;0.0;0.0;0.0;0.0;1995;False
1000;233410;11075.3;0.0;0.0;0.0;0.0;0.0;1995;False
1001;815;38.67;0.0;0.0;0.0;0.0;0.0;1995;False
1002;16559;785.72;0.0;0.0;0.0;0.0;0.0;1995;False
1003;200699;9523.17;0.0;0.0;0.0;0.0;0.0;1995;False
1004;1781;84.51;0.0;0.0;0.0;0.0;0.0;1995;False
1005;3254;154.4;0.0;0.0;0.0;0.0;0.0;1995;False
1006;3287;155.97;0.0;0.0;0.0;0.0;0.0;1995;False
1007;13699;650.02;0.0;0.0;0.0;0.0;0.0;1995;False
1008;4826;228.99;0.0;0.0;0.0;0.0;0.0;1995;False
1009;6938;329.21;0.0;0.0;0.0;0.0;0.0;1995;False
1010;3514;166.74;0.0;0.0;0.0;0.0;0.0;1995;False
1011;4825;228.95;0.0;0.0;0.0;0.0;0.0;1995;False
1012;3614;171.48;0.0;0.0;0.0;0.0;0.0;1995;False
1013;1969;93.43;0.0;0.0;0.0;0.0;0.0;1995;False
1014;4057;192.5;0.0;0.0;0.0;0.0;0.0;1995;False
1015;8491;402.9;0.0;0.0;0.0;0.0;0.0;1995;False
1016;14543;690.07;0.0;0.0;0.0;0.0;0.0;1995;False
1017;7516;356.63;0.0;0.0;0.0;0.0;0.0;1995;False
1018;13036;618.56;0.0;0.0;0.0;0.0;0.0;1995;False
1019;3275;155.4;0.0;0.0;0.0;0.0;0.0;1995;False
1020;0;0.0;0.0;0.0;0.0;0.0;0.0;1995;False
1021;2122;100.69;0.0;0.0;0.0;0.0;0.0;1995;False
1022;4605;218.51;0.0;0.0;0.0;0.0;0.0;1995;False
1023;7820;371.06;0.0;0.0;0.0;0.0;0.0;1995;False
1024;1758;83.42;0.0;0.0;0.0;0.0;0.0;1995;False
1025;3043;144.39;0.0;0.0;0.0;0.0;0.0;1995;False
1026;6353;301.45;0.0;0.0;0.0;0.0;0.0;1995;False
1027;7366;349.52;0.0;0.0;0.0;0.0;0.0;1995;False
1028;1347;63.92;0.0;0.0;0.0;0.0;0.0;1995;False
1029;8002;379.69;0.0;0.0;0.0;0.0;0.0;1995;False
1030;10212;484.56;0.0;0.0;0.0;0.0;0.0;1995;False
1031;11912;565.22;0.0;0.0;0.0;0.0;0.0;1995;False
1032;24466;1160.91;0.0;0.0;0.0;0.0;0.0;1995;False
1033;1833;86.98;0.0;0.0;0.0;0.0;0.0;1995;False
1034;2063;97.89;0.0;0.0;0.0;0.0;0.0;1995;False
1035;3799;180.26;0.0;0.0;0.0;0.0;0.0;1995;False
1036;7510;356.35;0.0;0.0;0.0;0.0;0.0;1995;False
1037;4135;196.21;0.0;0.0;0.0;0.0;0.0;1995;False
1038;0;0.0;0.0;0.0;0.0;0.0;0.0;1995;False
1039;14933;708.57;0.0;0.0;0.0;0.0;0.0;1995;False
1040;16860;800.01;0.0;0.0;0.0;0.0;0.0;1995;False
1041;9361;444.18;0.0;0.0;0.0;0.0;0.0;1995;False
1042;3152;149.56;0.0;0.0;0.0;0.0;0.0;1995;False
1043;55220;2620.19;0.0;0.0;0.0;0.0;0.0;1995;False
1044;3881;184.15;0.0;0.0;0.0;0.0;0.0;1995;False
1045;7418;351.98;0.0;0.0;0.0;0.0;0.0;1995;False
1046;20804;987.15;0.0;0.0;0.0;0.0;0.0;1995;False
1047;5645;267.86;0.0;0.0;0.0;0.0;0.0;1995;False
1048;1639;77.77;0.0;0.0;0.0;0.0;0.0;1995;False
1049;31420;1490.88;0.0;0.0;0.0;0.0;0.0;1995;False
1050;9299;441.24;0.0;0.0;0.0;0.0;0.0;1995;False
1051;3407;161.66;0.0;0.0;0.0;0.0;0.0;1995;False
1052;2772;131.53;0.0;0.0;0.0;0.0;0.0;1995;False
1053;8350;396.21;0.0;0.0;0.0;0.0;0.0;1995;False
1054;4686;222.35;0.0;0.0;0.0;0.0;0.0;1995;False
1055;25255;1198.35;0.0;0.0;0.0;0.0;0.0;1995;False
1056;2348;111.41;0.0;0.0;0.0;0.0;0.0;1995;False
1057;18188;863.02;0.0;0.0;0.0;0.0;0.0;1995;False
1058;3092;146.72;0.0;0.0;0.0;0.0;0.0;1995;False
1059;2430;115.3;0.0;0.0;0.0;0.0;0.0;1995;False
1060;3342;158.58;0.0;0.0;0.0;0.0;0.0;1995;False
1061;2434;115.49;0.0;0.0;0.0;0.0;0.0;1995;False
1062;1785;84.7;0.0;0.0;0.0;0.0;0.0;1995;False
1063;2222;105.43;0.0;0.0;0.0;0.0;0.0;1995;False
1064;4717;223.82;0.0;0.0;0.0;0.0;0.0;1995;False
1065;10182;483.14;0.0;0.0;0.0;0.0;0.0;1995;False
1066;3970;188.38;0.0;0.0;0.0;0.0;0.0;1995;False
1067;8050;381.97;0.0;0.0;0.0;0.0;0.0;1995;False
1068;3179;150.84;0.0;0.0;0.0;0.0;0.0;1995;False
1069;6851;325.08;0.0;0.0;0.0;0.0;0.0;1995;False
1070;6134;291.06;0.0;0.0;0.0;0.0;0.0;1995;False
1071;8728;414.14;0.0;0.0;0.0;0.0;0.0;1995;False
1072;4984;236.49;0.0;0.0;0.0;0.0;0.0;1995;False
1073;60908;2890.08;0.0;0.0;0.0;0.0;0.0;1995;False
1074;5218;247.59;0.0;0.0;0.0;0.0;0.0;1995;False
1075;0;0.0;0.0;0.0;0.0;0.0;0.0;1995;False
1076;7211;342.16;0.0;0.0;0.0;0.0;0.0;1995;False
1077;4780;226.81;0.0;0.0;0.0;0.0;0.0;1995;False
1078;44090;2092.07;0.0;0.0;0.0;0.0;0.0;1995;False
1079;893225;42383.53;0.0;0.0;0.0;0.0;0.0;1995;False
1080;10873;515.92;0.0;0.0;0.0;0.0;0.0;1995;False
1081;25269;1199.01;0.0;0.0;0.0;0.0;0.0;1995;False
1082;30709;1457.14;0.0;0.0;0.0;0.0;0.0;1995;False
1083;3505;166.31;0.0;0.0;0.0;0.0;0.0;1995;False
1084;11092;526.32;0.0;0.0;0.0;0.0;0.0;1995;False
1085;2482;117.77;0.0;0.0;0.0;0.0;0.0;1995;False
1086;5514;261.64;0.0;0.0;0.0;0.0;0.0;1995;False
1087;3483;165.27;0.0;0.0;0.0;0.0;0.0;1995;False
1088;2547;120.86;0.0;0.0;0.0;0.0;0.0;1995;False
1089;9651;457.94;0.0;0.0;0.0;0.0;0.0;1995;False
1090;4539;215.38;0.0;0.0;0.0;0.0;0.0;1995;False
1091;9138;433.6;0.0;0.0;0.0;0.0;0.0;1995;False
1092;4687;222.4;0.0;0.0;0.0;0.0;0.0;1995;False
1093;9812;465.58;0.0;0.0;0.0;0.0;0.0;1995;False
1094;36289;1721.91;0.0;0.0;0.0;0.0;0.0;1995;False
1095;18913;897.42;0.0;0.0;0.0;0.0;0.0;1995;False
1096;0;0.0;0.0;0.0;0.0;0.0;0.0;1995;False
1097;28079;1332.35;0.0;0.0;0.0;0.0;0.0;1995;False
1098;2829;134.24;0.0;0.0;0.0;0.0;0.0;1995;False
1099;22307;1058.47;0.0;0.0;0.0;0.0;0.0;1995;False
1100;3462;164.27;0.0;0.0;0.0;0.0;0.0;1995;False
1101;5467;259.41;0.0;0.0;0.0;0.0;0.0;1995;False
1102;5469;259.5;0.0;0.0;0.0;0.0;0.0;1995;False
1103;11908;565.03;0.0;0.0;0.0;0.0;0.0;1995;False
1104;7749;367.69;0.0;0.0;0.0;0.0;0.0;1995;False
1105;25909;1229.38;0.0;0.0;0.0;0.0;0.0;1995;False
1106;5341;253.43;0.0;0.0;0.0;0.0;0.0;1995;False
1107;7429;352.51;0.0;0.0;0.0;0.0;0.0;1995;False
1108;70536;3346.93;0.0;0.0;0.0;0.0;0.0;1995;False
1109;2540;120.52;0.0;0.0;0.0;0.0;0.0;1995;False
1110;5765;273.55;0.0;0.0;0.0;0.0;0.0;1995;False
1111;24339;1154.89;0.0;0.0;0.0;0.0;0.0;1995;False
1112;59242;2811.03;0.0;0.0;0.0;0.0;0.0;1995;False
1113;2960;140.45;0.0;0.0;0.0;0.0;0.0;1995;False
1114;1793;85.08;0.0;0.0;0.0;0.0;0.0;1995;False
1115;5856;277.87;0.0;0.0;0.0;0.0;0.0;1995;False
1116;19783;938.7;0.0;0.0;0.0;0.0;0.0;1995;False
1117;0;0.0;0.0;0.0;0.0;0.0;0.0;1995;False
1118;7353;348.9;0.0;0.0;0.0;0.0;0.0;1995;False
1119;193513;9182.19;0.0;0.0;0.0;0.0;0.0;1995;False
1120;2373;112.6;0.0;0.0;0.0;0.0;0.0;1995;False
1121;3933;186.62;0.0;0.0;0.0;0.0;0.0;1995;False
1122;14180;672.84;0.0;0.0;0.0;0.0;0.0;1995;False
1123;1384;65.67;0.0;0.0;0.0;0.0;0.0;1995;False
1124;3631;172.29;0.0;0.0;0.0;0.0;0.0;1995;False
1125;7298;346.29;0.0;0.0;0.0;0.0;0.0;1995;False
1126;3161;149.99;0.0;0.0;0.0;0.0;0.0;1995;False
1127;30538;1449.03;0.0;0.0;0.0;0.0;0.0;1995;False
1128;31541;1496.62;0.0;0.0;0.0;0.0;0.0;1995;False
1129;1900;90.16;0.0;0.0;0.0;0.0;0.0;1995;False
1130;7497;355.73;0.0;0.0;0.0;0.0;0.0;1995;False
1131;7234;343.25;0.0;0.0;0.0;0.0;0.0;1995;False
1132;5253;249.25;0.0;0.0;0.0;0.0;0.0;1995;False
1133;2087;99.03;0.0;0.0;0.0;0.0;0.0;1995;False
1134;29644;1406.61;0.0;0.0;0.0;0.0;0.0;1995;False
1135;2129;101.02;0.0;0.0;0.0;0.0;0.0;1995;False
1136;5994;284.42;0.0;0.0;0.0;0.0;0.0;1995;False
1137;9485;450.06;0.0;0.0;0.0;0.0;0.0;1995;False
1138;4877;231.41;0.0;0.0;0.0;0.0;0.0;1995;False
1139;3444;163.42;0.0;0.0;0.0;0.0;0.0;1995;False
1140;5862;278.15;0.0;0.0;0.0;0.0;0.0;1995;False
1141;12946;614.29;0.0;0.0;0.0;0.0;0.0;1995;False
1142;38542;1828.82;0.0;0.0;0.0;0.0;0.0;1995;False
1143;1704;80.85;0.0;0.0;0.0;0.0;0.0;1995;False
1144;1643;77.96;0.0;0.0;0.0;0.0;0.0;1995;False
1145;11067;525.13;0.0;0.0;0.0;0.0;0.0;1995;False
1146;7281;345.48;0.0;0.0;0.0;0.0;0.0;1995;False
1147;3003;142.49;0.0;0.0;0.0;0.0;0.0;1995;False
1148;4426;210.01;0.0;0.0;0.0;0.0;0.0;1995;False
1149;4455;211.39;0.0;0.0;0.0;0.0;0.0;1995;False
1150;4273;202.75;0.0;0.0;0.0;0.0;0.0;1995;False
1151;0;0.0;0.0;0.0;0.0;0.0;0.0;1995;False
1152;4318;204.89;0.0;0.0;0.0;0.0;0.0;1995;False
1153;11343;538.23;0.0;0.0;0.0;0.0;0.0;1995;False
1154;3998;189.71;0.0;0.0;0.0;0.0;0.0;1995;False
1155;3476;164.94;0.0;0.0;0.0;0.0;0.0;1995;False
1156;16710;792.89;0.0;0.0;0.0;0.0;0.0;1995;False
1157;2676;126.98;0.0;0.0;0.0;0.0;0.0;1995;False
1158;14932;708.52;0.0;0.0;0.0;0.0;0.0;1995;False
1159;1992;94.52;0.0;0.0;0.0;0.0;0.0;1995;False
1160;3059;145.15;0.0;0.0;0.0;0.0;0.0;1995;False
1161;2108;100.02;0.0;0.0;0.0;0.0;0.0;1995;False
1162;7039;334.0;0.0;0.0;0.0;0.0;0.0;1995;False
1163;8417;399.39;0.0;0.0;0.0;0.0;0.0;1995;False
1164;1358;64.44;0.0;0.0;0.0;0.0;0.0;1995;False
1165;9196;436.35;0.0;0.0;0.0;0.0;0.0;1995;False
1166;4106;194.83;0.0;0.0;0.0;0.0;0.0;1995;False
1167;20417;968.79;0.0;0.0;0.0;0.0;0.0;1995;False
1168;12056;572.06;0.0;0.0;0.0;0.0;0.0;1995;False
1169;21637;1026.68;0.0;0.0;0.0;0.0;0.0;1995;False
1170;20931;993.18;0.0;0.0;0.0;0.0;0.0;1995;False
1171;40713;1931.83;0.0;0.0;0.0;0.0;0.0;1995;False
1172;14040;666.2;0.0;0.0;0.0;0.0;0.0;1995;False
1173;38859;1843.86;0.0;0.0;0.0;0.0;0.0;1995;False
1174;0;0.0;0.0;0.0;0.0;0.0;0.0;1995;False
1175;2976;141.21;0.0;0.0;0.0;0.0;0.0;1995;False
1176;23817;1130.12;0.0;0.0;0.0;0.0;0.0;1995;False
1177;2569;121.9;0.0;0.0;0.0;0.0;0.0;1995;False
1178;32418;1538.23;0.0;0.0;0.0;0.0;0.0;1995;False
1179;8387;397.96;0.0;0.0;0.0;0.0;0.0;1995;False
1180;4027;191.08;0.0;0.0;0.0;0.0;0.0;1995;False
1181;706;33.5;0.0;0.0;0.0;0.0;0.0;1995;False
1182;91076;4321.56;0.0;0.0;0.0;0.0;0.0;1995;False
1183;14978;710.71;0.0;0.0;0.0;0.0;0.0;1995;False
1184;6295;298.7;0.0;0.0;0.0;0.0;0.0;1995;False
1185;3675;174.38;0.0;0.0;0.0;0.0;0.0;1995;False
1186;3060;145.2;0.0;0.0;0.0;0.0;0.0;1995;False
1187;3137;148.85;0.0;0.0;0.0;0.0;0.0;1995;False
1188;33564;1592.61;0.0;0.0;0.0;0.0;0.0;1995;False
1189;3276;155.45;0.0;0.0;0.0;0.0;0.0;1995;False
1190;4257;201.99;0.0;0.0;0.0;0.0;0.0;1995;False
1191;0;0.0;0.0;0.0;0.0;0.0;0.0;1995;False
1192;3546;168.26;0.0;0.0;0.0;0.0;0.0;1995;False
1193;4544;215.61;0.0;0.0;0.0;0.0;0.0;1995;False
1194;16732;793.93;0.0;0.0;0.0;0.0;0.0;1995;False
1195;3309;157.01;0.0;0.0;0.0;0.0;0.0;1995;False
1196;1982;94.05;0.0;0.0;0.0;0.0;0.0;1995;False
1197;35961;1706.35;0.0;0.0;0.0;0.0;0.0;1995;False
1198;9722;461.31;0.0;0.0;0.0;0.0;0.0;1995;False
1199;5139;243.85;0.0;0.0;0.0;0.0;0.0;1995;False
1200;4803;227.9;0.0;0.0;0.0;0.0;0.0;1995;False
1201;1582;75.07;0.0;0.0;0.0;0.0;0.0;1995;False
1202;22475;1066.44;0.0;0.0;0.0;0.0;0.0;1995;False
1203;4091;194.12;0.0;0.0;0.0;0.0;0.0;1995;False
1204;17206;816.42;0.0;0.0;0.0;0.0;0.0;1995;False
1205;2647;125.6;0.0;0.0;0.0;0.0;0.0;1995;False
1206;0;0.0;0.0;0.0;0.0;0.0;0.0;1995;False
1207;9926;470.99;0.0;0.0;0.0;0.0;0.0;1995;False
1208;24210;1148.76;0.0;0.0;0.0;0.0;0.0;1995;False
1209;7830;371.53;0.0;0.0;0.0;0.0;0.0;1995;False
1210;16372;776.85;0.0;0.0;0.0;0.0;0.0;1995;False
1211;5482;260.12;0.0;0.0;0.0;0.0;0.0;1995;False
1212;2499;118.58;0.0;0.0;0.0;0.0;0.0;1995;False
1213;3449;163.66;0.0;0.0;0.0;0.0;0.0;1995;False
1214;1288;61.12;0.0;0.0;0.0;0.0;0.0;1995;False
1215;3471;164.7;0.0;0.0;0.0;0.0;0.0;1995;False
1216;2055;97.51;0.0;0.0;0.0;0.0;0.0;1995;False
1217;54761;2598.41;0.0;0.0;0.0;0.0;0.0;1995;False
1218;3415;162.04;0.0;0.0;0.0;0.0;0.0;1995;False
1219;4564;216.56;0.0;0.0;0.0;0.0;0.0;1995;False
1220;2170;102.97;0.0;0.0;0.0;0.0;0.0;1995;False
1221;2820;133.81;0.0;0.0;0.0;0.0;0.0;1995;False
1222;34361;1630.43;0.0;0.0;0.0;0.0;0.0;1995;False
1223;12948;614.38;0.0;0.0;0.0;0.0;0.0;1995;False
1224;2389;113.36;0.0;0.0;0.0;0.0;0.0;1995;False
1225;0;0.0;0.0;0.0;0.0;0.0;0.0;1995;False
1226;2886;136.94;0.0;0.0;0.0;0.0;0.0;1995;False
1227;8534;404.94;0.0;0.0;0.0;0.0;0.0;1995;False
1228;5146;244.18;0.0;0.0;0.0;0.0;0.0;1995;False
1229;2876;136.47;0.0;0.0;0.0;0.0;0.0;1995;False
1230;0;0.0;0.0;0.0;0.0;0.0;0.0;1995;False
985;0;0.0;0.0;0.0;0.0;0.0;0.0;1994;False
986;8536;405.03;0.0;0.0;0.0;0.0;0.0;1994;False
987;13877;658.46;0.0;0.0;0.0;0.0;0.0;1994;False
988;2123;100.74;0.0;0.0;0.0;0.0;0.0;1994;False
989;3617;171.63;0.0;0.0;0.0;0.0;0.0;1994;False
990;1660;78.77;0.0;0.0;0.0;0.0;0.0;1994;False
991;0;0.0;0.0;0.0;0.0;0.0;0.0;1994;False
992;16259;771.49;0.0;0.0;0.0;0.0;0.0;1994;False
993;1707;81.0;0.0;0.0;0.0;0.0;0.0;1994;False
994;1929;91.53;0.0;0.0;0.0;0.0;0.0;1994;False
995;4043;191.84;0.0;0.0;0.0;0.0;0.0;1994;False
996;6890;326.93;0.0;0.0;0.0;0.0;0.0;1994;False
997;0;0.0;0.0;0.0;0.0;0.0;0.0;1994;False
998;4343;206.08;0.0;0.0;0.0;0.0;0.0;1994;False
999;3810;180.78;0.0;0.0;0.0;0.0;0.0;1994;False
1000;229376;10883.89;0.0;0.0;0.0;0.0;0.0;1994;False
1001;808;38.34;0.0;0.0;0.0;0.0;0.0;1994;False
1002;16531;784.4;0.0;0.0;0.0;0.0;0.0;1994;False
1003;191465;9085.01;0.0;0.0;0.0;0.0;0.0;1994;False
1004;1761;83.56;0.0;0.0;0.0;0.0;0.0;1994;False
1005;3192;151.46;0.0;0.0;0.0;0.0;0.0;1994;False
1006;3298;156.49;0.0;0.0;0.0;0.0;0.0;1994;False
1007;13398;635.74;0.0;0.0;0.0;0.0;0.0;1994;False
1008;4734;224.63;0.0;0.0;0.0;0.0;0.0;1994;False
1009;6872;326.08;0.0;0.0;0.0;0.0;0.0;1994;False
1010;3568;169.3;0.0;0.0;0.0;0.0;0.0;1994;False
1011;4733;224.58;0.0;0.0;0.0;0.0;0.0;1994;False
1012;3670;174.14;0.0;0.0;0.0;0.0;0.0;1994;False
1013;2001;94.95;0.0;0.0;0.0;0.0;0.0;1994;False
1014;3979;188.8;0.0;0.0;0.0;0.0;0.0;1994;False
1015;8600;408.07;0.0;0.0;0.0;0.0;0.0;1994;False
1016;14390;682.81;0.0;0.0;0.0;0.0;0.0;1994;False
1017;7445;353.27;0.0;0.0;0.0;0.0;0.0;1994;False
1018;12912;612.67;0.0;0.0;0.0;0.0;0.0;1994;False
1019;3211;152.36;0.0;0.0;0.0;0.0;0.0;1994;False
1020;0;0.0;0.0;0.0;0.0;0.0;0.0;1994;False
1021;2119;100.55;0.0;0.0;0.0;0.0;0.0;1994;False
1022;4518;214.38;0.0;0.0;0.0;0.0;0.0;1994;False
1023;7837;371.87;0.0;0.0;0.0;0.0;0.0;1994;False
1024;1780;84.46;0.0;0.0;0.0;0.0;0.0;1994;False
1025;2976;141.21;0.0;0.0;0.0;0.0;0.0;1994;False
1026;6232;295.71;0.0;0.0;0.0;0.0;0.0;1994;False
1027;7460;353.98;0.0;0.0;0.0;0.0;0.0;1994;False
1028;1335;63.35;0.0;0.0;0.0;0.0;0.0;1994;False
1029;7925;376.04;0.0;0.0;0.0;0.0;0.0;1994;False
1030;10195;483.75;0.0;0.0;0.0;0.0;0.0;1994;False
1031;12064;572.44;0.0;0.0;0.0;0.0;0.0;1994;False
1032;23847;1131.54;0.0;0.0;0.0;0.0;0.0;1994;False
1033;1813;86.03;0.0;0.0;0.0;0.0;0.0;1994;False
1034;2069;98.17;0.0;0.0;0.0;0.0;0.0;1994;False
1035;3857;183.01;0.0;0.0;0.0;0.0;0.0;1994;False
1036;7497;355.73;0.0;0.0;0.0;0.0;0.0;1994;False
1037;4126;195.78;0.0;0.0;0.0;0.0;0.0;1994;False
1038;0;0.0;0.0;0.0;0.0;0.0;0.0;1994;False
1039;14555;690.63;0.0;0.0;0.0;0.0;0.0;1994;False
1040;16433;779.75;0.0;0.0;0.0;0.0;0.0;1994;False
1041;9345;443.42;0.0;0.0;0.0;0.0;0.0;1994;False
1042;3071;145.72;0.0;0.0;0.0;0.0;0.0;1994;False
1043;53821;2553.81;0.0;0.0;0.0;0.0;0.0;1994;False
1044;3846;182.49;0.0;0.0;0.0;0.0;0.0;1994;False
1045;7405;351.37;0.0;0.0;0.0;0.0;0.0;1994;False
1046;20769;985.49;0.0;0.0;0.0;0.0;0.0;1994;False
1047;5538;262.78;0.0;0.0;0.0;0.0;0.0;1994;False
1048;1608;76.3;0.0;0.0;0.0;0.0;0.0;1994;False
1049;30199;1432.94;0.0;0.0;0.0;0.0;0.0;1994;False
1050;9311;441.81;0.0;0.0;0.0;0.0;0.0;1994;False
1051;3340;158.48;0.0;0.0;0.0;0.0;0.0;1994;False
1052;2818;133.71;0.0;0.0;0.0;0.0;0.0;1994;False
1053;8362;396.78;0.0;0.0;0.0;0.0;0.0;1994;False
1054;4757;225.72;0.0;0.0;0.0;0.0;0.0;1994;False
1055;24615;1167.98;0.0;0.0;0.0;0.0;0.0;1994;False
1056;2302;109.23;0.0;0.0;0.0;0.0;0.0;1994;False
1057;17995;853.86;0.0;0.0;0.0;0.0;0.0;1994;False
1058;3087;146.48;0.0;0.0;0.0;0.0;0.0;1994;False
1059;2470;117.2;0.0;0.0;0.0;0.0;0.0;1994;False
1060;3337;158.34;0.0;0.0;0.0;0.0;0.0;1994;False
1061;2412;114.45;0.0;0.0;0.0;0.0;0.0;1994;False
1062;1814;86.07;0.0;0.0;0.0;0.0;0.0;1994;False
1063;2259;107.19;0.0;0.0;0.0;0.0;0.0;1994;False
1064;4676;221.88;0.0;0.0;0.0;0.0;0.0;1994;False
1065;9957;472.46;0.0;0.0;0.0;0.0;0.0;1994;False
1066;3894;184.77;0.0;0.0;0.0;0.0;0.0;1994;False
1067;8067;382.78;0.0;0.0;0.0;0.0;0.0;1994;False
1068;3151;149.51;0.0;0.0;0.0;0.0;0.0;1994;False
1069;6938;329.21;0.0;0.0;0.0;0.0;0.0;1994;False
1070;6212;294.76;0.0;0.0;0.0;0.0;0.0;1994;False
1071;8747;415.05;0.0;0.0;0.0;0.0;0.0;1994;False
1072;4889;231.98;0.0;0.0;0.0;0.0;0.0;1994;False
1073;59366;2816.92;0.0;0.0;0.0;0.0;0.0;1994;False
1074;5299;251.44;0.0;0.0;0.0;0.0;0.0;1994;False
1075;0;0.0;0.0;0.0;0.0;0.0;0.0;1994;False
1076;7052;334.62;0.0;0.0;0.0;0.0;0.0;1994;False
1077;4796;227.57;0.0;0.0;0.0;0.0;0.0;1994;False
1078;42973;2039.07;0.0;0.0;0.0;0.0;0.0;1994;False
1079;879086;41712.63;0.0;0.0;0.0;0.0;0.0;1994;False
1080;10634;504.58;0.0;0.0;0.0;0.0;0.0;1994;False
1081;25226;1196.97;0.0;0.0;0.0;0.0;0.0;1994;False
1082;30384;1441.72;0.0;0.0;0.0;0.0;0.0;1994;False
1083;3559;168.87;0.0;0.0;0.0;0.0;0.0;1994;False
1084;10986;521.29;0.0;0.0;0.0;0.0;0.0;1994;False
1085;2477;117.53;0.0;0.0;0.0;0.0;0.0;1994;False
1086;5410;256.7;0.0;0.0;0.0;0.0;0.0;1994;False
1087;3452;163.8;0.0;0.0;0.0;0.0;0.0;1994;False
1088;2588;122.8;0.0;0.0;0.0;0.0;0.0;1994;False
1089;9559;453.57;0.0;0.0;0.0;0.0;0.0;1994;False
1090;4528;214.85;0.0;0.0;0.0;0.0;0.0;1994;False
1091;9051;429.47;0.0;0.0;0.0;0.0;0.0;1994;False
1092;4638;220.07;0.0;0.0;0.0;0.0;0.0;1994;False
1093;9596;455.33;0.0;0.0;0.0;0.0;0.0;1994;False
1094;35904;1703.64;0.0;0.0;0.0;0.0;0.0;1994;False
1095;18880;895.86;0.0;0.0;0.0;0.0;0.0;1994;False
1096;0;0.0;0.0;0.0;0.0;0.0;0.0;1994;False
1097;27782;1318.26;0.0;0.0;0.0;0.0;0.0;1994;False
1098;2875;136.42;0.0;0.0;0.0;0.0;0.0;1994;False
1099;22338;1059.94;0.0;0.0;0.0;0.0;0.0;1994;False
1100;3514;166.74;0.0;0.0;0.0;0.0;0.0;1994;False
1101;5550;263.35;0.0;0.0;0.0;0.0;0.0;1994;False
1102;5486;260.31;0.0;0.0;0.0;0.0;0.0;1994;False
1103;11794;559.63;0.0;0.0;0.0;0.0;0.0;1994;False
1104;7848;372.39;0.0;0.0;0.0;0.0;0.0;1994;False
1105;25865;1227.29;0.0;0.0;0.0;0.0;0.0;1994;False
1106;5329;252.86;0.0;0.0;0.0;0.0;0.0;1994;False
1107;7523;356.97;0.0;0.0;0.0;0.0;0.0;1994;False
1108;69788;3311.44;0.0;0.0;0.0;0.0;0.0;1994;False
1109;2583;122.56;0.0;0.0;0.0;0.0;0.0;1994;False
1110;5784;274.45;0.0;0.0;0.0;0.0;0.0;1994;False
1111;24597;1167.13;0.0;0.0;0.0;0.0;0.0;1994;False
1112;58616;2781.33;0.0;0.0;0.0;0.0;0.0;1994;False
1113;2934;139.22;0.0;0.0;0.0;0.0;0.0;1994;False
1114;1815;86.12;0.0;0.0;0.0;0.0;0.0;1994;False
1115;5842;277.2;0.0;0.0;0.0;0.0;0.0;1994;False
1116;19573;928.74;0.0;0.0;0.0;0.0;0.0;1994;False
1117;0;0.0;0.0;0.0;0.0;0.0;0.0;1994;False
1118;7191;341.21;0.0;0.0;0.0;0.0;0.0;1994;False
1119;185995;8825.46;0.0;0.0;0.0;0.0;0.0;1994;False
1120;2380;112.93;0.0;0.0;0.0;0.0;0.0;1994;False
1121;3847;182.54;0.0;0.0;0.0;0.0;0.0;1994;False
1122;14200;673.79;0.0;0.0;0.0;0.0;0.0;1994;False
1123;1357;64.39;0.0;0.0;0.0;0.0;0.0;1994;False
1124;3599;170.77;0.0;0.0;0.0;0.0;0.0;1994;False
1125;7137;338.65;0.0;0.0;0.0;0.0;0.0;1994;False
1126;3213;152.46;0.0;0.0;0.0;0.0;0.0;1994;False
1127;30214;1433.65;0.0;0.0;0.0;0.0;0.0;1994;False
1128;30742;1458.71;0.0;0.0;0.0;0.0;0.0;1994;False
1129;1931;91.63;0.0;0.0;0.0;0.0;0.0;1994;False
1130;7426;352.36;0.0;0.0;0.0;0.0;0.0;1994;False
1131;7326;347.62;0.0;0.0;0.0;0.0;0.0;1994;False
1132;5206;247.02;0.0;0.0;0.0;0.0;0.0;1994;False
1133;2119;100.55;0.0;0.0;0.0;0.0;0.0;1994;False
1134;29593;1404.19;0.0;0.0;0.0;0.0;0.0;1994;False
1135;2165;102.73;0.0;0.0;0.0;0.0;0.0;1994;False
1136;6071;288.07;0.0;0.0;0.0;0.0;0.0;1994;False
1137;9395;445.79;0.0;0.0;0.0;0.0;0.0;1994;False
1138;4892;232.13;0.0;0.0;0.0;0.0;0.0;1994;False
1139;3496;165.89;0.0;0.0;0.0;0.0;0.0;1994;False
1140;5810;275.68;0.0;0.0;0.0;0.0;0.0;1994;False
1141;12662;600.81;0.0;0.0;0.0;0.0;0.0;1994;False
1142;38134;1809.46;0.0;0.0;0.0;0.0;0.0;1994;False
1143;1732;82.18;0.0;0.0;0.0;0.0;0.0;1994;False
1144;1648;78.2;0.0;0.0;0.0;0.0;0.0;1994;False
1145;10823;513.55;0.0;0.0;0.0;0.0;0.0;1994;False
1146;7374;349.9;0.0;0.0;0.0;0.0;0.0;1994;False
1147;3007;142.68;0.0;0.0;0.0;0.0;0.0;1994;False
1148;4387;208.16;0.0;0.0;0.0;0.0;0.0;1994;False
1149;4470;212.1;0.0;0.0;0.0;0.0;0.0;1994;False
1150;4286;203.37;0.0;0.0;0.0;0.0;0.0;1994;False
1151;0;0.0;0.0;0.0;0.0;0.0;0.0;1994;False
1152;4236;201.0;0.0;0.0;0.0;0.0;0.0;1994;False
1153;11324;537.32;0.0;0.0;0.0;0.0;0.0;1994;False
1154;3962;188.0;0.0;0.0;0.0;0.0;0.0;1994;False
1155;3445;163.47;0.0;0.0;0.0;0.0;0.0;1994;False
1156;16287;772.82;0.0;0.0;0.0;0.0;0.0;1994;False
1157;2720;129.06;0.0;0.0;0.0;0.0;0.0;1994;False
1158;14952;709.47;0.0;0.0;0.0;0.0;0.0;1994;False
1159;1975;93.71;0.0;0.0;0.0;0.0;0.0;1994;False
1160;3110;147.57;0.0;0.0;0.0;0.0;0.0;1994;False
1161;2143;101.69;0.0;0.0;0.0;0.0;0.0;1994;False
1162;6972;330.82;0.0;0.0;0.0;0.0;0.0;1994;False
1163;8525;404.51;0.0;0.0;0.0;0.0;0.0;1994;False
1164;1344;63.77;0.0;0.0;0.0;0.0;0.0;1994;False
1165;9313;441.9;0.0;0.0;0.0;0.0;0.0;1994;False
1166;4168;197.77;0.0;0.0;0.0;0.0;0.0;1994;False
1167;20383;967.17;0.0;0.0;0.0;0.0;0.0;1994;False
1168;11942;566.65;0.0;0.0;0.0;0.0;0.0;1994;False
1169;21868;1037.64;0.0;0.0;0.0;0.0;0.0;1994;False
1170;20709;982.64;0.0;0.0;0.0;0.0;0.0;1994;False
1171;39682;1882.91;0.0;0.0;0.0;0.0;0.0;1994;False
1172;14016;665.06;0.0;0.0;0.0;0.0;0.0;1994;False
1173;38448;1824.36;0.0;0.0;0.0;0.0;0.0;1994;False
1174;0;0.0;0.0;0.0;0.0;0.0;0.0;1994;False
1175;2918;138.46;0.0;0.0;0.0;0.0;0.0;1994;False
1176;23214;1101.5;0.0;0.0;0.0;0.0;0.0;1994;False
1177;2564;121.66;0.0;0.0;0.0;0.0;0.0;1994;False
1178;32075;1521.96;0.0;0.0;0.0;0.0;0.0;1994;False
1179;8308;394.21;0.0;0.0;0.0;0.0;0.0;1994;False
1180;3991;189.37;0.0;0.0;0.0;0.0;0.0;1994;False
1181;716;33.97;0.0;0.0;0.0;0.0;0.0;1994;False
1182;88771;4212.18;0.0;0.0;0.0;0.0;0.0;1994;False
1183;14998;711.66;0.0;0.0;0.0;0.0;0.0;1994;False
1184;6375;302.49;0.0;0.0;0.0;0.0;0.0;1994;False
1185;3643;172.86;0.0;0.0;0.0;0.0;0.0;1994;False
1186;3033;143.92;0.0;0.0;0.0;0.0;0.0;1994;False
1187;3147;149.33;0.0;0.0;0.0;0.0;0.0;1994;False
1188;32714;1552.28;0.0;0.0;0.0;0.0;0.0;1994;False
1189;3330;158.01;0.0;0.0;0.0;0.0;0.0;1994;False
1190;4219;200.19;0.0;0.0;0.0;0.0;0.0;1994;False
1191;0;0.0;0.0;0.0;0.0;0.0;0.0;1994;False
1192;3558;168.83;0.0;0.0;0.0;0.0;0.0;1994;False
1193;4558;216.28;0.0;0.0;0.0;0.0;0.0;1994;False
1194;16309;773.86;0.0;0.0;0.0;0.0;0.0;1994;False
1195;3224;152.98;0.0;0.0;0.0;0.0;0.0;1994;False
1196;1938;91.96;0.0;0.0;0.0;0.0;0.0;1994;False
1197;35051;1663.17;0.0;0.0;0.0;0.0;0.0;1994;False
1198;9630;456.94;0.0;0.0;0.0;0.0;0.0;1994;False
1199;5205;246.98;0.0;0.0;0.0;0.0;0.0;1994;False
1200;4760;225.86;0.0;0.0;0.0;0.0;0.0;1994;False
1201;1609;76.35;0.0;0.0;0.0;0.0;0.0;1994;False
1202;22506;1067.91;0.0;0.0;0.0;0.0;0.0;1994;False
1203;4013;190.42;0.0;0.0;0.0;0.0;0.0;1994;False
1204;17230;817.56;0.0;0.0;0.0;0.0;0.0;1994;False
1205;2623;124.46;0.0;0.0;0.0;0.0;0.0;1994;False
1206;0;0.0;0.0;0.0;0.0;0.0;0.0;1994;False
1207;9947;471.99;0.0;0.0;0.0;0.0;0.0;1994;False
1208;23596;1119.63;0.0;0.0;0.0;0.0;0.0;1994;False
1209;7658;363.37;0.0;0.0;0.0;0.0;0.0;1994;False
1210;16344;775.52;0.0;0.0;0.0;0.0;0.0;1994;False
1211;5378;255.19;0.0;0.0;0.0;0.0;0.0;1994;False
1212;2494;118.34;0.0;0.0;0.0;0.0;0.0;1994;False
1213;3501;166.12;0.0;0.0;0.0;0.0;0.0;1994;False
1214;1277;60.59;0.0;0.0;0.0;0.0;0.0;1994;False
1215;3394;161.05;0.0;0.0;0.0;0.0;0.0;1994;False
1216;2052;97.37;0.0;0.0;0.0;0.0;0.0;1994;False
1217;53374;2532.6;0.0;0.0;0.0;0.0;0.0;1994;False
1218;3468;164.56;0.0;0.0;0.0;0.0;0.0;1994;False
1219;4633;219.84;0.0;0.0;0.0;0.0;0.0;1994;False
1220;2177;103.3;0.0;0.0;0.0;0.0;0.0;1994;False
1221;2790;132.39;0.0;0.0;0.0;0.0;0.0;1994;False
1222;33491;1589.15;0.0;0.0;0.0;0.0;0.0;1994;False
1223;12824;608.5;0.0;0.0;0.0;0.0;0.0;1994;False
1224;2428;115.21;0.0;0.0;0.0;0.0;0.0;1994;False
1225;0;0.0;0.0;0.0;0.0;0.0;0.0;1994;False
1226;2934;139.22;0.0;0.0;0.0;0.0;0.0;1994;False
1227;8452;401.05;0.0;0.0;0.0;0.0;0.0;1994;False
1228;5049;239.58;0.0;0.0;0.0;0.0;0.0;1994;False
1229;2803;133.0;0.0;0.0;0.0;0.0;0.0;1994;False
1230;0;0.0;0.0;0.0;0.0;0.0;0.0;1994;False
985;0;0.0;0.0;0.0;0.0;0.0;0.0;1993;False
986;8522;404.37;0.0;0.0;0.0;0.0;0.0;1993;False
987;13508;640.95;0.0;0.0;0.0;0.0;0.0;1993;False
988;2120;100.59;0.0;0.0;0.0;0.0;0.0;1993;False
989;3607;171.15;0.0;0.0;0.0;0.0;0.0;1993;False
990;1687;80.05;0.0;0.0;0.0;0.0;0.0;1993;False
991;0;0.0;0.0;0.0;0.0;0.0;0.0;1993;False
992;15826;750.94;0.0;0.0;0.0;0.0;0.0;1993;False
993;1735;82.33;0.0;0.0;0.0;0.0;0.0;1993;False
994;1932;91.67;0.0;0.0;0.0;0.0;0.0;1993;False
995;3962;188.0;0.0;0.0;0.0;0.0;0.0;1993;False
996;6822;323.7;0.0;0.0;0.0;0.0;0.0;1993;False
997;0;0.0;0.0;0.0;0.0;0.0;0.0;1993;False
998;4357;206.74;0.0;0.0;0.0;0.0;0.0;1993;False
999;3868;183.54;0.0;0.0;0.0;0.0;0.0;1993;False
1000;225240;10687.64;0.0;0.0;0.0;0.0;0.0;1993;False
1001;800;37.96;0.0;0.0;0.0;0.0;0.0;1993;False
1002;16502;783.02;0.0;0.0;0.0;0.0;0.0;1993;False
1003;181995;8635.66;0.0;0.0;0.0;0.0;0.0;1993;False
1004;1742;82.66;0.0;0.0;0.0;0.0;0.0;1993;False
1005;3129;148.47;0.0;0.0;0.0;0.0;0.0;1993;False
1006;3309;157.01;0.0;0.0;0.0;0.0;0.0;1993;False
1007;13088;621.03;0.0;0.0;0.0;0.0;0.0;1993;False
1008;4640;220.17;0.0;0.0;0.0;0.0;0.0;1993;False
1009;6805;322.9;0.0;0.0;0.0;0.0;0.0;1993;False
1010;3623;171.91;0.0;0.0;0.0;0.0;0.0;1993;False
1011;4639;220.12;0.0;0.0;0.0;0.0;0.0;1993;False
1012;3726;176.8;0.0;0.0;0.0;0.0;0.0;1993;False
1013;2035;96.56;0.0;0.0;0.0;0.0;0.0;1993;False
1014;3901;185.1;0.0;0.0;0.0;0.0;0.0;1993;False
1015;8711;413.34;0.0;0.0;0.0;0.0;0.0;1993;False
1016;14232;675.31;0.0;0.0;0.0;0.0;0.0;1993;False
1017;7372;349.8;0.0;0.0;0.0;0.0;0.0;1993;False
1018;12785;606.65;0.0;0.0;0.0;0.0;0.0;1993;False
1019;3145;149.23;0.0;0.0;0.0;0.0;0.0;1993;False
1020;0;0.0;0.0;0.0;0.0;0.0;0.0;1993;False
1021;2115;100.36;0.0;0.0;0.0;0.0;0.0;1993;False
1022;4428;210.11;0.0;0.0;0.0;0.0;0.0;1993;False
1023;7854;372.67;0.0;0.0;0.0;0.0;0.0;1993;False
1024;1803;85.55;0.0;0.0;0.0;0.0;0.0;1993;False
1025;2907;137.94;0.0;0.0;0.0;0.0;0.0;1993;False
1026;6109;289.87;0.0;0.0;0.0;0.0;0.0;1993;False
1027;7557;358.58;0.0;0.0;0.0;0.0;0.0;1993;False
1028;1322;62.73;0.0;0.0;0.0;0.0;0.0;1993;False
1029;7848;372.39;0.0;0.0;0.0;0.0;0.0;1993;False
1030;10177;482.9;0.0;0.0;0.0;0.0;0.0;1993;False
1031;12220;579.84;0.0;0.0;0.0;0.0;0.0;1993;False
1032;23211;1101.36;0.0;0.0;0.0;0.0;0.0;1993;False
1033;1794;85.13;0.0;0.0;0.0;0.0;0.0;1993;False
1034;2075;98.46;0.0;0.0;0.0;0.0;0.0;1993;False
1035;3916;185.81;0.0;0.0;0.0;0.0;0.0;1993;False
1036;7484;355.12;0.0;0.0;0.0;0.0;0.0;1993;False
1037;4116;195.3;0.0;0.0;0.0;0.0;0.0;1993;False
1038;0;0.0;0.0;0.0;0.0;0.0;0.0;1993;False
1039;14168;672.27;0.0;0.0;0.0;0.0;0.0;1993;False
1040;15995;758.96;0.0;0.0;0.0;0.0;0.0;1993;False
1041;9328;442.61;0.0;0.0;0.0;0.0;0.0;1993;False
1042;2990;141.88;0.0;0.0;0.0;0.0;0.0;1993;False
1043;52388;2485.81;0.0;0.0;0.0;0.0;0.0;1993;False
1044;3811;180.83;0.0;0.0;0.0;0.0;0.0;1993;False
1045;7392;350.75;0.0;0.0;0.0;0.0;0.0;1993;False
1046;20733;983.78;0.0;0.0;0.0;0.0;0.0;1993;False
1047;5428;257.56;0.0;0.0;0.0;0.0;0.0;1993;False
1048;1576;74.78;0.0;0.0;0.0;0.0;0.0;1993;False
1049;28947;1373.54;0.0;0.0;0.0;0.0;0.0;1993;False
1050;9325;442.47;0.0;0.0;0.0;0.0;0.0;1993;False
1051;3272;155.26;0.0;0.0;0.0;0.0;0.0;1993;False
1052;2865;135.94;0.0;0.0;0.0;0.0;0.0;1993;False
1053;8374;397.35;0.0;0.0;0.0;0.0;0.0;1993;False
1054;4830;229.18;0.0;0.0;0.0;0.0;0.0;1993;False
1055;23959;1136.85;0.0;0.0;0.0;0.0;0.0;1993;False
1056;2255;107.0;0.0;0.0;0.0;0.0;0.0;1993;False
1057;17797;844.47;0.0;0.0;0.0;0.0;0.0;1993;False
1058;3081;146.19;0.0;0.0;0.0;0.0;0.0;1993;False
1059;2511;119.15;0.0;0.0;0.0;0.0;0.0;1993;False
1060;3330;158.01;0.0;0.0;0.0;0.0;0.0;1993;False
1061;2389;113.36;0.0;0.0;0.0;0.0;0.0;1993;False
1062;1845;87.55;0.0;0.0;0.0;0.0;0.0;1993;False
1063;2297;108.99;0.0;0.0;0.0;0.0;0.0;1993;False
1064;4632;219.79;0.0;0.0;0.0;0.0;0.0;1993;False
1065;9727;461.55;0.0;0.0;0.0;0.0;0.0;1993;False
1066;3817;181.12;0.0;0.0;0.0;0.0;0.0;1993;False
1067;8085;383.63;0.0;0.0;0.0;0.0;0.0;1993;False
1068;3122;148.14;0.0;0.0;0.0;0.0;0.0;1993;False
1069;7029;333.53;0.0;0.0;0.0;0.0;0.0;1993;False
1070;6292;298.56;0.0;0.0;0.0;0.0;0.0;1993;False
1071;8766;415.95;0.0;0.0;0.0;0.0;0.0;1993;False
1072;4792;227.38;0.0;0.0;0.0;0.0;0.0;1993;False
1073;57784;2741.85;0.0;0.0;0.0;0.0;0.0;1993;False
1074;5380;255.28;0.0;0.0;0.0;0.0;0.0;1993;False
1075;0;0.0;0.0;0.0;0.0;0.0;0.0;1993;False
1076;6890;326.93;0.0;0.0;0.0;0.0;0.0;1993;False
1077;4812;228.33;0.0;0.0;0.0;0.0;0.0;1993;False
1078;41828;1984.74;0.0;0.0;0.0;0.0;0.0;1993;False
1079;864584;41024.51;0.0;0.0;0.0;0.0;0.0;1993;False
1080;10389;492.96;0.0;0.0;0.0;0.0;0.0;1993;False
1081;25181;1194.84;0.0;0.0;0.0;0.0;0.0;1993;False
1082;30050;1425.87;0.0;0.0;0.0;0.0;0.0;1993;False
1083;3613;171.44;0.0;0.0;0.0;0.0;0.0;1993;False
1084;10878;516.16;0.0;0.0;0.0;0.0;0.0;1993;False
1085;2473;117.34;0.0;0.0;0.0;0.0;0.0;1993;False
1086;5302;251.58;0.0;0.0;0.0;0.0;0.0;1993;False
1087;3421;162.33;0.0;0.0;0.0;0.0;0.0;1993;False
1088;2631;124.84;0.0;0.0;0.0;0.0;0.0;1993;False
1089;9465;449.11;0.0;0.0;0.0;0.0;0.0;1993;False
1090;4519;214.43;0.0;0.0;0.0;0.0;0.0;1993;False
1091;8962;425.25;0.0;0.0;0.0;0.0;0.0;1993;False
1092;4586;217.61;0.0;0.0;0.0;0.0;0.0;1993;False
1093;9374;444.8;0.0;0.0;0.0;0.0;0.0;1993;False
1094;35510;1684.95;0.0;0.0;0.0;0.0;0.0;1993;False
1095;18848;894.34;0.0;0.0;0.0;0.0;0.0;1993;False
1096;0;0.0;0.0;0.0;0.0;0.0;0.0;1993;False
1097;27477;1303.78;0.0;0.0;0.0;0.0;0.0;1993;False
1098;2924;138.74;0.0;0.0;0.0;0.0;0.0;1993;False
1099;22370;1061.46;0.0;0.0;0.0;0.0;0.0;1993;False
1100;3569;169.35;0.0;0.0;0.0;0.0;0.0;1993;False
1101;5635;267.38;0.0;0.0;0.0;0.0;0.0;1993;False
1102;5504;261.16;0.0;0.0;0.0;0.0;0.0;1993;False
1103;11679;554.17;0.0;0.0;0.0;0.0;0.0;1993;False
1104;7950;377.23;0.0;0.0;0.0;0.0;0.0;1993;False
1105;25820;1225.16;0.0;0.0;0.0;0.0;0.0;1993;False
1106;5317;252.29;0.0;0.0;0.0;0.0;0.0;1993;False
1107;7621;361.62;0.0;0.0;0.0;0.0;0.0;1993;False
1108;69023;3275.14;0.0;0.0;0.0;0.0;0.0;1993;False
1109;2626;124.6;0.0;0.0;0.0;0.0;0.0;1993;False
1110;5803;275.35;0.0;0.0;0.0;0.0;0.0;1993;False
1111;24863;1179.75;0.0;0.0;0.0;0.0;0.0;1993;False
1112;57972;2750.77;0.0;0.0;0.0;0.0;0.0;1993;False
1113;2907;137.94;0.0;0.0;0.0;0.0;0.0;1993;False
1114;1839;87.26;0.0;0.0;0.0;0.0;0.0;1993;False
1115;5829;276.59;0.0;0.0;0.0;0.0;0.0;1993;False
1116;19359;918.58;0.0;0.0;0.0;0.0;0.0;1993;False
1117;0;0.0;0.0;0.0;0.0;0.0;0.0;1993;False
1118;7025;333.34;0.0;0.0;0.0;0.0;0.0;1993;False
1119;178285;8459.62;0.0;0.0;0.0;0.0;0.0;1993;False
1120;2389;113.36;0.0;0.0;0.0;0.0;0.0;1993;False
1121;3758;178.32;0.0;0.0;0.0;0.0;0.0;1993;False
1122;14220;674.74;0.0;0.0;0.0;0.0;0.0;1993;False
1123;1329;63.06;0.0;0.0;0.0;0.0;0.0;1993;False
1124;3566;169.21;0.0;0.0;0.0;0.0;0.0;1993;False
1125;6973;330.87;0.0;0.0;0.0;0.0;0.0;1993;False
1126;3267;155.02;0.0;0.0;0.0;0.0;0.0;1993;False
1127;29883;1417.95;0.0;0.0;0.0;0.0;0.0;1993;False
1128;29923;1419.85;0.0;0.0;0.0;0.0;0.0;1993;False
1129;1963;93.14;0.0;0.0;0.0;0.0;0.0;1993;False
1130;7353;348.9;0.0;0.0;0.0;0.0;0.0;1993;False
1131;7420;352.08;0.0;0.0;0.0;0.0;0.0;1993;False
1132;5158;244.75;0.0;0.0;0.0;0.0;0.0;1993;False
1133;2151;102.06;0.0;0.0;0.0;0.0;0.0;1993;False
1134;29541;1401.72;0.0;0.0;0.0;0.0;0.0;1993;False
1135;2201;104.44;0.0;0.0;0.0;0.0;0.0;1993;False
1136;6150;291.82;0.0;0.0;0.0;0.0;0.0;1993;False
1137;9302;441.38;0.0;0.0;0.0;0.0;0.0;1993;False
1138;4909;232.93;0.0;0.0;0.0;0.0;0.0;1993;False
1139;3551;168.49;0.0;0.0;0.0;0.0;0.0;1993;False
1140;5755;273.07;0.0;0.0;0.0;0.0;0.0;1993;False
1141;12369;586.91;0.0;0.0;0.0;0.0;0.0;1993;False
1142;37715;1789.58;0.0;0.0;0.0;0.0;0.0;1993;False
1143;1761;83.56;0.0;0.0;0.0;0.0;0.0;1993;False
1144;1654;78.48;0.0;0.0;0.0;0.0;0.0;1993;False
1145;10573;501.69;0.0;0.0;0.0;0.0;0.0;1993;False
1146;7470;354.45;0.0;0.0;0.0;0.0;0.0;1993;False
1147;3012;142.92;0.0;0.0;0.0;0.0;0.0;1993;False
1148;4346;206.22;0.0;0.0;0.0;0.0;0.0;1993;False
1149;4484;212.77;0.0;0.0;0.0;0.0;0.0;1993;False
1150;4301;204.08;0.0;0.0;0.0;0.0;0.0;1993;False
1151;0;0.0;0.0;0.0;0.0;0.0;0.0;1993;False
1152;4152;197.01;0.0;0.0;0.0;0.0;0.0;1993;False
1153;11304;536.37;0.0;0.0;0.0;0.0;0.0;1993;False
1154;3926;186.29;0.0;0.0;0.0;0.0;0.0;1993;False
1155;3412;161.9;0.0;0.0;0.0;0.0;0.0;1993;False
1156;15853;752.22;0.0;0.0;0.0;0.0;0.0;1993;False
1157;2765;131.2;0.0;0.0;0.0;0.0;0.0;1993;False
1158;14973;710.47;0.0;0.0;0.0;0.0;0.0;1993;False
1159;1956;92.81;0.0;0.0;0.0;0.0;0.0;1993;False
1160;3161;149.99;0.0;0.0;0.0;0.0;0.0;1993;False
1161;2179;103.39;0.0;0.0;0.0;0.0;0.0;1993;False
1162;6903;327.55;0.0;0.0;0.0;0.0;0.0;1993;False
1163;8635;409.73;0.0;0.0;0.0;0.0;0.0;1993;False
1164;1329;63.06;0.0;0.0;0.0;0.0;0.0;1993;False
1165;9433;447.6;0.0;0.0;0.0;0.0;0.0;1993;False
1166;4232;200.81;0.0;0.0;0.0;0.0;0.0;1993;False
1167;20347;965.47;0.0;0.0;0.0;0.0;0.0;1993;False
1168;11824;561.05;0.0;0.0;0.0;0.0;0.0;1993;False
1169;22103;1048.79;0.0;0.0;0.0;0.0;0.0;1993;False
1170;20482;971.87;0.0;0.0;0.0;0.0;0.0;1993;False
1171;38625;1832.76;0.0;0.0;0.0;0.0;0.0;1993;False
1172;13992;663.92;0.0;0.0;0.0;0.0;0.0;1993;False
1173;38025;1804.29;0.0;0.0;0.0;0.0;0.0;1993;False
1174;0;0.0;0.0;0.0;0.0;0.0;0.0;1993;False
1175;2858;135.61;0.0;0.0;0.0;0.0;0.0;1993;False
1176;22595;1072.13;0.0;0.0;0.0;0.0;0.0;1993;False
1177;2559;121.42;0.0;0.0;0.0;0.0;0.0;1993;False
1178;31723;1505.26;0.0;0.0;0.0;0.0;0.0;1993;False
1179;8226;390.32;0.0;0.0;0.0;0.0;0.0;1993;False
1180;3954;187.62;0.0;0.0;0.0;0.0;0.0;1993;False
1181;729;34.59;0.0;0.0;0.0;0.0;0.0;1993;False
1182;86404;4099.87;0.0;0.0;0.0;0.0;0.0;1993;False
1183;15019;712.65;0.0;0.0;0.0;0.0;0.0;1993;False
1184;6457;306.38;0.0;0.0;0.0;0.0;0.0;1993;False
1185;3609;171.25;0.0;0.0;0.0;0.0;0.0;1993;False
1186;3005;142.59;0.0;0.0;0.0;0.0;0.0;1993;False
1187;3158;149.85;0.0;0.0;0.0;0.0;0.0;1993;False
1188;31842;1510.9;0.0;0.0;0.0;0.0;0.0;1993;False
1189;3386;160.67;0.0;0.0;0.0;0.0;0.0;1993;False
1190;4179;198.29;0.0;0.0;0.0;0.0;0.0;1993;False
1191;0;0.0;0.0;0.0;0.0;0.0;0.0;1993;False
1192;3570;169.4;0.0;0.0;0.0;0.0;0.0;1993;False
1193;4574;217.04;0.0;0.0;0.0;0.0;0.0;1993;False
1194;15874;753.22;0.0;0.0;0.0;0.0;0.0;1993;False
1195;3138;148.9;0.0;0.0;0.0;0.0;0.0;1993;False
1196;1893;89.82;0.0;0.0;0.0;0.0;0.0;1993;False
1197;34116;1618.8;0.0;0.0;0.0;0.0;0.0;1993;False
1198;9535;452.44;0.0;0.0;0.0;0.0;0.0;1993;False
1199;5272;250.16;0.0;0.0;0.0;0.0;0.0;1993;False
1200;4716;223.77;0.0;0.0;0.0;0.0;0.0;1993;False
1201;1636;77.63;0.0;0.0;0.0;0.0;0.0;1993;False
1202;22538;1069.43;0.0;0.0;0.0;0.0;0.0;1993;False
1203;3933;186.62;0.0;0.0;0.0;0.0;0.0;1993;False
1204;17254;818.7;0.0;0.0;0.0;0.0;0.0;1993;False
1205;2599;123.32;0.0;0.0;0.0;0.0;0.0;1993;False
1206;0;0.0;0.0;0.0;0.0;0.0;0.0;1993;False
1207;9969;473.03;0.0;0.0;0.0;0.0;0.0;1993;False
1208;22967;1089.78;0.0;0.0;0.0;0.0;0.0;1993;False
1209;7481;354.97;0.0;0.0;0.0;0.0;0.0;1993;False
1210;16315;774.15;0.0;0.0;0.0;0.0;0.0;1993;False
1211;5272;250.16;0.0;0.0;0.0;0.0;0.0;1993;False
1212;2491;118.2;0.0;0.0;0.0;0.0;0.0;1993;False
1213;3555;168.68;0.0;0.0;0.0;0.0;0.0;1993;False
1214;1265;60.02;0.0;0.0;0.0;0.0;0.0;1993;False
1215;3316;157.34;0.0;0.0;0.0;0.0;0.0;1993;False
1216;2048;97.18;0.0;0.0;0.0;0.0;0.0;1993;False
1217;51951;2465.07;0.0;0.0;0.0;0.0;0.0;1993;False
1218;3521;167.07;0.0;0.0;0.0;0.0;0.0;1993;False
1219;4705;223.25;0.0;0.0;0.0;0.0;0.0;1993;False
1220;2185;103.68;0.0;0.0;0.0;0.0;0.0;1993;False
1221;2760;130.96;0.0;0.0;0.0;0.0;0.0;1993;False
1222;32599;1546.82;0.0;0.0;0.0;0.0;0.0;1993;False
1223;12699;602.57;0.0;0.0;0.0;0.0;0.0;1993;False
1224;2469;117.15;0.0;0.0;0.0;0.0;0.0;1993;False
1225;0;0.0;0.0;0.0;0.0;0.0;0.0;1993;False
1226;2983;141.54;0.0;0.0;0.0;0.0;0.0;1993;False
1227;8369;397.11;0.0;0.0;0.0;0.0;0.0;1993;False
1228;4948;234.78;0.0;0.0;0.0;0.0;0.0;1993;False
1229;2728;129.44;0.0;0.0;0.0;0.0;0.0;1993;False
1230;0;0.0;0.0;0.0;0.0;0.0;0.0;1993;False
985;0;0.0;0.0;0.0;0.0;0.0;0.0;1992;False
986;8526;404.56;0.0;0.0;0.0;0.0;0.0;1992;False
987;13111;622.12;0.0;0.0;0.0;0.0;0.0;1992;False
988;2110;100.12;0.0;0.0;0.0;0.0;0.0;1992;False
989;3601;170.87;0.0;0.0;0.0;0.0;0.0;1992;False
990;1733;82.23;0.0;0.0;0.0;0.0;0.0;1992;False
991;0;0.0;0.0;0.0;0.0;0.0;0.0;1992;False
992;15416;731.49;0.0;0.0;0.0;0.0;0.0;1992;False
993;1785;84.7;0.0;0.0;0.0;0.0;0.0;1992;False
994;1935;91.82;0.0;0.0;0.0;0.0;0.0;1992;False
995;3820;181.26;0.0;0.0;0.0;0.0;0.0;1992;False
996;6732;319.43;0.0;0.0;0.0;0.0;0.0;1992;False
997;0;0.0;0.0;0.0;0.0;0.0;0.0;1992;False
998;4370;207.36;0.0;0.0;0.0;0.0;0.0;1992;False
999;3923;186.15;0.0;0.0;0.0;0.0;0.0;1992;False
1000;220972;10485.12;0.0;0.0;0.0;0.0;0.0;1992;False
1001;793;37.63;0.0;0.0;0.0;0.0;0.0;1992;False
1002;16472;781.6;0.0;0.0;0.0;0.0;0.0;1992;False
1003;172821;8200.36;0.0;0.0;0.0;0.0;0.0;1992;False
1004;1722;81.71;0.0;0.0;0.0;0.0;0.0;1992;False
1005;3071;145.72;0.0;0.0;0.0;0.0;0.0;1992;False
1006;3321;157.58;0.0;0.0;0.0;0.0;0.0;1992;False
1007;12803;607.5;0.0;0.0;0.0;0.0;0.0;1992;False
1008;4555;216.13;0.0;0.0;0.0;0.0;0.0;1992;False
1009;6744;320.0;0.0;0.0;0.0;0.0;0.0;1992;False
1010;3672;174.24;0.0;0.0;0.0;0.0;0.0;1992;False
1011;4547;215.76;0.0;0.0;0.0;0.0;0.0;1992;False
1012;3780;179.36;0.0;0.0;0.0;0.0;0.0;1992;False
1013;2052;97.37;0.0;0.0;0.0;0.0;0.0;1992;False
1014;3833;181.88;0.0;0.0;0.0;0.0;0.0;1992;False
1015;8814;418.22;0.0;0.0;0.0;0.0;0.0;1992;False
1016;13969;662.83;0.0;0.0;0.0;0.0;0.0;1992;False
1017;7292;346.01;0.0;0.0;0.0;0.0;0.0;1992;False
1018;12577;596.78;0.0;0.0;0.0;0.0;0.0;1992;False
1019;3088;146.53;0.0;0.0;0.0;0.0;0.0;1992;False
1020;0;0.0;0.0;0.0;0.0;0.0;0.0;1992;False
1021;2110;100.12;0.0;0.0;0.0;0.0;0.0;1992;False
1022;4353;206.55;0.0;0.0;0.0;0.0;0.0;1992;False
1023;7708;365.74;0.0;0.0;0.0;0.0;0.0;1992;False
1024;1824;86.55;0.0;0.0;0.0;0.0;0.0;1992;False
1025;2845;135.0;0.0;0.0;0.0;0.0;0.0;1992;False
1026;5898;279.86;0.0;0.0;0.0;0.0;0.0;1992;False
1027;7634;362.23;0.0;0.0;0.0;0.0;0.0;1992;False
1028;1313;62.3;0.0;0.0;0.0;0.0;0.0;1992;False
1029;7783;369.3;0.0;0.0;0.0;0.0;0.0;1992;False
1030;10157;481.95;0.0;0.0;0.0;0.0;0.0;1992;False
1031;12302;583.73;0.0;0.0;0.0;0.0;0.0;1992;False
1032;22510;1068.1;0.0;0.0;0.0;0.0;0.0;1992;False
1033;1761;83.56;0.0;0.0;0.0;0.0;0.0;1992;False
1034;2088;99.08;0.0;0.0;0.0;0.0;0.0;1992;False
1035;3975;188.61;0.0;0.0;0.0;0.0;0.0;1992;False
1036;7485;355.16;0.0;0.0;0.0;0.0;0.0;1992;False
1037;4107;194.88;0.0;0.0;0.0;0.0;0.0;1992;False
1038;0;0.0;0.0;0.0;0.0;0.0;0.0;1992;False
1039;13785;654.1;0.0;0.0;0.0;0.0;0.0;1992;False
1040;15564;738.51;0.0;0.0;0.0;0.0;0.0;1992;False
1041;9580;454.57;0.0;0.0;0.0;0.0;0.0;1992;False
1042;2899;137.56;0.0;0.0;0.0;0.0;0.0;1992;False
1043;50974;2418.72;0.0;0.0;0.0;0.0;0.0;1992;False
1044;3754;178.13;0.0;0.0;0.0;0.0;0.0;1992;False
1045;7383;350.32;0.0;0.0;0.0;0.0;0.0;1992;False
1046;20669;980.74;0.0;0.0;0.0;0.0;0.0;1992;False
1047;5326;252.72;0.0;0.0;0.0;0.0;0.0;1992;False
1048;1546;73.36;0.0;0.0;0.0;0.0;0.0;1992;False
1049;27720;1315.31;0.0;0.0;0.0;0.0;0.0;1992;False
1050;9349;443.61;0.0;0.0;0.0;0.0;0.0;1992;False
1051;3215;152.55;0.0;0.0;0.0;0.0;0.0;1992;False
1052;2910;138.08;0.0;0.0;0.0;0.0;0.0;1992;False
1053;8396;398.39;0.0;0.0;0.0;0.0;0.0;1992;False
1054;4872;231.18;0.0;0.0;0.0;0.0;0.0;1992;False
1055;23301;1105.63;0.0;0.0;0.0;0.0;0.0;1992;False
1056;2199;104.34;0.0;0.0;0.0;0.0;0.0;1992;False
1057;17617;835.93;0.0;0.0;0.0;0.0;0.0;1992;False
1058;3068;145.58;0.0;0.0;0.0;0.0;0.0;1992;False
1059;2555;121.23;0.0;0.0;0.0;0.0;0.0;1992;False
1060;3318;157.44;0.0;0.0;0.0;0.0;0.0;1992;False
1061;2374;112.65;0.0;0.0;0.0;0.0;0.0;1992;False
1062;1875;88.97;0.0;0.0;0.0;0.0;0.0;1992;False
1063;2328;110.46;0.0;0.0;0.0;0.0;0.0;1992;False
1064;4586;217.61;0.0;0.0;0.0;0.0;0.0;1992;False
1065;9483;449.97;0.0;0.0;0.0;0.0;0.0;1992;False
1066;3738;177.37;0.0;0.0;0.0;0.0;0.0;1992;False
1067;8085;383.63;0.0;0.0;0.0;0.0;0.0;1992;False
1068;3095;146.86;0.0;0.0;0.0;0.0;0.0;1992;False
1069;7113;337.51;0.0;0.0;0.0;0.0;0.0;1992;False
1070;6375;302.49;0.0;0.0;0.0;0.0;0.0;1992;False
1071;8781;416.66;0.0;0.0;0.0;0.0;0.0;1992;False
1072;4684;222.26;0.0;0.0;0.0;0.0;0.0;1992;False
1073;56258;2669.44;0.0;0.0;0.0;0.0;0.0;1992;False
1074;5456;258.89;0.0;0.0;0.0;0.0;0.0;1992;False
1075;0;0.0;0.0;0.0;0.0;0.0;0.0;1992;False
1076;6732;319.43;0.0;0.0;0.0;0.0;0.0;1992;False
1077;4832;229.28;0.0;0.0;0.0;0.0;0.0;1992;False
1078;40646;1928.65;0.0;0.0;0.0;0.0;0.0;1992;False
1079;849409;40304.46;0.0;0.0;0.0;0.0;0.0;1992;False
1080;10162;482.19;0.0;0.0;0.0;0.0;0.0;1992;False
1081;25134;1192.61;0.0;0.0;0.0;0.0;0.0;1992;False
1082;29717;1410.07;0.0;0.0;0.0;0.0;0.0;1992;False
1083;3635;172.48;0.0;0.0;0.0;0.0;0.0;1992;False
1084;10740;509.61;0.0;0.0;0.0;0.0;0.0;1992;False
1085;2468;117.11;0.0;0.0;0.0;0.0;0.0;1992;False
1086;5200;246.74;0.0;0.0;0.0;0.0;0.0;1992;False
1087;3388;160.76;0.0;0.0;0.0;0.0;0.0;1992;False
1088;2662;126.31;0.0;0.0;0.0;0.0;0.0;1992;False
1089;9345;443.42;0.0;0.0;0.0;0.0;0.0;1992;False
1090;4508;213.9;0.0;0.0;0.0;0.0;0.0;1992;False
1091;8893;421.97;0.0;0.0;0.0;0.0;0.0;1992;False
1092;4533;215.09;0.0;0.0;0.0;0.0;0.0;1992;False
1093;9161;434.69;0.0;0.0;0.0;0.0;0.0;1992;False
1094;35009;1661.18;0.0;0.0;0.0;0.0;0.0;1992;False
1095;18787;891.44;0.0;0.0;0.0;0.0;0.0;1992;False
1096;0;0.0;0.0;0.0;0.0;0.0;0.0;1992;False
1097;27160;1288.74;0.0;0.0;0.0;0.0;0.0;1992;False
1098;2969;140.88;0.0;0.0;0.0;0.0;0.0;1992;False
1099;22250;1055.76;0.0;0.0;0.0;0.0;0.0;1992;False
1100;3629;172.2;0.0;0.0;0.0;0.0;0.0;1992;False
1101;5708;270.84;0.0;0.0;0.0;0.0;0.0;1992;False
1102;5486;260.31;0.0;0.0;0.0;0.0;0.0;1992;False
1103;11573;549.14;0.0;0.0;0.0;0.0;0.0;1992;False
1104;8055;382.21;0.0;0.0;0.0;0.0;0.0;1992;False
1105;25775;1223.02;0.0;0.0;0.0;0.0;0.0;1992;False
1106;5318;252.34;0.0;0.0;0.0;0.0;0.0;1992;False
1107;7693;365.03;0.0;0.0;0.0;0.0;0.0;1992;False
1108;68220;3237.04;0.0;0.0;0.0;0.0;0.0;1992;False
1109;2668;126.6;0.0;0.0;0.0;0.0;0.0;1992;False
1110;5824;276.35;0.0;0.0;0.0;0.0;0.0;1992;False
1111;25116;1191.75;0.0;0.0;0.0;0.0;0.0;1992;False
1112;57322;2719.93;0.0;0.0;0.0;0.0;0.0;1992;False
1113;2880;136.66;0.0;0.0;0.0;0.0;0.0;1992;False
1114;1862;88.35;0.0;0.0;0.0;0.0;0.0;1992;False
1115;5918;280.81;0.0;0.0;0.0;0.0;0.0;1992;False
1116;19149;908.62;0.0;0.0;0.0;0.0;0.0;1992;False
1117;0;0.0;0.0;0.0;0.0;0.0;0.0;1992;False
1118;6824;323.8;0.0;0.0;0.0;0.0;0.0;1992;False
1119;170731;8101.19;0.0;0.0;0.0;0.0;0.0;1992;False
1120;2394;113.6;0.0;0.0;0.0;0.0;0.0;1992;False
1121;3679;174.57;0.0;0.0;0.0;0.0;0.0;1992;False
1122;14248;676.07;0.0;0.0;0.0;0.0;0.0;1992;False
1123;1303;61.83;0.0;0.0;0.0;0.0;0.0;1992;False
1124;3534;167.69;0.0;0.0;0.0;0.0;0.0;1992;False
1125;6722;318.96;0.0;0.0;0.0;0.0;0.0;1992;False
1126;3309;157.01;0.0;0.0;0.0;0.0;0.0;1992;False
1127;29563;1402.76;0.0;0.0;0.0;0.0;0.0;1992;False
1128;29023;1377.14;0.0;0.0;0.0;0.0;0.0;1992;False
1129;1993;94.57;0.0;0.0;0.0;0.0;0.0;1992;False
1130;7355;348.99;0.0;0.0;0.0;0.0;0.0;1992;False
1131;7520;356.82;0.0;0.0;0.0;0.0;0.0;1992;False
1132;5032;238.77;0.0;0.0;0.0;0.0;0.0;1992;False
1133;2182;103.54;0.0;0.0;0.0;0.0;0.0;1992;False
1134;29403;1395.17;0.0;0.0;0.0;0.0;0.0;1992;False
1135;2237;106.15;0.0;0.0;0.0;0.0;0.0;1992;False
1136;6220;295.14;0.0;0.0;0.0;0.0;0.0;1992;False
1137;9214;437.2;0.0;0.0;0.0;0.0;0.0;1992;False
1138;4930;233.93;0.0;0.0;0.0;0.0;0.0;1992;False
1139;3593;170.49;0.0;0.0;0.0;0.0;0.0;1992;False
1140;5695;270.23;0.0;0.0;0.0;0.0;0.0;1992;False
1141;12042;571.39;0.0;0.0;0.0;0.0;0.0;1992;False
1142;37302;1769.98;0.0;0.0;0.0;0.0;0.0;1992;False
1143;1725;81.85;0.0;0.0;0.0;0.0;0.0;1992;False
1144;1656;78.58;0.0;0.0;0.0;0.0;0.0;1992;False
1145;10330;490.16;0.0;0.0;0.0;0.0;0.0;1992;False
1146;7506;356.16;0.0;0.0;0.0;0.0;0.0;1992;False
1147;3017;143.16;0.0;0.0;0.0;0.0;0.0;1992;False
1148;4307;204.37;0.0;0.0;0.0;0.0;0.0;1992;False
1149;4512;214.09;0.0;0.0;0.0;0.0;0.0;1992;False
1150;4314;204.7;0.0;0.0;0.0;0.0;0.0;1992;False
1151;0;0.0;0.0;0.0;0.0;0.0;0.0;1992;False
1152;4067;192.98;0.0;0.0;0.0;0.0;0.0;1992;False
1153;11300;536.19;0.0;0.0;0.0;0.0;0.0;1992;False
1154;3878;184.01;0.0;0.0;0.0;0.0;0.0;1992;False
1155;3382;160.48;0.0;0.0;0.0;0.0;0.0;1992;False
1156;15163;719.48;0.0;0.0;0.0;0.0;0.0;1992;False
1157;2814;133.52;0.0;0.0;0.0;0.0;0.0;1992;False
1158;14937;708.76;0.0;0.0;0.0;0.0;0.0;1992;False
1159;1941;92.1;0.0;0.0;0.0;0.0;0.0;1992;False
1160;3213;152.46;0.0;0.0;0.0;0.0;0.0;1992;False
1161;2218;105.24;0.0;0.0;0.0;0.0;0.0;1992;False
1162;6834;324.27;0.0;0.0;0.0;0.0;0.0;1992;False
1163;8710;413.29;0.0;0.0;0.0;0.0;0.0;1992;False
1164;1314;62.35;0.0;0.0;0.0;0.0;0.0;1992;False
1165;9580;454.57;0.0;0.0;0.0;0.0;0.0;1992;False
1166;4289;203.51;0.0;0.0;0.0;0.0;0.0;1992;False
1167;20269;961.76;0.0;0.0;0.0;0.0;0.0;1992;False
1168;11711;555.69;0.0;0.0;0.0;0.0;0.0;1992;False
1169;22286;1057.47;0.0;0.0;0.0;0.0;0.0;1992;False
1170;20179;957.49;0.0;0.0;0.0;0.0;0.0;1992;False
1171;37598;1784.03;0.0;0.0;0.0;0.0;0.0;1992;False
1172;13956;662.21;0.0;0.0;0.0;0.0;0.0;1992;False
1173;37564;1782.41;0.0;0.0;0.0;0.0;0.0;1992;False
1174;0;0.0;0.0;0.0;0.0;0.0;0.0;1992;False
1175;2783;132.05;0.0;0.0;0.0;0.0;0.0;1992;False
1176;21971;1042.52;0.0;0.0;0.0;0.0;0.0;1992;False
1177;2549;120.95;0.0;0.0;0.0;0.0;0.0;1992;False
1178;31364;1488.22;0.0;0.0;0.0;0.0;0.0;1992;False
1179;8153;386.86;0.0;0.0;0.0;0.0;0.0;1992;False
1180;3906;185.34;0.0;0.0;0.0;0.0;0.0;1992;False
1181;740;35.11;0.0;0.0;0.0;0.0;0.0;1992;False
1182;83771;3974.93;0.0;0.0;0.0;0.0;0.0;1992;False
1183;15040;713.65;0.0;0.0;0.0;0.0;0.0;1992;False
1184;6533;309.99;0.0;0.0;0.0;0.0;0.0;1992;False
1185;3561;168.97;0.0;0.0;0.0;0.0;0.0;1992;False
1186;2980;141.4;0.0;0.0;0.0;0.0;0.0;1992;False
1187;3170;150.42;0.0;0.0;0.0;0.0;0.0;1992;False
1188;31014;1471.61;0.0;0.0;0.0;0.0;0.0;1992;False
1189;3423;162.42;0.0;0.0;0.0;0.0;0.0;1992;False
1190;4148;196.82;0.0;0.0;0.0;0.0;0.0;1992;False
1191;0;0.0;0.0;0.0;0.0;0.0;0.0;1992;False
1192;3578;169.78;0.0;0.0;0.0;0.0;0.0;1992;False
1193;4585;217.56;0.0;0.0;0.0;0.0;0.0;1992;False
1194;15484;734.72;0.0;0.0;0.0;0.0;0.0;1992;False
1195;3042;144.34;0.0;0.0;0.0;0.0;0.0;1992;False
1196;1851;87.83;0.0;0.0;0.0;0.0;0.0;1992;False
1197;32162;1526.09;0.0;0.0;0.0;0.0;0.0;1992;False
1198;9422;447.07;0.0;0.0;0.0;0.0;0.0;1992;False
1199;5339;253.34;0.0;0.0;0.0;0.0;0.0;1992;False
1200;4683;222.21;0.0;0.0;0.0;0.0;0.0;1992;False
1201;1655;78.53;0.0;0.0;0.0;0.0;0.0;1992;False
1202;22558;1070.38;0.0;0.0;0.0;0.0;0.0;1992;False
1203;3861;183.2;0.0;0.0;0.0;0.0;0.0;1992;False
1204;17274;819.65;0.0;0.0;0.0;0.0;0.0;1992;False
1205;2579;122.37;0.0;0.0;0.0;0.0;0.0;1992;False
1206;0;0.0;0.0;0.0;0.0;0.0;0.0;1992;False
1207;9965;472.84;0.0;0.0;0.0;0.0;0.0;1992;False
1208;22381;1061.98;0.0;0.0;0.0;0.0;0.0;1992;False
1209;7285;345.67;0.0;0.0;0.0;0.0;0.0;1992;False
1210;16290;772.96;0.0;0.0;0.0;0.0;0.0;1992;False
1211;5150;244.37;0.0;0.0;0.0;0.0;0.0;1992;False
1212;2488;118.06;0.0;0.0;0.0;0.0;0.0;1992;False
1213;3607;171.15;0.0;0.0;0.0;0.0;0.0;1992;False
1214;1253;59.45;0.0;0.0;0.0;0.0;0.0;1992;False
1215;3240;153.74;0.0;0.0;0.0;0.0;0.0;1992;False
1216;2046;97.08;0.0;0.0;0.0;0.0;0.0;1992;False
1217;50454;2394.04;0.0;0.0;0.0;0.0;0.0;1992;False
1218;3570;169.4;0.0;0.0;0.0;0.0;0.0;1992;False
1219;4773;226.48;0.0;0.0;0.0;0.0;0.0;1992;False
1220;2185;103.68;0.0;0.0;0.0;0.0;0.0;1992;False
1221;2732;129.63;0.0;0.0;0.0;0.0;0.0;1992;False
1222;31728;1505.49;0.0;0.0;0.0;0.0;0.0;1992;False
1223;12606;598.15;0.0;0.0;0.0;0.0;0.0;1992;False
1224;2507;118.96;0.0;0.0;0.0;0.0;0.0;1992;False
1225;0;0.0;0.0;0.0;0.0;0.0;0.0;1992;False
1226;3034;143.96;0.0;0.0;0.0;0.0;0.0;1992;False
1227;8247;391.32;0.0;0.0;0.0;0.0;0.0;1992;False
1228;4861;230.65;0.0;0.0;0.0;0.0;0.0;1992;False
1229;2656;126.03;0.0;0.0;0.0;0.0;0.0;1992;False
1230;0;0.0;0.0;0.0;0.0;0.0;0.0;1992;False
